target_id,pair_id,family,gene_name,uniprot_id,pdb_id,pdb_chain,af2_pdb,experimental_pdb,state,state_label,substrate,substrate_class,ligand_ccd,ligand_sdf,reference_ligand_sdf,has_tonb,tonb_chain,resolution,method,region_annotation_json,split,notes,task_type,evidence_level,label_weight,source_db,source_query,rcsb_polymer_entity_id,sequence_length,reference_coverage,mutation_count,deletion_count,split_group_id,af_version,download_status
tbdt_p76115,tbdt_p76115_6v81_a,tbdt,,P76115,6V81,A,raw_af2/AF-P76115-F1-model_v6.pdb,raw_pdb/6V81.pdb,substrate_bound,substrate_bound,unknown_siderophore,unknown_siderophore,CA,,,false,,2.957,X-RAY DIFFRACTION,,train,gold candidate from RCSB:TBDT_Pfam_InterPro_text; region annotation required before supervised displacement use.,gold_displacement,gold,1.0,RCSB,RCSB:TBDT_Pfam_InterPro_text,6V81_1,700,1.0,0,0,P76115,6,pdb:exists;afdb:exists
tbdt_p16869,tbdt_p16869_6e4v_a,tbdt,,P16869,6E4V,A,raw_af2/AF-P16869-F1-model_v6.pdb,raw_pdb/6E4V.pdb,substrate_bound,substrate_bound,unknown_siderophore,unknown_siderophore,,,,false,,2.0,X-RAY DIFFRACTION,,train,gold candidate from RCSB:TBDT_Pfam_InterPro_text; region annotation required before supervised displacement use.,gold_displacement,gold,1.0,RCSB,RCSB:TBDT_Pfam_InterPro_text,6E4V_1,693,0.9506172839506173,0,0,P16869,6,pdb:exists;afdb:exists
tbdt_a0a0c7cqy7,tbdt_a0a0c7cqy7_8b43_a,tbdt,,A0A0C7CQY7,8B43,A,raw_af2/AF-A0A0C7CQY7-F1-model_v6.pdb,raw_pdb/8B43.pdb,substrate_bound,substrate_bound,unknown_siderophore,unknown_siderophore,FE;OX8,,,false,,2.49,X-RAY DIFFRACTION,,train,gold candidate from RCSB:TBDT_Pfam_InterPro_text; region annotation required before supervised displacement use.,gold_displacement,gold,1.0,RCSB,RCSB:TBDT_Pfam_InterPro_text,8B43_1,820,1.0,0,0,A0A0C7CQY7,6,pdb:exists;afdb:exists
tbdt_q841a2,tbdt_q841a2_4b7o_a,tbdt,,Q841A2,4B7O,A,raw_af2/AF-Q841A2-F1-model_v6.pdb,raw_pdb/4B7O.pdb,apo,apo,none,none,,,,false,,2.32,X-RAY DIFFRACTION,,val,gold candidate from RCSB:TBDT_Pfam_InterPro_text; region annotation required before supervised displacement use.,gold_displacement,gold,1.0,RCSB,RCSB:TBDT_Pfam_InterPro_text,4B7O_1,745,1.0,0,0,Q841A2,6,pdb:exists;afdb:exists
fepa_q05098,fepa_q05098_6z2n_aaa,fepa,fepa,Q05098,6Z2N,AAA,raw_af2/AF-Q05098-F1-model_v6.pdb,raw_pdb/6Z2N.cif,substrate_bound,substrate_bound,enterobactin,enterobactin,EDO;FE;Q5N,,,false,,3.029,X-RAY DIFFRACTION,,train,gold candidate from RCSB:TBDT_Pfam_InterPro_text; region annotation required before supervised displacement use.,gold_displacement,gold,1.0,RCSB,RCSB:TBDT_Pfam_InterPro_text,6Z2N_1,724,0.9664879356568364,0,0,Q05098,6,cif:downloaded;afdb:exists
fepa_q05098,fepa_q05098_6y47_a,fepa,fepa,Q05098,6Y47,A,raw_af2/AF-Q05098-F1-model_v6.pdb,raw_pdb/6Y47.pdb,substrate_bound,substrate_bound,enterobactin,enterobactin,EDO;FE;OWT,,,false,,3.04,X-RAY DIFFRACTION,,train,gold candidate from RCSB:TBDT_Pfam_InterPro_text; region annotation required before supervised displacement use.,gold_displacement,gold,1.0,RCSB,RCSB:TBDT_Pfam_InterPro_text,6Y47_1,724,0.9664879356568364,0,0,Q05098,6,pdb:exists;afdb:exists
fyua_p46359,fyua_p46359_4epa_a,fyua,fyua,P46359,4EPA,A,raw_af2/AF-P46359-F1-model_v6.pdb,raw_pdb/4EPA.pdb,apo,apo,none,none,,,,false,,3.2,X-RAY DIFFRACTION,,train,gold candidate from RCSB:TBDT_Pfam_InterPro_text; region annotation required before supervised displacement use.,gold_displacement,gold,1.0,RCSB,RCSB:TBDT_Pfam_InterPro_text,4EPA_1,655,0.9673105497771174,0,0,P46359,6,pdb:exists;afdb:exists
tbdt_q51162,tbdt_q51162_4aip_a,tbdt,,Q51162,4AIP,A,raw_af2/AF-Q51162-F1-model_v6.pdb,raw_pdb/4AIP.pdb,apo,apo,none,none,,,,false,,2.4,X-RAY DIFFRACTION,,train,gold candidate from RCSB:TBDT_Pfam_InterPro_text; region annotation required before supervised displacement use.,gold_displacement,gold,1.0,RCSB,RCSB:TBDT_Pfam_InterPro_text,4AIP_1,742,0.9694444444444444,0,0,Q51162,6,pdb:exists;afdb:exists
tbdt_d0cah3,tbdt_d0cah3_5fp1_a,tbdt,,D0CAH3,5FP1,A,raw_af2/AF-D0CAH3-F1-model_v6.pdb,raw_pdb/5FP1.pdb,substrate_bound,substrate_bound,unknown_siderophore,unknown_siderophore,,,,false,,1.94,X-RAY DIFFRACTION,,train,gold candidate from RCSB:TBDT_Pfam_InterPro_text; region annotation required before supervised displacement use.,gold_displacement,gold,1.0,RCSB,RCSB:TBDT_Pfam_InterPro_text,5FP1_1,718,0.9623149394347241,0,0,D0CAH3,6,pdb:exists;afdb:exists
fepa_d0c8v9,fepa_d0c8v9_5fr8_a,fepa,fepa,D0C8V9,5FR8,A,raw_af2/AF-D0C8V9-F1-model_v6.pdb,raw_pdb/5FR8.pdb,substrate_bound,substrate_bound,enterobactin,enterobactin,,,,false,,2.83,X-RAY DIFFRACTION,,test,gold candidate from RCSB:TBDT_Pfam_InterPro_text; region annotation required before supervised displacement use.,gold_displacement,gold,1.0,RCSB,RCSB:TBDT_Pfam_InterPro_text,5FR8_1,733,0.9681697612732095,0,0,D0C8V9,6,pdb:exists;afdb:exists
fhua_p06971,fhua_p06971_8a60_a,fhua,fhua,P06971,8A60,A,raw_af2/AF-P06971-F1-model_v6.pdb,raw_pdb/8A60.cif,substrate_bound,substrate_bound,ferrichrome,ferrichrome,,,,false,,3.37,X-RAY DIFFRACTION,,val,gold candidate from RCSB:TBDT_Pfam_InterPro_text; region annotation required before supervised displacement use.,gold_displacement,gold,1.0,RCSB,RCSB:TBDT_Pfam_InterPro_text,8A60_1,716,0.9558232931726908,0,0,P06971,6,cif:downloaded;afdb:exists
tbdt_q9i116,tbdt_q9i116_6i97_a,tbdt,,Q9I116,6I97,A,raw_af2/AF-Q9I116-F1-model_v6.pdb,raw_pdb/6I97.pdb,substrate_bound,substrate_bound,unknown_siderophore,unknown_siderophore,,,,false,,3.35,X-RAY DIFFRACTION,,train,gold candidate from RCSB:TBDT_Pfam_InterPro_text; region annotation required before supervised displacement use.,gold_displacement,gold,1.0,RCSB,RCSB:TBDT_Pfam_InterPro_text,6I97_1,768,0.9365853658536586,0,0,Q9I116,6,pdb:exists;afdb:exists
tbdt_c5i2d9,tbdt_c5i2d9_3qlb_a,tbdt,,C5I2D9,3QLB,A,raw_af2/AF-C5I2D9-F1-model_v6.pdb,raw_pdb/3QLB.pdb,substrate_bound,substrate_bound,ferric_citrate,ferric_citrate,CIT;EFE,,,false,,3.26,X-RAY DIFFRACTION,,test,gold candidate from RCSB:TBDT_Pfam_InterPro_text; region annotation required before supervised displacement use.,gold_displacement,gold,1.0,RCSB,RCSB:TBDT_Pfam_InterPro_text,3QLB_1,748,1.0,0,0,C5I2D9,6,pdb:exists;afdb:exists
tbdt_g3xcy8,tbdt_g3xcy8_5fok_a,tbdt,,G3XCY8,5FOK,A,raw_af2/AF-G3XCY8-F1-model_v6.pdb,raw_pdb/5FOK.pdb,substrate_bound,substrate_bound,unknown_siderophore,unknown_siderophore,C8E;NA,,,false,,1.9,X-RAY DIFFRACTION,,val,gold candidate from RCSB:TBDT_Pfam_InterPro_text; region annotation required before supervised displacement use.,gold_displacement,gold,1.0,RCSB,RCSB:TBDT_Pfam_InterPro_text,5FOK_1,730,0.952191235059761,0,0,G3XCY8,6,pdb:exists;afdb:exists
tbdt_q9x6a5,tbdt_q9x6a5_3efm_a,tbdt,,Q9X6A5,3EFM,A,raw_af2/AF-Q9X6A5-F1-model_v6.pdb,raw_pdb/3EFM.pdb,apo,apo,none,none,,,,false,,2.33,X-RAY DIFFRACTION,,train,gold candidate from RCSB:TBDT_Pfam_InterPro_text; region annotation required before supervised displacement use.,gold_displacement,gold,1.0,RCSB,RCSB:TBDT_Pfam_InterPro_text,3EFM_1,707,0.952316076294278,0,0,Q9X6A5,6,pdb:exists;afdb:exists
fepa_q9i527,fepa_q9i527_5fp2_a,fepa,fepa,Q9I527,5FP2,A,raw_af2/AF-Q9I527-F1-model_v6.pdb,raw_pdb/5FP2.pdb,substrate_bound,substrate_bound,enterobactin,enterobactin,,,,false,,2.97,X-RAY DIFFRACTION,,train,gold candidate from RCSB:TBDT_Pfam_InterPro_text; region annotation required before supervised displacement use.,gold_displacement,gold,1.0,RCSB,RCSB:TBDT_Pfam_InterPro_text,5FP2_1,725,0.9622641509433962,0,0,Q9I527,6,pdb:exists;afdb:exists
tbdt_p75780,tbdt_p75780_6bpm_a,tbdt,,P75780,6BPM,A,raw_af2/AF-P75780-F1-model_v6.pdb,raw_pdb/6BPM.pdb,substrate_bound,substrate_bound,unknown_siderophore,unknown_siderophore,,,,false,,2.5,X-RAY DIFFRACTION,,train,gold candidate from RCSB:TBDT_Pfam_InterPro_text; region annotation required before supervised displacement use.,gold_displacement,gold,1.0,RCSB,RCSB:TBDT_Pfam_InterPro_text,6BPM_1,727,0.9565789473684211,0,0,P75780,6,pdb:exists;afdb:exists
fhua_p06971,fhua_p06971_2grx_a,fhua,fhua,P06971,2GRX,A,raw_af2/AF-P06971-F1-model_v6.pdb,raw_pdb/2GRX.pdb,substrate_bound,substrate_bound,ferrichrome,ferrichrome,DAO;EAP;FTT;MYR;PO4,,,false,,3.3,X-RAY DIFFRACTION,,val,gold candidate from RCSB:TBDT_Pfam_InterPro_text; region annotation required before supervised displacement use.,gold_displacement,gold,1.0,RCSB,RCSB:TBDT_Pfam_InterPro_text,2GRX_1,725,0.9558232931726908,0,0,P06971,6,pdb:exists;afdb:exists
fhua_p06971,fhua_p06971_8a8c_a,fhua,fhua,P06971,8A8C,A,raw_af2/AF-P06971-F1-model_v6.pdb,raw_pdb/8A8C.pdb,substrate_bound,substrate_bound,ferrichrome,ferrichrome,,,,false,,3.1,ELECTRON MICROSCOPY,,val,gold candidate from RCSB:TBDT_Pfam_InterPro_text; region annotation required before supervised displacement use.,gold_displacement,gold,1.0,RCSB,RCSB:TBDT_Pfam_InterPro_text,8A8C_1,714,0.9558232931726908,0,0,P06971,6,pdb:exists;afdb:exists
fepa_q05098,fepa_q05098_5mzs_a,fepa,fepa,Q05098,5MZS,A,raw_af2/AF-Q05098-F1-model_v6.pdb,raw_pdb/5MZS.pdb,apo,apo,none,none,,,,false,,2.67,X-RAY DIFFRACTION,,train,gold candidate from RCSB:TBDT_Pfam_InterPro_text; region annotation required before supervised displacement use.,gold_displacement,gold,1.0,RCSB,RCSB:TBDT_Pfam_InterPro_text,5MZS_1,724,0.9664879356568364,2,0,Q05098,6,pdb:exists;afdb:exists
tbdt_p75780,tbdt_p75780_6bpn_a,tbdt,,P75780,6BPN,A,raw_af2/AF-P75780-F1-model_v6.pdb,raw_pdb/6BPN.pdb,substrate_bound,substrate_bound,unknown_siderophore,unknown_siderophore,,,,false,,2.1,X-RAY DIFFRACTION,,train,gold candidate from RCSB:TBDT_Pfam_InterPro_text; region annotation required before supervised displacement use.,gold_displacement,gold,1.0,RCSB,RCSB:TBDT_Pfam_InterPro_text,6BPN_1,727,0.9565789473684211,0,0,P75780,6,pdb:exists;afdb:exists
fepa_q05098,fepa_q05098_5nc4_a,fepa,fepa,Q05098,5NC4,A,raw_af2/AF-Q05098-F1-model_v6.pdb,raw_pdb/5NC4.pdb,substrate_bound,substrate_bound,enterobactin,enterobactin,8T2;FE,,,false,,2.8,X-RAY DIFFRACTION,,train,gold candidate from RCSB:TBDT_Pfam_InterPro_text; region annotation required before supervised displacement use.,gold_displacement,gold,1.0,RCSB,RCSB:TBDT_Pfam_InterPro_text,5NC4_1,724,0.9664879356568364,0,0,Q05098,6,pdb:exists;afdb:exists
fepa_q05098,fepa_q05098_7obw_aaa,fepa,fepa,Q05098,7OBW,AAA,raw_af2/AF-Q05098-F1-model_v6.pdb,raw_pdb/7OBW.cif,substrate_bound,substrate_bound,enterobactin,enterobactin,FE;V82,,,false,,2.66,X-RAY DIFFRACTION,,train,gold candidate from RCSB:TBDT_Pfam_InterPro_text; region annotation required before supervised displacement use.,gold_displacement,gold,1.0,RCSB,RCSB:TBDT_Pfam_InterPro_text,7OBW_1,721,0.9664879356568364,0,0,Q05098,6,cif:downloaded;afdb:exists
tbdt_q76hj9,tbdt_q76hj9_6hcp_a,tbdt,,Q76HJ9,6HCP,A,raw_af2/AF-Q76HJ9-F1-model_v6.pdb,raw_pdb/6HCP.pdb,apo,apo,none,none,,,,false,,1.83,X-RAY DIFFRACTION,,train,gold candidate from RCSB:TBDT_Pfam_InterPro_text; region annotation required before supervised displacement use.,gold_displacement,gold,1.0,RCSB,RCSB:TBDT_Pfam_InterPro_text,6HCP_1,706,0.9696551724137931,0,0,Q76HJ9,6,pdb:exists;afdb:exists
fepa_p05825,fepa_p05825_1fep_a,fepa,fepa,P05825,1FEP,A,raw_af2/AF-P05825-F1-model_v6.pdb,raw_pdb/1FEP.pdb,substrate_bound,substrate_bound,enterobactin,enterobactin,,,,false,,2.4,X-RAY DIFFRACTION,,test,gold candidate from RCSB:TBDT_Pfam_InterPro_text; region annotation required before supervised displacement use.,gold_displacement,gold,1.0,RCSB,RCSB:TBDT_Pfam_InterPro_text,1FEP_1,724,0.9705093833780161,11,0,P05825,6,pdb:exists;afdb:exists
tbdt_p42512,tbdt_p42512_1xkw_a,tbdt,,P42512,1XKW,A,raw_af2/AF-P42512-F1-model_v6.pdb,raw_pdb/1XKW.pdb,substrate_bound,substrate_bound,enterobactin,enterobactin,188;EDO,,,false,,2.0,X-RAY DIFFRACTION,,val,gold candidate from RCSB:TBDT_Pfam_InterPro_text; region annotation required before supervised displacement use.,gold_displacement,gold,1.0,RCSB,RCSB:TBDT_Pfam_InterPro_text,1XKW_1,665,0.9236111111111112,0,0,P42512,6,pdb:exists;afdb:exists
tbdt_p31827,tbdt_p31827_6ofr_a,tbdt,,P31827,6OFR,A,raw_af2/AF-P31827-F1-model_v6.pdb,raw_pdb/6OFR.pdb,apo,apo,none,none,MG,,,false,,2.4,X-RAY DIFFRACTION,,train,gold candidate from RCSB:TBDT_Pfam_InterPro_text; region annotation required before supervised displacement use.,gold_displacement,gold,1.0,RCSB,RCSB:TBDT_Pfam_InterPro_text,6OFR_1,762,0.9645569620253165,0,0,P31827,6,pdb:exists;afdb:exists
tbdt_p48632,tbdt_p48632_2iah_a,tbdt,,P48632,2IAH,A,raw_af2/AF-P48632-F1-model_v6.pdb,raw_pdb/2IAH.pdb,substrate_bound,substrate_bound,unknown_siderophore,unknown_siderophore,FE;PVE,,,false,,2.73,X-RAY DIFFRACTION,,train,gold candidate from RCSB:TBDT_Pfam_InterPro_text; region annotation required before supervised displacement use.,gold_displacement,gold,1.0,RCSB,RCSB:TBDT_Pfam_InterPro_text,2IAH_1,772,0.947239263803681,0,0,P48632,6,pdb:exists;afdb:exists
feca_p13036,feca_p13036_1kmo_a,feca,feca,P13036,1KMO,A,raw_af2/AF-P13036-F1-model_v6.pdb,raw_pdb/1KMO.pdb,substrate_bound,substrate_bound,ferric_citrate,ferric_citrate,,,,false,,2.0,X-RAY DIFFRACTION,,val,gold candidate from RCSB:TBDT_Pfam_InterPro_text; region annotation required before supervised displacement use.,gold_displacement,gold,1.0,RCSB,RCSB:TBDT_Pfam_InterPro_text,1KMO_1,774,1.0,0,0,P13036,6,pdb:exists;afdb:exists
tbdt_p72412,tbdt_p72412_3fhh_a,tbdt,,P72412,3FHH,A,raw_af2/AF-P72412-F1-model_v6.pdb,raw_pdb/3FHH.pdb,substrate_bound,substrate_bound,heme,heme,,,,false,,2.6,X-RAY DIFFRACTION,,train,gold candidate from RCSB:TBDT_Pfam_InterPro_text; region annotation required before supervised displacement use.,gold_displacement,gold,1.0,RCSB,RCSB:TBDT_Pfam_InterPro_text,3FHH_1,640,0.9696969696969697,0,0,P72412,6,pdb:exists;afdb:exists
tbdt_g3xd89,tbdt_g3xd89_6fok_a,tbdt,,G3XD89,6FOK,A,raw_af2/AF-G3XD89-F1-model_v6.pdb,raw_pdb/6FOK.pdb,substrate_bound,substrate_bound,unknown_siderophore,unknown_siderophore,CU,,,false,,1.97,X-RAY DIFFRACTION,,train,gold candidate from RCSB:TBDT_Pfam_InterPro_text; region annotation required before supervised displacement use.,gold_displacement,gold,1.0,RCSB,RCSB:TBDT_Pfam_InterPro_text,6FOK_1,723,1.0,0,0,G3XD89,6,pdb:exists;afdb:exists
feca_p13036,feca_p13036_1kmp_a,feca,feca,P13036,1KMP,A,raw_af2/AF-P13036-F1-model_v6.pdb,raw_pdb/1KMP.pdb,productive_substrate_bound,productive_substrate_bound,ferric_citrate,ferric_citrate,CIT;FE,,,false,,2.5,X-RAY DIFFRACTION,,val,gold candidate from RCSB:TBDT_Pfam_InterPro_text; region annotation required before supervised displacement use.,gold_displacement,gold,1.0,RCSB,RCSB:TBDT_Pfam_InterPro_text,1KMP_1,774,1.0,0,0,P13036,6,pdb:exists;afdb:exists
tbdt_q9i116,tbdt_q9i116_6i96_a,tbdt,,Q9I116,6I96,A,raw_af2/AF-Q9I116-F1-model_v6.pdb,raw_pdb/6I96.pdb,substrate_bound,substrate_bound,unknown_siderophore,unknown_siderophore,NA,,,false,,1.85,X-RAY DIFFRACTION,,train,gold candidate from RCSB:TBDT_Pfam_InterPro_text; region annotation required before supervised displacement use.,gold_displacement,gold,1.0,RCSB,RCSB:TBDT_Pfam_InterPro_text,6I96_1,677,0.8256097560975609,0,0,Q9I116,6,pdb:exists;afdb:exists
tbdt_q7mxj7,tbdt_q7mxj7_6sml_b,tbdt,,Q7MXJ7,6SML,B,raw_af2/AF-Q7MXJ7-F1-model_v6.pdb,raw_pdb/6SML.pdb,uncertain,uncertain,none,none,5PL,,,false,,3.4,ELECTRON MICROSCOPY,,train,gold candidate from RCSB:TBDT_Pfam_InterPro_text; region annotation required before supervised displacement use.,gold_displacement,gold,1.0,RCSB,RCSB:TBDT_Pfam_InterPro_text,6SML_2,915,0.8997050147492626,0,0,Q7MXJ7,6,pdb:exists;afdb:exists
fhua_p06971,fhua_p06971_1qfg_a,fhua,fhua,P06971,1QFG,A,raw_af2/AF-P06971-F1-model_v6.pdb,raw_pdb/1QFG.pdb,substrate_bound,substrate_bound,ferrichrome,ferrichrome,DAO;DPO;FTT;MYR;NI;PO4,,,false,,2.5,X-RAY DIFFRACTION,,val,gold candidate from RCSB:TBDT_Pfam_InterPro_text; region annotation required before supervised displacement use.,gold_displacement,gold,1.0,RCSB,RCSB:TBDT_Pfam_InterPro_text,1QFG_1,725,0.9558232931726908,0,0,P06971,6,pdb:exists;afdb:exists
btub_p06129,btub_p06129_2gsk_a,btub,btub,P06129,2GSK,A,raw_af2/AF-P06129-F1-model_v6.pdb,raw_pdb/2GSK.pdb,substrate_bound,substrate_bound,cobalamin,cobalamin,CA,,,false,,2.1,X-RAY DIFFRACTION,,test,gold candidate from RCSB:TBDT_Pfam_InterPro_text; region annotation required before supervised displacement use.,gold_displacement,gold,1.0,RCSB,RCSB:TBDT_Pfam_InterPro_text,2GSK_1,590,0.9609120521172638,0,0,P06129,6,pdb:exists;afdb:exists
tbdt_q7mxj7,tbdt_q7mxj7_6sln_a,tbdt,,Q7MXJ7,6SLN,A,raw_af2/AF-Q7MXJ7-F1-model_v6.pdb,raw_pdb/6SLN.pdb,uncertain,uncertain,none,none,PLM,,,false,,2.61,X-RAY DIFFRACTION,,train,gold candidate from RCSB:TBDT_Pfam_InterPro_text; region annotation required before supervised displacement use.,gold_displacement,gold,1.0,RCSB,RCSB:TBDT_Pfam_InterPro_text,6SLN_1,997,0.9803343166175025,0,0,Q7MXJ7,6,pdb:exists;afdb:exists
fhua_p06971,fhua_p06971_8b14_a,fhua,fhua,P06971,8B14,A,raw_af2/AF-P06971-F1-model_v6.pdb,raw_pdb/8B14.pdb,substrate_bound,substrate_bound,ferrichrome,ferrichrome,,,,false,,2.6,ELECTRON MICROSCOPY,,val,gold candidate from RCSB:TBDT_Pfam_InterPro_text; region annotation required before supervised displacement use.,gold_displacement,gold,1.0,RCSB,RCSB:TBDT_Pfam_InterPro_text,8B14_1,723,0.9558232931726908,0,0,P06971,6,pdb:exists;afdb:exists
tbdt_p48632,tbdt_p48632_5odw_a,tbdt,,P48632,5ODW,A,raw_af2/AF-P48632-F1-model_v6.pdb,raw_pdb/5ODW.pdb,substrate_bound,substrate_bound,unknown_siderophore,unknown_siderophore,,,,false,,2.8,X-RAY DIFFRACTION,,train,gold candidate from RCSB:TBDT_Pfam_InterPro_text; region annotation required before supervised displacement use.,gold_displacement,gold,1.0,RCSB,RCSB:TBDT_Pfam_InterPro_text,5ODW_1,815,1.0,0,0,P48632,6,pdb:exists;afdb:exists
fepa_q05098,fepa_q05098_5nc3_a,fepa,fepa,Q05098,5NC3,A,raw_af2/AF-Q05098-F1-model_v6.pdb,raw_pdb/5NC3.pdb,substrate_bound,substrate_bound,enterobactin,enterobactin,8SW;FE,,,false,,2.57,X-RAY DIFFRACTION,,train,gold candidate from RCSB:TBDT_Pfam_InterPro_text; region annotation required before supervised displacement use.,gold_displacement,gold,1.0,RCSB,RCSB:TBDT_Pfam_InterPro_text,5NC3_1,724,0.9664879356568364,0,0,Q05098,6,pdb:exists;afdb:exists
fepa_q05098,fepa_q05098_5nr2_a,fepa,fepa,Q05098,5NR2,A,raw_af2/AF-Q05098-F1-model_v6.pdb,raw_pdb/5NR2.pdb,substrate_bound,substrate_bound,enterobactin,enterobactin,95B;EDO;FE,,,false,,2.78,X-RAY DIFFRACTION,,train,gold candidate from RCSB:TBDT_Pfam_InterPro_text; region annotation required before supervised displacement use.,gold_displacement,gold,1.0,RCSB,RCSB:TBDT_Pfam_InterPro_text,5NR2_1,724,0.9664879356568364,0,0,Q05098,6,pdb:exists;afdb:exists
fepa_q05098,fepa_q05098_6r1f_a,fepa,fepa,Q05098,6R1F,A,raw_af2/AF-Q05098-F1-model_v6.pdb,raw_pdb/6R1F.pdb,substrate_bound,substrate_bound,enterobactin,enterobactin,EB4;FE,,,false,,3.11,X-RAY DIFFRACTION,,train,gold candidate from RCSB:TBDT_Pfam_InterPro_text; region annotation required before supervised displacement use.,gold_displacement,gold,1.0,RCSB,RCSB:TBDT_Pfam_InterPro_text,6R1F_1,721,0.9664879356568364,1,0,Q05098,6,pdb:exists;afdb:exists
fepa_q05098,fepa_q05098_6i2j_a,fepa,fepa,Q05098,6I2J,A,raw_af2/AF-Q05098-F1-model_v6.pdb,raw_pdb/6I2J.pdb,substrate_bound,substrate_bound,enterobactin,enterobactin,EB4;FE,,,false,,2.96,X-RAY DIFFRACTION,,train,gold candidate from RCSB:TBDT_Pfam_InterPro_text; region annotation required before supervised displacement use.,gold_displacement,gold,1.0,RCSB,RCSB:TBDT_Pfam_InterPro_text,6I2J_1,721,0.9664879356568364,1,0,Q05098,6,pdb:exists;afdb:exists
fepa_q05098,fepa_q05098_6z33_aaa,fepa,fepa,Q05098,6Z33,AAA,raw_af2/AF-Q05098-F1-model_v6.pdb,raw_pdb/6Z33.cif,substrate_bound,substrate_bound,enterobactin,enterobactin,EDO;FE;Q62,,,false,,2.711,X-RAY DIFFRACTION,,train,gold candidate from RCSB:TBDT_Pfam_InterPro_text; region annotation required before supervised displacement use.,gold_displacement,gold,1.0,RCSB,RCSB:TBDT_Pfam_InterPro_text,6Z33_1,724,0.9664879356568364,0,0,Q05098,6,cif:downloaded;afdb:exists
fepa_q05098,fepa_q05098_6q5e_a,fepa,fepa,Q05098,6Q5E,A,raw_af2/AF-Q05098-F1-model_v6.pdb,raw_pdb/6Q5E.pdb,substrate_bound,substrate_bound,enterobactin,enterobactin,EB4;FE,,,false,,2.7,X-RAY DIFFRACTION,,train,gold candidate from RCSB:TBDT_Pfam_InterPro_text; region annotation required before supervised displacement use.,gold_displacement,gold,1.0,RCSB,RCSB:TBDT_Pfam_InterPro_text,6Q5E_1,721,0.9664879356568364,0,0,Q05098,6,pdb:exists;afdb:exists
fepa_q05098,fepa_q05098_6yy5_aaa,fepa,fepa,Q05098,6YY5,AAA,raw_af2/AF-Q05098-F1-model_v6.pdb,raw_pdb/6YY5.cif,substrate_bound,substrate_bound,enterobactin,enterobactin,FE;QDQ,,,false,,2.717,X-RAY DIFFRACTION,,train,gold candidate from RCSB:TBDT_Pfam_InterPro_text; region annotation required before supervised displacement use.,gold_displacement,gold,1.0,RCSB,RCSB:TBDT_Pfam_InterPro_text,6YY5_1,724,0.9664879356568364,0,0,Q05098,6,cif:downloaded;afdb:exists
fepa_q05098,fepa_q05098_5m9b_a,fepa,fepa,Q05098,5M9B,A,raw_af2/AF-Q05098-F1-model_v6.pdb,raw_pdb/5M9B.pdb,apo,apo,none,none,,,,false,,2.12,X-RAY DIFFRACTION,,train,gold candidate from RCSB:TBDT_Pfam_InterPro_text; region annotation required before supervised displacement use.,gold_displacement,gold,1.0,RCSB,RCSB:TBDT_Pfam_InterPro_text,5M9B_1,724,0.9664879356568364,0,0,Q05098,6,pdb:exists;afdb:exists
fhua_p06971,fhua_p06971_4cu4_a,fhua,fhua,P06971,4CU4,A,raw_af2/AF-P06971-F1-model_v6.pdb,raw_pdb/4CU4.pdb,substrate_bound,substrate_bound,ferrichrome,ferrichrome,DAO;DPO;FTT;MYR;PO4,,,false,,2.3,X-RAY DIFFRACTION,,val,gold candidate from RCSB:TBDT_Pfam_InterPro_text; region annotation required before supervised displacement use.,gold_displacement,gold,1.0,RCSB,RCSB:TBDT_Pfam_InterPro_text,4CU4_1,706,0.9303882195448461,0,0,P06971,6,pdb:exists;afdb:exists
tbdt_p48632,tbdt_p48632_2o5p_a,tbdt,,P48632,2O5P,A,raw_af2/AF-P48632-F1-model_v6.pdb,raw_pdb/2O5P.pdb,apo,apo,none,none,,,,false,,2.77,X-RAY DIFFRACTION,,train,gold candidate from RCSB:TBDT_Pfam_InterPro_text; region annotation required before supervised displacement use.,gold_displacement,gold,1.0,RCSB,RCSB:TBDT_Pfam_InterPro_text,2O5P_1,772,0.947239263803681,0,0,P48632,6,pdb:exists;afdb:exists
tbdt_q9i2j4,tbdt_q9i2j4_8s34_a,tbdt,,Q9I2J4,8S34,A,raw_af2/AF-Q9I2J4-F1-model_v6.pdb,raw_pdb/8S34.cif,substrate_bound,substrate_bound,unknown_siderophore,unknown_siderophore,A1H49;FE;K,,,false,,1.86,X-RAY DIFFRACTION,,train,gold candidate from RCSB:TBDT_Pfam_InterPro_text; region annotation required before supervised displacement use.,gold_displacement,gold,1.0,RCSB,RCSB:TBDT_Pfam_InterPro_text,8S34_1,780,0.9651741293532339,0,0,Q9I2J4,6,cif:downloaded;afdb:exists
tbdt_p48632,tbdt_p48632_2w75_a,tbdt,,P48632,2W75,A,raw_af2/AF-P48632-F1-model_v6.pdb,raw_pdb/2W75.pdb,apo,apo,none,none,,,,false,,2.9,X-RAY DIFFRACTION,,train,gold candidate from RCSB:TBDT_Pfam_InterPro_text; region annotation required before supervised displacement use.,gold_displacement,gold,1.0,RCSB,RCSB:TBDT_Pfam_InterPro_text,2W75_1,772,0.947239263803681,0,0,P48632,6,pdb:exists;afdb:exists
tbdt_q9i2j4,tbdt_q9i2j4_9f2t_a,tbdt,,Q9I2J4,9F2T,A,raw_af2/AF-Q9I2J4-F1-model_v6.pdb,raw_pdb/9F2T.pdb,apo,apo,none,none,,,,false,,2.2,X-RAY DIFFRACTION,,train,gold candidate from RCSB:TBDT_Pfam_InterPro_text; region annotation required before supervised displacement use.,gold_displacement,gold,1.0,RCSB,RCSB:TBDT_Pfam_InterPro_text,9F2T_1,780,0.9651741293532339,0,0,Q9I2J4,6,pdb:exists;afdb:exists
tbdt_q9i2j4,tbdt_q9i2j4_9ex3_a,tbdt,,Q9I2J4,9EX3,A,raw_af2/AF-Q9I2J4-F1-model_v6.pdb,raw_pdb/9EX3.pdb,substrate_bound,substrate_bound,unknown_siderophore,unknown_siderophore,EDO;FE;J9F;K,,,false,,2.15,X-RAY DIFFRACTION,,train,gold candidate from RCSB:TBDT_Pfam_InterPro_text; region annotation required before supervised displacement use.,gold_displacement,gold,1.0,RCSB,RCSB:TBDT_Pfam_InterPro_text,9EX3_1,780,0.9651741293532339,0,0,Q9I2J4,6,pdb:exists;afdb:exists
tbdt_q9i116,tbdt_q9i116_6z8a_a,tbdt,,Q9I116,6Z8A,A,raw_af2/AF-Q9I116-F1-model_v6.pdb,raw_pdb/6Z8A.pdb,substrate_bound,substrate_bound,unknown_siderophore,unknown_siderophore,6L0;FE,,,false,,2.95,X-RAY DIFFRACTION,,train,gold candidate from RCSB:TBDT_Pfam_InterPro_text; region annotation required before supervised displacement use.,gold_displacement,gold,1.0,RCSB,RCSB:TBDT_Pfam_InterPro_text,6Z8A_1,776,0.9463414634146341,0,0,Q9I116,6,pdb:exists;afdb:exists
tbdt_q9i2j4,tbdt_q9i2j4_9gbb_a,tbdt,,Q9I2J4,9GBB,A,raw_af2/AF-Q9I2J4-F1-model_v6.pdb,raw_pdb/9GBB.cif,substrate_bound,substrate_bound,unknown_siderophore,unknown_siderophore,A1IJR;FE;K,,,false,,2.6,X-RAY DIFFRACTION,,train,gold candidate from RCSB:TBDT_Pfam_InterPro_text; region annotation required before supervised displacement use.,gold_displacement,gold,1.0,RCSB,RCSB:TBDT_Pfam_InterPro_text,9GBB_1,780,0.9651741293532339,0,0,Q9I2J4,6,cif:downloaded;afdb:exists
tbdt_q9k0u9,tbdt_q9k0u9_3v89_a,tbdt,,Q9K0U9,3V89,A,raw_af2/AF-Q9K0U9-F1-model_v6.pdb,raw_pdb/3V89.pdb,substrate_bound,substrate_bound,unknown_siderophore,unknown_siderophore,,,,false,,3.1,X-RAY DIFFRACTION,,train,gold candidate from RCSB:TBDT_Pfam_InterPro_text; region annotation required before supervised displacement use.,gold_displacement,gold,1.0,RCSB,RCSB:TBDT_Pfam_InterPro_text,3V89_1,904,0.9737704918032787,0,0,Q9K0U9,6,pdb:exists;afdb:exists
tbdt_q9hv88,tbdt_q9hv88_8the_a,tbdt,,Q9HV88,8THE,A,raw_af2/AF-Q9HV88-F1-model_v6.pdb,raw_pdb/8THE.cif,substrate_bound,substrate_bound,heme,heme,HEM,,,false,,2.5,ELECTRON MICROSCOPY,,train,gold candidate from RCSB:TBDT_Pfam_InterPro_text; region annotation required before supervised displacement use.,gold_displacement,gold,1.0,RCSB,RCSB:TBDT_Pfam_InterPro_text,8THE_1,777,0.9672774869109948,0,0,Q9HV88,6,cif:downloaded;afdb:exists
tbdt_p48632,tbdt_p48632_2w6t_a,tbdt,,P48632,2W6T,A,raw_af2/AF-P48632-F1-model_v6.pdb,raw_pdb/2W6T.pdb,substrate_bound,substrate_bound,unknown_siderophore,unknown_siderophore,FE;PVE,,,false,,2.9,X-RAY DIFFRACTION,,train,gold candidate from RCSB:TBDT_Pfam_InterPro_text; region annotation required before supervised displacement use.,gold_displacement,gold,1.0,RCSB,RCSB:TBDT_Pfam_InterPro_text,2W6T_1,772,0.947239263803681,0,0,P48632,6,pdb:exists;afdb:exists
tbdt_p48632,tbdt_p48632_2w6u_a,tbdt,,P48632,2W6U,A,raw_af2/AF-P48632-F1-model_v6.pdb,raw_pdb/2W6U.pdb,substrate_bound,substrate_bound,unknown_siderophore,unknown_siderophore,FE;PVE,,,false,,3.0,X-RAY DIFFRACTION,,train,gold candidate from RCSB:TBDT_Pfam_InterPro_text; region annotation required before supervised displacement use.,gold_displacement,gold,1.0,RCSB,RCSB:TBDT_Pfam_InterPro_text,2W6U_1,772,0.947239263803681,0,0,P48632,6,pdb:exists;afdb:exists
tbdt_q9i2j4,tbdt_q9i2j4_9fvq_a,tbdt,,Q9I2J4,9FVQ,A,raw_af2/AF-Q9I2J4-F1-model_v6.pdb,raw_pdb/9FVQ.cif,substrate_bound,substrate_bound,unknown_siderophore,unknown_siderophore,188;A1IG8;EDO;K;P2D,,,false,,2.031,X-RAY DIFFRACTION,,train,gold candidate from RCSB:TBDT_Pfam_InterPro_text; region annotation required before supervised displacement use.,gold_displacement,gold,1.0,RCSB,RCSB:TBDT_Pfam_InterPro_text,9FVQ_1,670,0.8333333333333334,0,0,Q9I2J4,6,cif:downloaded;afdb:exists
tbdt_p48632,tbdt_p48632_2w77_a,tbdt,,P48632,2W77,A,raw_af2/AF-P48632-F1-model_v6.pdb,raw_pdb/2W77.pdb,substrate_bound,substrate_bound,unknown_siderophore,unknown_siderophore,FE;PVE,,,false,,2.9,X-RAY DIFFRACTION,,train,gold candidate from RCSB:TBDT_Pfam_InterPro_text; region annotation required before supervised displacement use.,gold_displacement,gold,1.0,RCSB,RCSB:TBDT_Pfam_InterPro_text,2W77_1,772,0.947239263803681,0,0,P48632,6,pdb:exists;afdb:exists
tbdt_q9i116,tbdt_q9i116_8rmi_a,tbdt,,Q9I116,8RMI,A,raw_af2/AF-Q9I116-F1-model_v6.pdb,raw_pdb/8RMI.cif,substrate_bound,substrate_bound,unknown_siderophore,unknown_siderophore,A1H1Z;FE,,,false,,2.48,X-RAY DIFFRACTION,,train,gold candidate from RCSB:TBDT_Pfam_InterPro_text; region annotation required before supervised displacement use.,gold_displacement,gold,1.0,RCSB,RCSB:TBDT_Pfam_InterPro_text,8RMI_1,820,1.0,0,0,Q9I116,6,cif:downloaded;afdb:exists
tbdt_q9i116,tbdt_q9i116_8rm3_a,tbdt,,Q9I116,8RM3,A,raw_af2/AF-Q9I116-F1-model_v6.pdb,raw_pdb/8RM3.cif,substrate_bound,substrate_bound,unknown_siderophore,unknown_siderophore,NA,,,false,,2.22,X-RAY DIFFRACTION,,train,gold candidate from RCSB:TBDT_Pfam_InterPro_text; region annotation required before supervised displacement use.,gold_displacement,gold,1.0,RCSB,RCSB:TBDT_Pfam_InterPro_text,8RM3_1,820,1.0,0,0,Q9I116,6,cif:downloaded;afdb:exists
tbdt_p48632,tbdt_p48632_2w16_a,tbdt,,P48632,2W16,A,raw_af2/AF-P48632-F1-model_v6.pdb,raw_pdb/2W16.pdb,substrate_bound,substrate_bound,unknown_siderophore,unknown_siderophore,FE;PVE,,,false,,2.71,X-RAY DIFFRACTION,,train,gold candidate from RCSB:TBDT_Pfam_InterPro_text; region annotation required before supervised displacement use.,gold_displacement,gold,1.0,RCSB,RCSB:TBDT_Pfam_InterPro_text,2W16_1,772,0.947239263803681,0,0,P48632,6,pdb:exists;afdb:exists
tbdt_p48632,tbdt_p48632_2w78_a,tbdt,,P48632,2W78,A,raw_af2/AF-P48632-F1-model_v6.pdb,raw_pdb/2W78.pdb,substrate_bound,substrate_bound,unknown_siderophore,unknown_siderophore,FE;PVE,,,false,,3.0,X-RAY DIFFRACTION,,train,gold candidate from RCSB:TBDT_Pfam_InterPro_text; region annotation required before supervised displacement use.,gold_displacement,gold,1.0,RCSB,RCSB:TBDT_Pfam_InterPro_text,2W78_1,772,0.947239263803681,0,0,P48632,6,pdb:exists;afdb:exists
tbdt_p48632,tbdt_p48632_2w76_a,tbdt,,P48632,2W76,A,raw_af2/AF-P48632-F1-model_v6.pdb,raw_pdb/2W76.pdb,substrate_bound,substrate_bound,unknown_siderophore,unknown_siderophore,FE;PVE,,,false,,2.8,X-RAY DIFFRACTION,,train,gold candidate from RCSB:TBDT_Pfam_InterPro_text; region annotation required before supervised displacement use.,gold_displacement,gold,1.0,RCSB,RCSB:TBDT_Pfam_InterPro_text,2W76_1,772,0.947239263803681,0,0,P48632,6,pdb:exists;afdb:exists
tbdt_p17315,tbdt_p17315_2hdi_a,tbdt,,P17315,2HDI,A,raw_af2/AF-P17315-F1-model_v6.pdb,raw_pdb/2HDI.pdb,substrate_bound,substrate_bound,unknown_siderophore,unknown_siderophore,,,,false,,2.5,X-RAY DIFFRACTION,,test,gold candidate from RCSB:TBDT_Pfam_InterPro_text; region annotation required before supervised displacement use.,gold_displacement,gold,1.0,RCSB,RCSB:TBDT_Pfam_InterPro_text,2HDI_1,639,0.9622926093514329,4,0,P17315,6,pdb:exists;afdb:exists
tbdt_p17315,tbdt_p17315_2hdf_a,tbdt,,P17315,2HDF,A,raw_af2/AF-P17315-F1-model_v6.pdb,raw_pdb/2HDF.pdb,substrate_bound,substrate_bound,unknown_siderophore,unknown_siderophore,SR,,,false,,2.65,X-RAY DIFFRACTION,,test,gold candidate from RCSB:TBDT_Pfam_InterPro_text; region annotation required before supervised displacement use.,gold_displacement,gold,1.0,RCSB,RCSB:TBDT_Pfam_InterPro_text,2HDF_1,639,0.9622926093514329,10,0,P17315,6,pdb:exists;afdb:exists
tbdt_q8a5h5,tbdt_q8a5h5_5fq6_b,tbdt,,Q8A5H5,5FQ6,B,raw_af2/AF-Q8A5H5-F1-model_v6.pdb,raw_pdb/5FQ6.pdb,metal_only,metal_only,none,none,CA;NA,,,false,,2.8,X-RAY DIFFRACTION,,train,gold candidate from RCSB:TBDT_Pfam_InterPro_text; region annotation required before supervised displacement use.,gold_displacement,gold,1.0,RCSB,RCSB:TBDT_Pfam_InterPro_text,5FQ6_2,984,1.0,0,0,Q8A5H5,6,pdb:exists;afdb:exists
tbdt_q79ad2,tbdt_q79ad2_5c58_a,tbdt,,Q79AD2,5C58,A,raw_af2/AF-Q79AD2-F1-model_v6.pdb,raw_pdb/5C58.pdb,substrate_bound,substrate_bound,heme,heme,HEM,,,false,,2.795,X-RAY DIFFRACTION,,train,gold candidate from RCSB:TBDT_Pfam_InterPro_text; region annotation required before supervised displacement use.,gold_displacement,gold,1.0,RCSB,RCSB:TBDT_Pfam_InterPro_text,5C58_1,865,0.9621802002224694,3,0,Q79AD2,6,pdb:exists;afdb:exists
tbdt_d0cc21,tbdt_d0cc21_6h7v_a,tbdt,,D0CC21,6H7V,A,raw_af2/AF-D0CC21-F1-model_v6.pdb,raw_pdb/6H7V.pdb,apo,apo,none,none,,,,false,,2.54,X-RAY DIFFRACTION,,train,gold candidate from RCSB:TBDT_Pfam_InterPro_text; region annotation required before supervised displacement use.,gold_displacement,gold,1.0,RCSB,RCSB:TBDT_Pfam_InterPro_text,6H7V_1,706,0.9177545691906005,0,0,D0CC21,6,pdb:exists;afdb:exists
btub_p06129,btub_p06129_1nqe_a,btub,btub,P06129,1NQE,A,raw_af2/AF-P06129-F1-model_v6.pdb,raw_pdb/1NQE.pdb,substrate_bound,substrate_bound,cobalamin,cobalamin,MG,,,false,,2.0,X-RAY DIFFRACTION,,test,gold candidate from RCSB:TBDT_Pfam_InterPro_text; region annotation required before supervised displacement use.,gold_displacement,gold,1.0,RCSB,RCSB:TBDT_Pfam_InterPro_text,1NQE_1,594,0.9674267100977199,0,0,P06129,6,pdb:exists;afdb:exists
tbdt_p75780,tbdt_p75780_6bpo_a,tbdt,,P75780,6BPO,A,raw_af2/AF-P75780-F1-model_v6.pdb,raw_pdb/6BPO.pdb,substrate_bound,substrate_bound,unknown_siderophore,unknown_siderophore,,,,false,,2.9,X-RAY DIFFRACTION,,train,gold candidate from RCSB:TBDT_Pfam_InterPro_text; region annotation required before supervised displacement use.,gold_displacement,gold,1.0,RCSB,RCSB:TBDT_Pfam_InterPro_text,6BPO_1,727,0.9565789473684211,0,0,P75780,6,pdb:exists;afdb:exists
tbdt_q9jzn9,tbdt_q9jzn9_4rdr_a,tbdt,,Q9JZN9,4RDR,A,raw_af2/AF-Q9JZN9-F1-model_v6.pdb,raw_pdb/4RDR.pdb,substrate_bound,substrate_bound,unknown_siderophore,unknown_siderophore,CD;ZN,,,false,,2.472,X-RAY DIFFRACTION,,train,gold candidate from RCSB:TBDT_Pfam_InterPro_text; region annotation required before supervised displacement use.,gold_displacement,gold,1.0,RCSB,RCSB:TBDT_Pfam_InterPro_text,4RDR_1,748,0.9683377308707124,0,0,Q9JZN9,6,pdb:exists;afdb:exists
tbdt_q9jzn9,tbdt_q9jzn9_4rdt_a,tbdt,,Q9JZN9,4RDT,A,raw_af2/AF-Q9JZN9-F1-model_v6.pdb,raw_pdb/4RDT.pdb,substrate_bound,substrate_bound,unknown_siderophore,unknown_siderophore,ZN,,,false,,3.2,X-RAY DIFFRACTION,,train,gold candidate from RCSB:TBDT_Pfam_InterPro_text; region annotation required before supervised displacement use.,gold_displacement,gold,1.0,RCSB,RCSB:TBDT_Pfam_InterPro_text,4RDT_1,748,0.9683377308707124,0,0,Q9JZN9,6,pdb:exists;afdb:exists
btub_p06129,btub_p06129_2guf_a,btub,btub,P06129,2GUF,A,raw_af2/AF-P06129-F1-model_v6.pdb,raw_pdb/2GUF.pdb,apo,apo,none,none,,,,false,,1.95,X-RAY DIFFRACTION,,test,gold candidate from RCSB:TBDT_Pfam_InterPro_text; region annotation required before supervised displacement use.,gold_displacement,gold,1.0,RCSB,RCSB:TBDT_Pfam_InterPro_text,2GUF_1,594,0.9674267100977199,0,0,P06129,6,pdb:exists;afdb:exists
tbdt_q8a621,tbdt_q8a621_9gbc_a,tbdt,,Q8A621,9GBC,A,raw_af2/AF-Q8A621-F1-model_v6.pdb,raw_pdb/9GBC.pdb,substrate_bound,substrate_bound,unknown_siderophore,unknown_siderophore,,,,false,,2.7,ELECTRON MICROSCOPY,,test,gold candidate from RCSB:TBDT_Pfam_InterPro_text; region annotation required before supervised displacement use.,gold_displacement,gold,1.0,RCSB,RCSB:TBDT_Pfam_InterPro_text,9GBC_1,796,1.0,0,0,Q8A621,6,pdb:exists;afdb:exists
tbdt_q6d8u4,tbdt_q6d8u4_4zgv_a,tbdt,,Q6D8U4,4ZGV,A,raw_af2/AF-Q6D8U4-F1-model_v6.pdb,raw_pdb/4ZGV.pdb,apo,apo,none,none,,,,false,,3.2,X-RAY DIFFRACTION,,train,gold candidate from RCSB:TBDT_Pfam_InterPro_text; region annotation required before supervised displacement use.,gold_displacement,gold,1.0,RCSB,RCSB:TBDT_Pfam_InterPro_text,4ZGV_1,868,0.9848837209302326,0,0,Q6D8U4,6,pdb:exists;afdb:exists
btub_p06129,btub_p06129_3m8d_a,btub,btub,P06129,3M8D,A,raw_af2/AF-P06129-F1-model_v6.pdb,raw_pdb/3M8D.pdb,substrate_bound,substrate_bound,cobalamin,cobalamin,CA;MTN,,,false,,2.44,X-RAY DIFFRACTION,,test,gold candidate from RCSB:TBDT_Pfam_InterPro_text; region annotation required before supervised displacement use.,gold_displacement,gold,1.0,RCSB,RCSB:TBDT_Pfam_InterPro_text,3M8D_1,594,0.9674267100977199,0,0,P06129,6,pdb:exists;afdb:exists
btub_p06129,btub_p06129_2ysu_a,btub,btub,P06129,2YSU,A,raw_af2/AF-P06129-F1-model_v6.pdb,raw_pdb/2YSU.pdb,substrate_bound,substrate_bound,cobalamin,cobalamin,,,,false,,3.5,X-RAY DIFFRACTION,,test,gold candidate from RCSB:TBDT_Pfam_InterPro_text; region annotation required before supervised displacement use.,gold_displacement,gold,1.0,RCSB,RCSB:TBDT_Pfam_InterPro_text,2YSU_1,594,0.9674267100977199,0,0,P06129,6,pdb:exists;afdb:exists
fepa_q05098,fepa_q05098_5out_a,fepa,fepa,Q05098,5OUT,A,raw_af2/AF-Q05098-F1-model_v6.pdb,raw_pdb/5OUT.pdb,apo,apo,none,none,,,,false,,2.9,X-RAY DIFFRACTION,,train,gold candidate from RCSB:TBDT_Pfam_InterPro_text; region annotation required before supervised displacement use.,gold_displacement,gold,1.0,RCSB,RCSB:TBDT_Pfam_InterPro_text,5OUT_1,721,0.9664879356568364,1,0,Q05098,6,pdb:exists;afdb:exists
fhua_p06971,fhua_p06971_1qjq_a,fhua,fhua,P06971,1QJQ,A,raw_af2/AF-P06971-F1-model_v6.pdb,raw_pdb/1QJQ.pdb,substrate_bound,substrate_bound,ferrichrome,ferrichrome,DPO;FTT;NI;PO4,,,false,,2.95,X-RAY DIFFRACTION,,val,gold candidate from RCSB:TBDT_Pfam_InterPro_text; region annotation required before supervised displacement use.,gold_displacement,gold,1.0,RCSB,RCSB:TBDT_Pfam_InterPro_text,1QJQ_1,725,0.9558232931726908,0,0,P06971,6,pdb:exists;afdb:exists
fhua_p06971,fhua_p06971_1qkc_a,fhua,fhua,P06971,1QKC,A,raw_af2/AF-P06971-F1-model_v6.pdb,raw_pdb/1QKC.pdb,substrate_bound,substrate_bound,ferrichrome,ferrichrome,DPO;FTT;NI;PO4,,,false,,3.1,X-RAY DIFFRACTION,,val,gold candidate from RCSB:TBDT_Pfam_InterPro_text; region annotation required before supervised displacement use.,gold_displacement,gold,1.0,RCSB,RCSB:TBDT_Pfam_InterPro_text,1QKC_1,725,0.9558232931726908,0,0,P06971,6,pdb:exists;afdb:exists
feca_p13036,feca_p13036_1pnz_a,feca,feca,P13036,1PNZ,A,raw_af2/AF-P13036-F1-model_v6.pdb,raw_pdb/1PNZ.pdb,apo,apo,none,none,,,,false,,2.5,X-RAY DIFFRACTION,,val,gold candidate from RCSB:TBDT_Pfam_InterPro_text; region annotation required before supervised displacement use.,gold_displacement,gold,1.0,RCSB,RCSB:TBDT_Pfam_InterPro_text,1PNZ_1,751,0.9573643410852714,0,0,P13036,6,pdb:exists;afdb:exists
tbdt_q79ad2,tbdt_q79ad2_3csl_a,tbdt,,Q79AD2,3CSL,A,raw_af2/AF-Q79AD2-F1-model_v6.pdb,raw_pdb/3CSL.pdb,substrate_bound,substrate_bound,heme,heme,HEM,,,false,,2.7,X-RAY DIFFRACTION,,train,gold candidate from RCSB:TBDT_Pfam_InterPro_text; region annotation required before supervised displacement use.,gold_displacement,gold,1.0,RCSB,RCSB:TBDT_Pfam_InterPro_text,3CSL_1,865,0.9621802002224694,0,0,Q79AD2,6,pdb:exists;afdb:exists
feca_p13036,feca_p13036_1po0_a,feca,feca,P13036,1PO0,A,raw_af2/AF-P13036-F1-model_v6.pdb,raw_pdb/1PO0.pdb,apo,apo,none,none,,,,false,,2.15,X-RAY DIFFRACTION,,val,gold candidate from RCSB:TBDT_Pfam_InterPro_text; region annotation required before supervised displacement use.,gold_displacement,gold,1.0,RCSB,RCSB:TBDT_Pfam_InterPro_text,1PO0_1,751,0.9573643410852714,0,0,P13036,6,pdb:exists;afdb:exists
tbdt_q9k0u9,tbdt_q9k0u9_3v8x_a,tbdt,,Q9K0U9,3V8X,A,raw_af2/AF-Q9K0U9-F1-model_v6.pdb,raw_pdb/3V8X.pdb,substrate_bound,substrate_bound,unknown_siderophore,unknown_siderophore,,,,false,,2.6,X-RAY DIFFRACTION,,train,gold candidate from RCSB:TBDT_Pfam_InterPro_text; region annotation required before supervised displacement use.,gold_displacement,gold,1.0,RCSB,RCSB:TBDT_Pfam_InterPro_text,3V8X_1,904,0.9737704918032787,2,0,Q9K0U9,6,pdb:exists;afdb:exists
tbdt_p76115,tbdt_p76115_9c4o_a,tbdt,,P76115,9C4O,A,raw_af2/AF-P76115-F1-model_v6.pdb,raw_pdb/9C4O.pdb,substrate_bound,substrate_bound,unknown_siderophore,unknown_siderophore,CA,,,false,,1.99,ELECTRON MICROSCOPY,,train,gold candidate from RCSB:TBDT_Pfam_InterPro_text; region annotation required before supervised displacement use.,gold_displacement,gold,1.0,RCSB,RCSB:TBDT_Pfam_InterPro_text,9C4O_1,707,0.9671428571428572,0,0,P76115,6,pdb:exists;afdb:exists
feca_p13036,feca_p13036_1po3_a,feca,feca,P13036,1PO3,A,raw_af2/AF-P13036-F1-model_v6.pdb,raw_pdb/1PO3.pdb,productive_substrate_bound,productive_substrate_bound,ferric_citrate,ferric_citrate,FE;FLC,,,false,,3.4,X-RAY DIFFRACTION,,val,gold candidate from RCSB:TBDT_Pfam_InterPro_text; region annotation required before supervised displacement use.,gold_displacement,gold,1.0,RCSB,RCSB:TBDT_Pfam_InterPro_text,1PO3_1,751,0.9573643410852714,0,0,P13036,6,pdb:exists;afdb:exists
fhua_p06971,fhua_p06971_1by3_a,fhua,fhua,P06971,1BY3,A,raw_af2/AF-P06971-F1-model_v6.pdb,raw_pdb/1BY3.pdb,substrate_bound,substrate_bound,ferrichrome,ferrichrome,,,,false,,2.74,X-RAY DIFFRACTION,,val,gold candidate from RCSB:TBDT_Pfam_InterPro_text; region annotation required before supervised displacement use.,gold_displacement,gold,1.0,RCSB,RCSB:TBDT_Pfam_InterPro_text,1BY3_1,714,0.9558232931726908,0,0,P06971,6,pdb:exists;afdb:exists
btub_p06129,btub_p06129_1ujw_a,btub,btub,P06129,1UJW,A,raw_af2/AF-P06129-F1-model_v6.pdb,raw_pdb/1UJW.pdb,substrate_bound,substrate_bound,cobalamin,cobalamin,AAE;GP1;LIM,,,false,,2.75,X-RAY DIFFRACTION,,test,gold candidate from RCSB:TBDT_Pfam_InterPro_text; region annotation required before supervised displacement use.,gold_displacement,gold,1.0,RCSB,RCSB:TBDT_Pfam_InterPro_text,1UJW_1,594,0.9674267100977199,0,0,P06129,6,pdb:exists;afdb:exists
fhua_p06971,fhua_p06971_1by5_a,fhua,fhua,P06971,1BY5,A,raw_af2/AF-P06971-F1-model_v6.pdb,raw_pdb/1BY5.pdb,substrate_bound,substrate_bound,ferrichrome,ferrichrome,FE,,,false,,2.6,X-RAY DIFFRACTION,,val,gold candidate from RCSB:TBDT_Pfam_InterPro_text; region annotation required before supervised displacement use.,gold_displacement,gold,1.0,RCSB,RCSB:TBDT_Pfam_InterPro_text,1BY5_1,714,0.9558232931726908,0,0,P06971,6,pdb:exists;afdb:exists
fhua_p06971,fhua_p06971_1fi1_a,fhua,fhua,P06971,1FI1,A,raw_af2/AF-P06971-F1-model_v6.pdb,raw_pdb/1FI1.pdb,substrate_bound,substrate_bound,ferrichrome,ferrichrome,DPO;FTT;NA;NI;PO4,,,false,,2.9,X-RAY DIFFRACTION,,val,gold candidate from RCSB:TBDT_Pfam_InterPro_text; region annotation required before supervised displacement use.,gold_displacement,gold,1.0,RCSB,RCSB:TBDT_Pfam_InterPro_text,1FI1_1,707,0.9317269076305221,0,0,P06971,6,pdb:exists;afdb:exists
tbdt_q76hj9,tbdt_q76hj9_6h7f_a,tbdt,,Q76HJ9,6H7F,A,raw_af2/AF-Q76HJ9-F1-model_v6.pdb,raw_pdb/6H7F.pdb,substrate_bound,substrate_bound,unknown_siderophore,unknown_siderophore,FE;FV8;OPV;OPZ,,,false,,2.26,X-RAY DIFFRACTION,,train,gold candidate from RCSB:TBDT_Pfam_InterPro_text; region annotation required before supervised displacement use.,gold_displacement,gold,1.0,RCSB,RCSB:TBDT_Pfam_InterPro_text,6H7F_1,706,0.9696551724137931,0,0,Q76HJ9,6,pdb:exists;afdb:exists
fhua_p06971,fhua_p06971_1qff_a,fhua,fhua,P06971,1QFF,A,raw_af2/AF-P06971-F1-model_v6.pdb,raw_pdb/1QFF.pdb,substrate_bound,substrate_bound,ferrichrome,ferrichrome,DAO;DPO;EAP;FTT;MYR;PO4,,,false,,2.7,X-RAY DIFFRACTION,,val,gold candidate from RCSB:TBDT_Pfam_InterPro_text; region annotation required before supervised displacement use.,gold_displacement,gold,1.0,RCSB,RCSB:TBDT_Pfam_InterPro_text,1QFF_1,725,0.9558232931726908,0,0,P06971,6,pdb:exists;afdb:exists
tbdt_q6d8u4,tbdt_q6d8u4_9rhr_a,tbdt,,Q6D8U4,9RHR,A,raw_af2/AF-Q6D8U4-F1-model_v6.pdb,raw_pdb/9RHR.cif,apo,apo,none,none,,,,false,,2.4,ELECTRON MICROSCOPY,,train,gold candidate from RCSB:TBDT_Pfam_InterPro_text; region annotation required before supervised displacement use.,gold_displacement,gold,1.0,RCSB,RCSB:TBDT_Pfam_InterPro_text,9RHR_1,868,0.9848837209302326,0,0,Q6D8U4,6,cif:downloaded;afdb:exists
fhua_p06971,fhua_p06971_1fcp_a,fhua,fhua,P06971,1FCP,A,raw_af2/AF-P06971-F1-model_v6.pdb,raw_pdb/1FCP.pdb,substrate_bound,substrate_bound,ferrichrome,ferrichrome,NI,,,false,,2.7,X-RAY DIFFRACTION,,val,gold candidate from RCSB:TBDT_Pfam_InterPro_text; region annotation required before supervised displacement use.,gold_displacement,gold,1.0,RCSB,RCSB:TBDT_Pfam_InterPro_text,1FCP_1,705,0.9317269076305221,0,0,P06971,6,pdb:exists;afdb:exists
fhua_p06971,fhua_p06971_2fcp_a,fhua,fhua,P06971,2FCP,A,raw_af2/AF-P06971-F1-model_v6.pdb,raw_pdb/2FCP.pdb,substrate_bound,substrate_bound,ferrichrome,ferrichrome,AAE;EA2;LIL;LIM;NI,,,false,,2.5,X-RAY DIFFRACTION,,val,gold candidate from RCSB:TBDT_Pfam_InterPro_text; region annotation required before supervised displacement use.,gold_displacement,gold,1.0,RCSB,RCSB:TBDT_Pfam_InterPro_text,2FCP_1,723,0.9558232931726908,0,0,P06971,6,pdb:exists;afdb:exists
tbdt_q8a365,tbdt_q8a365_8aa4_a,tbdt,,Q8A365,8AA4,A,raw_af2/AF-Q8A365-F1-model_v6.pdb,raw_pdb/8AA4.pdb,apo,apo,none,none,,,,false,,3.1,ELECTRON MICROSCOPY,,train,gold candidate from RCSB:TBDT_Pfam_InterPro_text; region annotation required before supervised displacement use.,gold_displacement,gold,1.0,RCSB,RCSB:TBDT_Pfam_InterPro_text,8AA4_1,999,1.0,0,0,Q8A365,6,pdb:exists;afdb:exists
tbdt_q9i116,tbdt_q9i116_6i98_a,tbdt,,Q9I116,6I98,A,raw_af2/AF-Q9I116-F1-model_v6.pdb,raw_pdb/6I98.pdb,substrate_bound,substrate_bound,unknown_siderophore,unknown_siderophore,NA;NI,,,false,,2.8,X-RAY DIFFRACTION,,train,gold candidate from RCSB:TBDT_Pfam_InterPro_text; region annotation required before supervised displacement use.,gold_displacement,gold,1.0,RCSB,RCSB:TBDT_Pfam_InterPro_text,6I98_1,677,0.8256097560975609,0,0,Q9I116,6,pdb:exists;afdb:exists
tbdt_a0a0h2vc22,tbdt_a0a0h2vc22_9dis_b,tbdt,,A0A0H2VC22,9DIS,B,raw_af2/AF-A0A0H2VC22-F1-model_v6.pdb,raw_pdb/9DIS.pdb,substrate_bound,substrate_bound,heme,heme,,,,false,,2.51,ELECTRON MICROSCOPY,,train,gold candidate from RCSB:TBDT_Pfam_InterPro_text; region annotation required before supervised displacement use.,gold_displacement,gold,1.0,RCSB,RCSB:TBDT_Pfam_InterPro_text,9DIS_2,632,0.9753086419753086,0,0,A0A0H2VC22,6,pdb:exists;afdb:exists
tbdt_a0a0h2vc22,tbdt_a0a0h2vc22_9dir_b,tbdt,,A0A0H2VC22,9DIR,B,raw_af2/AF-A0A0H2VC22-F1-model_v6.pdb,raw_pdb/9DIR.cif,substrate_bound,substrate_bound,heme,heme,,,,false,,2.97,ELECTRON MICROSCOPY,,train,gold candidate from RCSB:TBDT_Pfam_InterPro_text; region annotation required before supervised displacement use.,gold_displacement,gold,1.0,RCSB,RCSB:TBDT_Pfam_InterPro_text,9DIR_2,632,0.9753086419753086,0,0,A0A0H2VC22,6,cif:downloaded;afdb:exists
tbdt_g3xd89,tbdt_g3xd89_6fom_a,tbdt,,G3XD89,6FOM,A,raw_af2/AF-G3XD89-F1-model_v6.pdb,raw_pdb/6FOM.pdb,apo,apo,none,none,,,,false,,2.9,X-RAY DIFFRACTION,,train,gold candidate from RCSB:TBDT_Pfam_InterPro_text; region annotation required before supervised displacement use.,gold_displacement,gold,1.0,RCSB,RCSB:TBDT_Pfam_InterPro_text,6FOM_1,723,1.0,2,0,G3XD89,6,pdb:exists;afdb:exists
tbdt_a0a023l3g7,tbdt_a0a023l3g7_9dhe_a,tbdt,,A0A023L3G7,9DHE,A,raw_af2/AF-A0A023L3G7-F1-model_v6.pdb,raw_pdb/9DHE.pdb,substrate_bound,substrate_bound,heme,heme,HEM,,,false,,3.2,X-RAY DIFFRACTION,,val,gold candidate from RCSB:TBDT_Pfam_InterPro_text; region annotation required before supervised displacement use.,gold_displacement,gold,1.0,RCSB,RCSB:TBDT_Pfam_InterPro_text,9DHE_1,632,0.9575757575757575,0,0,A0A023L3G7,6,pdb:exists;afdb:exists
btub_q8a7n5,btub_q8a7n5_8blw_a,btub,btub,Q8A7N5,8BLW,A,raw_af2/AF-Q8A7N5-F1-model_v6.pdb,raw_pdb/8BLW.cif,apo,apo,none,none,,,,false,,3.22,ELECTRON MICROSCOPY,,test,gold candidate from RCSB:TBDT_Pfam_InterPro_text; region annotation required before supervised displacement use.,gold_displacement,gold,1.0,RCSB,RCSB:TBDT_Pfam_InterPro_text,8BLW_1,690,1.0,0,0,Q8A7N5,6,cif:downloaded;afdb:exists
tbdt_q8a6w4,tbdt_q8a6w4_5t4y_a,tbdt,,Q8A6W4,5T4Y,A,raw_af2/AF-Q8A6W4-F1-model_v6.pdb,raw_pdb/5T4Y.pdb,apo,apo,none,none,MG,,,false,,3.1,X-RAY DIFFRACTION,,val,gold candidate from RCSB:TBDT_Pfam_InterPro_text; region annotation required before supervised displacement use.,gold_displacement,gold,1.0,RCSB,RCSB:TBDT_Pfam_InterPro_text,5T4Y_1,576,1.0,0,0,Q8A6W4,6,pdb:exists;afdb:exists
tbdt_q8a6w4,tbdt_q8a6w4_5t3r_a,tbdt,,Q8A6W4,5T3R,A,raw_af2/AF-Q8A6W4-F1-model_v6.pdb,raw_pdb/5T3R.pdb,apo,apo,none,none,MG;NA,,,false,,3.1,X-RAY DIFFRACTION,,val,gold candidate from RCSB:TBDT_Pfam_InterPro_text; region annotation required before supervised displacement use.,gold_displacement,gold,1.0,RCSB,RCSB:TBDT_Pfam_InterPro_text,5T3R_1,576,1.0,0,0,Q8A6W4,6,pdb:exists;afdb:exists
tbdt_q7mxj7,tbdt_q7mxj7_6sm3_b,tbdt,,Q7MXJ7,6SM3,B,raw_af2/AF-Q7MXJ7-F1-model_v6.pdb,raw_pdb/6SM3.pdb,uncertain,uncertain,none,none,5PL;PLM,,,false,,3.3,ELECTRON MICROSCOPY,,train,gold candidate from RCSB:TBDT_Pfam_InterPro_text; region annotation required before supervised displacement use.,gold_displacement,gold,1.0,RCSB,RCSB:TBDT_Pfam_InterPro_text,6SM3_2,903,0.887905604719764,0,0,Q7MXJ7,6,pdb:exists;afdb:exists
tbdt_q7mxj7,tbdt_q7mxj7_6smq_e,tbdt,,Q7MXJ7,6SMQ,E,raw_af2/AF-Q7MXJ7-F1-model_v6.pdb,raw_pdb/6SMQ.pdb,uncertain,uncertain,none,none,5PL;PLM,,,false,,3.3,ELECTRON MICROSCOPY,,train,gold candidate from RCSB:TBDT_Pfam_InterPro_text; region annotation required before supervised displacement use.,gold_displacement,gold,1.0,RCSB,RCSB:TBDT_Pfam_InterPro_text,6SMQ_4,915,0.8997050147492626,0,0,Q7MXJ7,6,pdb:exists;afdb:exists
tbdt_q7mxj7,tbdt_q7mxj7_6smq_b,tbdt,,Q7MXJ7,6SMQ,B,raw_af2/AF-Q7MXJ7-F1-model_v6.pdb,raw_pdb/6SMQ.pdb,uncertain,uncertain,none,none,5PL;PLM,,,false,,3.3,ELECTRON MICROSCOPY,,train,gold candidate from RCSB:TBDT_Pfam_InterPro_text; region annotation required before supervised displacement use.,gold_displacement,gold,1.0,RCSB,RCSB:TBDT_Pfam_InterPro_text,6SMQ_2,903,0.887905604719764,0,0,Q7MXJ7,6,pdb:exists;afdb:exists
tbdt_q9jpj0,tbdt_q9jpj0_9dc4_a,tbdt,,Q9JPJ0,9DC4,A,raw_af2/AF-Q9JPJ0-F1-model_v6.pdb,raw_pdb/9DC4.cif,substrate_bound,substrate_bound,unknown_siderophore,unknown_siderophore,BCT;FE,,,false,,3.1,ELECTRON MICROSCOPY,,train,gold candidate from RCSB:TBDT_Pfam_InterPro_text; region annotation required before supervised displacement use.,gold_displacement,gold,1.0,RCSB,RCSB:TBDT_Pfam_InterPro_text,9DC4_1,915,0.9737704918032787,0,0,Q9JPJ0,6,cif:downloaded;afdb:exists
tbdt_q7mxj7,tbdt_q7mxj7_6slj_a,tbdt,,Q7MXJ7,6SLJ,A,raw_af2/AF-Q7MXJ7-F1-model_v6.pdb,raw_pdb/6SLJ.pdb,uncertain,uncertain,none,none,PLM,,,false,,3.04,X-RAY DIFFRACTION,,train,gold candidate from RCSB:TBDT_Pfam_InterPro_text; region annotation required before supervised displacement use.,gold_displacement,gold,1.0,RCSB,RCSB:TBDT_Pfam_InterPro_text,6SLJ_1,997,0.9803343166175025,0,0,Q7MXJ7,6,pdb:exists;afdb:exists
tbdt_f5h948,tbdt_f5h948_6sml_a,tbdt,,F5H948,6SML,A,raw_af2/AF-F5H948-F1-model_v6.pdb,raw_pdb/6SML.pdb,uncertain,uncertain,none,none,5PL,,,false,,3.4,ELECTRON MICROSCOPY,,train,gold candidate from RCSB:TBDT_Pfam_InterPro_text; region annotation required before supervised displacement use.,gold_displacement,gold,1.0,RCSB,RCSB:TBDT_Pfam_InterPro_text,6SML_1,482,0.9620758483033932,0,0,F5H948,6,pdb:exists;afdb:exists
tbdt_q7mxj7,tbdt_q7mxj7_6sli_b,tbdt,,Q7MXJ7,6SLI,B,raw_af2/AF-Q7MXJ7-F1-model_v6.pdb,raw_pdb/6SLI.pdb,uncertain,uncertain,none,none,5PL,,,false,,3.38,X-RAY DIFFRACTION,,train,gold candidate from RCSB:TBDT_Pfam_InterPro_text; region annotation required before supervised displacement use.,gold_displacement,gold,1.0,RCSB,RCSB:TBDT_Pfam_InterPro_text,6SLI_2,997,0.9803343166175025,0,0,Q7MXJ7,6,pdb:exists;afdb:exists
tbdt_f5h948,tbdt_f5h948_6sln_c,tbdt,,F5H948,6SLN,C,raw_af2/AF-F5H948-F1-model_v6.pdb,raw_pdb/6SLN.pdb,uncertain,uncertain,none,none,PLM,,,false,,2.61,X-RAY DIFFRACTION,,train,gold candidate from RCSB:TBDT_Pfam_InterPro_text; region annotation required before supervised displacement use.,gold_displacement,gold,1.0,RCSB,RCSB:TBDT_Pfam_InterPro_text,6SLN_2,488,0.9620758483033932,0,0,F5H948,6,pdb:exists;afdb:exists
tbdt_g3xd89,tbdt_g3xd89_6z8y_a,tbdt,,G3XD89,6Z8Y,A,raw_af2/AF-G3XD89-F1-model_v6.pdb,raw_pdb/6Z8Y.pdb,apo,apo,none,none,,,,false,,2.78,X-RAY DIFFRACTION,,train,gold candidate from RCSB:TBDT_Pfam_InterPro_text; region annotation required before supervised displacement use.,gold_displacement,gold,1.0,RCSB,RCSB:TBDT_Pfam_InterPro_text,6Z8Y_1,723,1.0,1,0,G3XD89,6,pdb:exists;afdb:exists
tbdt_g3xd89,tbdt_g3xd89_6z8z_a,tbdt,,G3XD89,6Z8Z,A,raw_af2/AF-G3XD89-F1-model_v6.pdb,raw_pdb/6Z8Z.pdb,apo,apo,none,none,,,,false,,2.56,X-RAY DIFFRACTION,,train,gold candidate from RCSB:TBDT_Pfam_InterPro_text; region annotation required before supervised displacement use.,gold_displacement,gold,1.0,RCSB,RCSB:TBDT_Pfam_InterPro_text,6Z8Z_1,723,1.0,1,0,G3XD89,6,pdb:exists;afdb:exists
tbdt_g3xd89,tbdt_g3xd89_6z8u_a,tbdt,,G3XD89,6Z8U,A,raw_af2/AF-G3XD89-F1-model_v6.pdb,raw_pdb/6Z8U.pdb,substrate_bound,substrate_bound,unknown_siderophore,unknown_siderophore,AG,,,false,,2.61,X-RAY DIFFRACTION,,train,gold candidate from RCSB:TBDT_Pfam_InterPro_text; region annotation required before supervised displacement use.,gold_displacement,gold,1.0,RCSB,RCSB:TBDT_Pfam_InterPro_text,6Z8U_1,723,1.0,1,0,G3XD89,6,pdb:exists;afdb:exists
tbdt_g3xd89,tbdt_g3xd89_6z91_a,tbdt,,G3XD89,6Z91,A,raw_af2/AF-G3XD89-F1-model_v6.pdb,raw_pdb/6Z91.pdb,substrate_bound,substrate_bound,unknown_siderophore,unknown_siderophore,AG,,,false,,2.6,X-RAY DIFFRACTION,,train,gold candidate from RCSB:TBDT_Pfam_InterPro_text; region annotation required before supervised displacement use.,gold_displacement,gold,1.0,RCSB,RCSB:TBDT_Pfam_InterPro_text,6Z91_1,723,1.0,1,0,G3XD89,6,pdb:exists;afdb:exists
tbdt_g3xd89,tbdt_g3xd89_6z8s_a,tbdt,,G3XD89,6Z8S,A,raw_af2/AF-G3XD89-F1-model_v6.pdb,raw_pdb/6Z8S.pdb,substrate_bound,substrate_bound,unknown_siderophore,unknown_siderophore,CU1,,,false,,2.37,X-RAY DIFFRACTION,,train,gold candidate from RCSB:TBDT_Pfam_InterPro_text; region annotation required before supervised displacement use.,gold_displacement,gold,1.0,RCSB,RCSB:TBDT_Pfam_InterPro_text,6Z8S_1,723,1.0,1,0,G3XD89,6,pdb:exists;afdb:exists
tbdt_g3xd89,tbdt_g3xd89_6z8q_a,tbdt,,G3XD89,6Z8Q,A,raw_af2/AF-G3XD89-F1-model_v6.pdb,raw_pdb/6Z8Q.pdb,substrate_bound,substrate_bound,unknown_siderophore,unknown_siderophore,AG,,,false,,2.71,X-RAY DIFFRACTION,,train,gold candidate from RCSB:TBDT_Pfam_InterPro_text; region annotation required before supervised displacement use.,gold_displacement,gold,1.0,RCSB,RCSB:TBDT_Pfam_InterPro_text,6Z8Q_1,723,1.0,0,0,G3XD89,6,pdb:exists;afdb:exists
tbdt_g3xd89,tbdt_g3xd89_6z8r_a,tbdt,,G3XD89,6Z8R,A,raw_af2/AF-G3XD89-F1-model_v6.pdb,raw_pdb/6Z8R.pdb,substrate_bound,substrate_bound,unknown_siderophore,unknown_siderophore,CU,,,false,,2.38,X-RAY DIFFRACTION,,train,gold candidate from RCSB:TBDT_Pfam_InterPro_text; region annotation required before supervised displacement use.,gold_displacement,gold,1.0,RCSB,RCSB:TBDT_Pfam_InterPro_text,6Z8R_1,723,1.0,1,0,G3XD89,6,pdb:exists;afdb:exists
tbdt_g3xd89,tbdt_g3xd89_6z8t_a,tbdt,,G3XD89,6Z8T,A,raw_af2/AF-G3XD89-F1-model_v6.pdb,raw_pdb/6Z8T.pdb,substrate_bound,substrate_bound,unknown_siderophore,unknown_siderophore,AG,,,false,,2.86,X-RAY DIFFRACTION,,train,gold candidate from RCSB:TBDT_Pfam_InterPro_text; region annotation required before supervised displacement use.,gold_displacement,gold,1.0,RCSB,RCSB:TBDT_Pfam_InterPro_text,6Z8T_1,723,1.0,1,0,G3XD89,6,pdb:exists;afdb:exists
tbdt_g3xd89,tbdt_g3xd89_6z99_a,tbdt,,G3XD89,6Z99,A,raw_af2/AF-G3XD89-F1-model_v6.pdb,raw_pdb/6Z99.pdb,substrate_bound,substrate_bound,unknown_siderophore,unknown_siderophore,AG,,,false,,2.68,X-RAY DIFFRACTION,,train,gold candidate from RCSB:TBDT_Pfam_InterPro_text; region annotation required before supervised displacement use.,gold_displacement,gold,1.0,RCSB,RCSB:TBDT_Pfam_InterPro_text,6Z99_1,723,1.0,1,0,G3XD89,6,pdb:exists;afdb:exists
btub_p06129,btub_p06129_1nqg_a,btub,btub,P06129,1NQG,A,raw_af2/AF-P06129-F1-model_v6.pdb,raw_pdb/1NQG.pdb,substrate_bound,substrate_bound,cobalamin,cobalamin,CA,,,false,,3.31,X-RAY DIFFRACTION,,test,gold candidate from RCSB:TBDT_Pfam_InterPro_text; region annotation required before supervised displacement use.,gold_displacement,gold,1.0,RCSB,RCSB:TBDT_Pfam_InterPro_text,1NQG_1,594,0.9674267100977199,0,0,P06129,6,pdb:exists;afdb:exists
btub_p06129,btub_p06129_3rgn_a,btub,btub,P06129,3RGN,A,raw_af2/AF-P06129-F1-model_v6.pdb,raw_pdb/3RGN.pdb,substrate_bound,substrate_bound,cobalamin,cobalamin,MG;MTN,,,false,,2.3,X-RAY DIFFRACTION,,test,gold candidate from RCSB:TBDT_Pfam_InterPro_text; region annotation required before supervised displacement use.,gold_displacement,gold,1.0,RCSB,RCSB:TBDT_Pfam_InterPro_text,3RGN_1,594,0.9674267100977199,1,0,P06129,6,pdb:exists;afdb:exists
btub_p06129,btub_p06129_1nqf_a,btub,btub,P06129,1NQF,A,raw_af2/AF-P06129-F1-model_v6.pdb,raw_pdb/1NQF.pdb,substrate_bound,substrate_bound,cobalamin,cobalamin,MG,,,false,,2.7,X-RAY DIFFRACTION,,test,gold candidate from RCSB:TBDT_Pfam_InterPro_text; region annotation required before supervised displacement use.,gold_displacement,gold,1.0,RCSB,RCSB:TBDT_Pfam_InterPro_text,1NQF_1,594,0.9674267100977199,8,0,P06129,6,pdb:exists;afdb:exists
tbdt_g3xd89,tbdt_g3xd89_6z9n_a,tbdt,,G3XD89,6Z9N,A,raw_af2/AF-G3XD89-F1-model_v6.pdb,raw_pdb/6Z9N.pdb,substrate_bound,substrate_bound,unknown_siderophore,unknown_siderophore,CU,,,false,,2.73,X-RAY DIFFRACTION,,train,gold candidate from RCSB:TBDT_Pfam_InterPro_text; region annotation required before supervised displacement use.,gold_displacement,gold,1.0,RCSB,RCSB:TBDT_Pfam_InterPro_text,6Z9N_1,723,1.0,1,0,G3XD89,6,pdb:exists;afdb:exists
tbdt_g3xd89,tbdt_g3xd89_6z9y_a,tbdt,,G3XD89,6Z9Y,A,raw_af2/AF-G3XD89-F1-model_v6.pdb,raw_pdb/6Z9Y.pdb,substrate_bound,substrate_bound,unknown_siderophore,unknown_siderophore,CU,,,false,,2.95,X-RAY DIFFRACTION,,train,gold candidate from RCSB:TBDT_Pfam_InterPro_text; region annotation required before supervised displacement use.,gold_displacement,gold,1.0,RCSB,RCSB:TBDT_Pfam_InterPro_text,6Z9Y_1,723,1.0,1,0,G3XD89,6,pdb:exists;afdb:exists
btub_p06129,btub_p06129_3m8b_a,btub,btub,P06129,3M8B,A,raw_af2/AF-P06129-F1-model_v6.pdb,raw_pdb/3M8B.pdb,substrate_bound,substrate_bound,cobalamin,cobalamin,MG;MTN,,,false,,2.44,X-RAY DIFFRACTION,,test,gold candidate from RCSB:TBDT_Pfam_InterPro_text; region annotation required before supervised displacement use.,gold_displacement,gold,1.0,RCSB,RCSB:TBDT_Pfam_InterPro_text,3M8B_1,594,0.9674267100977199,0,0,P06129,6,pdb:exists;afdb:exists
btub_p06129,btub_p06129_3rgm_a,btub,btub,P06129,3RGM,A,raw_af2/AF-P06129-F1-model_v6.pdb,raw_pdb/3RGM.pdb,substrate_bound,substrate_bound,cobalamin,cobalamin,MTN,,,false,,2.6,X-RAY DIFFRACTION,,test,gold candidate from RCSB:TBDT_Pfam_InterPro_text; region annotation required before supervised displacement use.,gold_displacement,gold,1.0,RCSB,RCSB:TBDT_Pfam_InterPro_text,3RGM_1,594,0.9674267100977199,1,0,P06129,6,pdb:exists;afdb:exists
tbdt_p17315,tbdt_p17315_9nn6_a,tbdt,,P17315,9NN6,A,raw_af2/AF-P17315-F1-model_v6.pdb,raw_pdb/9NN6.pdb,substrate_bound,substrate_bound,unknown_siderophore,unknown_siderophore,,,,false,,2.9,ELECTRON MICROSCOPY,,test,gold candidate from RCSB:TBDT_Pfam_InterPro_text; region annotation required before supervised displacement use.,gold_displacement,gold,1.0,RCSB,RCSB:TBDT_Pfam_InterPro_text,9NN6_1,632,0.9532428355957768,4,0,P17315,6,pdb:exists;afdb:exists
btub_p06129,btub_p06129_1nqh_a,btub,btub,P06129,1NQH,A,raw_af2/AF-P06129-F1-model_v6.pdb,raw_pdb/1NQH.pdb,substrate_bound,substrate_bound,cobalamin,cobalamin,CA,,,false,,3.1,X-RAY DIFFRACTION,,test,gold candidate from RCSB:TBDT_Pfam_InterPro_text; region annotation required before supervised displacement use.,gold_displacement,gold,1.0,RCSB,RCSB:TBDT_Pfam_InterPro_text,1NQH_1,594,0.9674267100977199,0,0,P06129,6,pdb:exists;afdb:exists
btub_q8a5z2,btub_q8a5z2_8p97_a,btub,btub,Q8A5Z2,8P97,A,raw_af2/AF-Q8A5Z2-F1-model_v6.pdb,raw_pdb/8P97.pdb,substrate_bound,substrate_bound,cobalamin,cobalamin,,,,false,,2.75,ELECTRON MICROSCOPY,,train,gold candidate from RCSB:TBDT_Pfam_InterPro_text; region annotation required before supervised displacement use.,gold_displacement,gold,1.0,RCSB,RCSB:TBDT_Pfam_InterPro_text,8P97_1,693,1.0,0,0,Q8A5Z2,6,pdb:exists;afdb:exists
btub_q8a5z2,btub_q8a5z2_8p98_a,btub,btub,Q8A5Z2,8P98,A,raw_af2/AF-Q8A5Z2-F1-model_v6.pdb,raw_pdb/8P98.pdb,substrate_bound,substrate_bound,cobalamin,cobalamin,,,,false,,2.97,ELECTRON MICROSCOPY,,train,gold candidate from RCSB:TBDT_Pfam_InterPro_text; region annotation required before supervised displacement use.,gold_displacement,gold,1.0,RCSB,RCSB:TBDT_Pfam_InterPro_text,8P98_1,713,1.0,0,0,Q8A5Z2,6,pdb:exists;afdb:exists
tbdt_q79ad2,tbdt_q79ad2_3csn_a,tbdt,,Q79AD2,3CSN,A,raw_af2/AF-Q79AD2-F1-model_v6.pdb,raw_pdb/3CSN.pdb,substrate_bound,substrate_bound,heme,heme,,,,false,,3.0,X-RAY DIFFRACTION,,train,gold candidate from RCSB:TBDT_Pfam_InterPro_text; region annotation required before supervised displacement use.,gold_displacement,gold,1.0,RCSB,RCSB:TBDT_Pfam_InterPro_text,3CSN_1,865,0.9621802002224694,0,0,Q79AD2,6,pdb:exists;afdb:exists
tbdt_q64ue4,tbdt_q64ue4_8ypu_c,tbdt,,Q64UE4,8YPU,C,raw_af2/AF-Q64UE4-F1-model_v6.pdb,raw_pdb/8YPU.pdb,apo,apo,none,none,,,,false,,2.97,ELECTRON MICROSCOPY,,train,gold candidate from RCSB:TBDT_Pfam_InterPro_text; region annotation required before supervised displacement use.,gold_displacement,gold,1.0,RCSB,RCSB:TBDT_Pfam_InterPro_text,8YPU_2,987,0.896457765667575,1,0,Q64UE4,6,pdb:exists;afdb:exists
tbdt_q79ad2,tbdt_q79ad2_3ddr_a,tbdt,,Q79AD2,3DDR,A,raw_af2/AF-Q79AD2-F1-model_v6.pdb,raw_pdb/3DDR.pdb,substrate_bound,substrate_bound,heme,heme,HEM,,,false,,2.8,X-RAY DIFFRACTION,,train,gold candidate from RCSB:TBDT_Pfam_InterPro_text; region annotation required before supervised displacement use.,gold_displacement,gold,1.0,RCSB,RCSB:TBDT_Pfam_InterPro_text,3DDR_1,865,0.9477196885428254,1,0,Q79AD2,6,pdb:exists;afdb:exists
tbdt_q64ue4,tbdt_q64ue4_8ypt_c,tbdt,,Q64UE4,8YPT,C,raw_af2/AF-Q64UE4-F1-model_v6.pdb,raw_pdb/8YPT.pdb,apo,apo,none,none,,,,false,,3.05,ELECTRON MICROSCOPY,,train,gold candidate from RCSB:TBDT_Pfam_InterPro_text; region annotation required before supervised displacement use.,gold_displacement,gold,1.0,RCSB,RCSB:TBDT_Pfam_InterPro_text,8YPT_2,986,0.8955495004541326,0,0,Q64UE4,6,pdb:exists;afdb:exists
tbdt_q8a5h5,tbdt_q8a5h5_5fq7_b,tbdt,,Q8A5H5,5FQ7,B,raw_af2/AF-Q8A5H5-F1-model_v6.pdb,raw_pdb/5FQ7.pdb,apo,apo,none,none,MG;NA,,,false,,3.4,X-RAY DIFFRACTION,,train,gold candidate from RCSB:TBDT_Pfam_InterPro_text; region annotation required before supervised displacement use.,gold_displacement,gold,1.0,RCSB,RCSB:TBDT_Pfam_InterPro_text,5FQ7_2,984,1.0,0,0,Q8A5H5,6,pdb:exists;afdb:exists
tbdt_q8a5h6,tbdt_q8a5h6_5fq6_a,tbdt,,Q8A5H6,5FQ6,A,raw_af2/AF-Q8A5H6-F1-model_v6.pdb,raw_pdb/5FQ6.pdb,metal_only,metal_only,none,none,CA;NA,,,false,,2.8,X-RAY DIFFRACTION,,test,gold candidate from RCSB:TBDT_Pfam_InterPro_text; region annotation required before supervised displacement use.,gold_displacement,gold,1.0,RCSB,RCSB:TBDT_Pfam_InterPro_text,5FQ6_1,480,0.963855421686747,0,0,Q8A5H6,6,pdb:exists;afdb:exists
tbdt_q8a5h5,tbdt_q8a5h5_5fq8_b,tbdt,,Q8A5H5,5FQ8,B,raw_af2/AF-Q8A5H5-F1-model_v6.pdb,raw_pdb/5FQ8.pdb,uncertain,uncertain,none,none,CA;KR0;MG,,,false,,2.75,X-RAY DIFFRACTION,,train,gold candidate from RCSB:TBDT_Pfam_InterPro_text; region annotation required before supervised displacement use.,gold_displacement,gold,1.0,RCSB,RCSB:TBDT_Pfam_InterPro_text,5FQ8_2,984,1.0,0,0,Q8A5H5,6,pdb:exists;afdb:exists
tbdt_p02787,tbdt_p02787_3v8x_b,tbdt,,P02787,3V8X,B,raw_af2/AF-P02787-F1-model_v6.pdb,raw_pdb/3V8X.pdb,apo,apo,none,none,,,,false,,2.6,X-RAY DIFFRACTION,,train,gold candidate from RCSB:TBDT_Pfam_InterPro_text; region annotation required before supervised displacement use.,gold_displacement,gold,1.0,RCSB,RCSB:TBDT_Pfam_InterPro_text,3V8X_2,698,1.0,1,0,P02787,6,pdb:exists;afdb:exists
tbdt_p0dsn2,tbdt_p0dsn2_6r2q_b,tbdt,,P0DSN2,6R2Q,B,raw_af2/AF-P0DSN2-F1-model_v6.pdb,raw_pdb/6R2Q.pdb,substrate_bound,substrate_bound,heme,heme,CA;HEC,,,false,,2.697,X-RAY DIFFRACTION,,val,gold candidate from RCSB:TBDT_Pfam_InterPro_text; region annotation required before supervised displacement use.,gold_displacement,gold,1.0,RCSB,RCSB:TBDT_Pfam_InterPro_text,6R2Q_2,695,1.0,0,0,P0DSN2,6,pdb:exists;afdb:exists
tbdt_p0dsn4,tbdt_p0dsn4_6r2q_c,tbdt,,P0DSN4,6R2Q,C,raw_af2/AF-P0DSN4-F1-model_v6.pdb,raw_pdb/6R2Q.pdb,unknown,unknown,heme,heme,CA;HEC,,,false,,2.697,X-RAY DIFFRACTION,,train,silver candidate from RCSB:mpstruc_OPM_beta_barrel; region annotation required before supervised displacement use.,silver_betaomp_displacement,silver,0.35,RCSB,RCSB:mpstruc_OPM_beta_barrel,6R2Q_3,650,1.0,0,0,P0DSN4,6,pdb:exists;afdb:downloaded
tbdt_p0dsn3,tbdt_p0dsn3_6r2q_a,tbdt,,P0DSN3,6R2Q,A,raw_af2/AF-P0DSN3-F1-model_v6.pdb,raw_pdb/6R2Q.pdb,unknown,unknown,heme,heme,CA;HEC,,,false,,2.697,X-RAY DIFFRACTION,,train,silver candidate from RCSB:mpstruc_OPM_beta_barrel; region annotation required before supervised displacement use.,silver_betaomp_displacement,silver,0.35,RCSB,RCSB:mpstruc_OPM_beta_barrel,6R2Q_1,333,1.0,0,0,P0DSN3,6,pdb:exists;afdb:downloaded
tbdt_a5fjm7,tbdt_a5fjm7_6h3i_f,tbdt,,A5FJM7,6H3I,F,raw_af2/AF-A5FJM7-F1-model_v6.pdb,raw_pdb/6H3I.pdb,unknown,unknown,none,none,,,,false,,3.5,ELECTRON MICROSCOPY,,train,silver candidate from RCSB:mpstruc_OPM_beta_barrel; region annotation required before supervised displacement use.,silver_betaomp_displacement,silver,0.35,RCSB,RCSB:mpstruc_OPM_beta_barrel,6H3I_3,402,1.0,0,0,A5FJM7,6,pdb:downloaded;afdb:downloaded
tbdt_p0a940,tbdt_p0a940_5d0o_a,tbdt,,P0A940,5D0O,A,raw_af2/AF-P0A940-F1-model_v6.pdb,raw_pdb/5D0O.pdb,unknown,unknown,none,none,,,,false,,2.9,X-RAY DIFFRACTION,,train,silver candidate from RCSB:mpstruc_OPM_beta_barrel; region annotation required before supervised displacement use.,silver_betaomp_displacement,silver,0.35,RCSB,RCSB:mpstruc_OPM_beta_barrel,5D0O_1,810,1.0,0,0,P0A940,6,pdb:downloaded;afdb:downloaded
tbdt_p77774,tbdt_p77774_5d0o_b,tbdt,,P77774,5D0O,B,raw_af2/AF-P77774-F1-model_v6.pdb,raw_pdb/5D0O.pdb,unknown,unknown,none,none,,,,false,,2.9,X-RAY DIFFRACTION,,train,silver candidate from RCSB:mpstruc_OPM_beta_barrel; region annotation required before supervised displacement use.,silver_betaomp_displacement,silver,0.35,RCSB,RCSB:mpstruc_OPM_beta_barrel,5D0O_2,392,1.0,0,0,P77774,6,pdb:downloaded;afdb:downloaded
tbdt_p0a903,tbdt_p0a903_5d0o_c,tbdt,,P0A903,5D0O,C,raw_af2/AF-P0A903-F1-model_v6.pdb,raw_pdb/5D0O.pdb,unknown,unknown,none,none,,,,false,,2.9,X-RAY DIFFRACTION,,train,silver candidate from RCSB:mpstruc_OPM_beta_barrel; region annotation required before supervised displacement use.,silver_betaomp_displacement,silver,0.35,RCSB,RCSB:mpstruc_OPM_beta_barrel,5D0O_3,344,1.0,0,0,P0A903,6,pdb:downloaded;afdb:downloaded
tbdt_p0a937,tbdt_p0a937_5d0o_e,tbdt,,P0A937,5D0O,E,raw_af2/AF-P0A937-F1-model_v6.pdb,raw_pdb/5D0O.pdb,unknown,unknown,none,none,,,,false,,2.9,X-RAY DIFFRACTION,,test,silver candidate from RCSB:mpstruc_OPM_beta_barrel; region annotation required before supervised displacement use.,silver_betaomp_displacement,silver,0.35,RCSB,RCSB:mpstruc_OPM_beta_barrel,5D0O_5,123,1.0,0,0,P0A937,6,pdb:downloaded;afdb:downloaded
tbdt_p0ac02,tbdt_p0ac02_6lys_d,tbdt,,P0AC02,6LYS,D,raw_af2/AF-P0AC02-F1-model_v6.pdb,raw_pdb/6LYS.pdb,unknown,unknown,none,none,,,,false,,3.05,X-RAY DIFFRACTION,,train,silver candidate from RCSB:mpstruc_OPM_beta_barrel; region annotation required before supervised displacement use.,silver_betaomp_displacement,silver,0.35,RCSB,RCSB:mpstruc_OPM_beta_barrel,6LYS_3,245,1.0,0,0,P0AC02,6,pdb:downloaded;afdb:downloaded
tbdt_p0a903,tbdt_p0a903_6lys_c,tbdt,,P0A903,6LYS,C,raw_af2/AF-P0A903-F1-model_v6.pdb,raw_pdb/6LYS.pdb,unknown,unknown,none,none,,,,false,,3.05,X-RAY DIFFRACTION,,train,silver candidate from RCSB:mpstruc_OPM_beta_barrel; region annotation required before supervised displacement use.,silver_betaomp_displacement,silver,0.35,RCSB,RCSB:mpstruc_OPM_beta_barrel,6LYS_5,344,1.0,0,0,P0A903,6,pdb:downloaded;afdb:downloaded
tbdt_p0a940,tbdt_p0a940_8adg_a,tbdt,,P0A940,8ADG,A,raw_af2/AF-P0A940-F1-model_v6.pdb,raw_pdb/8ADG.pdb,unknown,unknown,none,none,,,,false,,3.0,ELECTRON MICROSCOPY,,train,silver candidate from RCSB:mpstruc_OPM_beta_barrel; region annotation required before supervised displacement use.,silver_betaomp_displacement,silver,0.35,RCSB,RCSB:mpstruc_OPM_beta_barrel,8ADG_1,813,1.0,0,0,P0A940,6,pdb:downloaded;afdb:downloaded
tbdt_p0ac02,tbdt_p0ac02_8adg_d,tbdt,,P0AC02,8ADG,D,raw_af2/AF-P0AC02-F1-model_v6.pdb,raw_pdb/8ADG.pdb,unknown,unknown,none,none,,,,false,,3.0,ELECTRON MICROSCOPY,,train,silver candidate from RCSB:mpstruc_OPM_beta_barrel; region annotation required before supervised displacement use.,silver_betaomp_displacement,silver,0.35,RCSB,RCSB:mpstruc_OPM_beta_barrel,8ADG_4,248,1.0,0,0,P0AC02,6,pdb:downloaded;afdb:downloaded
tbdt_p0ac02,tbdt_p0ac02_8adi_d,tbdt,,P0AC02,8ADI,D,raw_af2/AF-P0AC02-F1-model_v6.pdb,raw_pdb/8ADI.pdb,unknown,unknown,none,none,,,,false,,3.4,ELECTRON MICROSCOPY,,train,silver candidate from RCSB:mpstruc_OPM_beta_barrel; region annotation required before supervised displacement use.,silver_betaomp_displacement,silver,0.35,RCSB,RCSB:mpstruc_OPM_beta_barrel,8ADI_4,248,1.0,0,0,P0AC02,6,pdb:downloaded;afdb:downloaded
tbdt_p0ac02,tbdt_p0ac02_5d0o_d,tbdt,,P0AC02,5D0O,D,raw_af2/AF-P0AC02-F1-model_v6.pdb,raw_pdb/5D0O.pdb,unknown,unknown,none,none,,,,false,,2.9,X-RAY DIFFRACTION,,train,silver candidate from RCSB:mpstruc_OPM_beta_barrel; region annotation required before supervised displacement use.,silver_betaomp_displacement,silver,0.35,RCSB,RCSB:mpstruc_OPM_beta_barrel,5D0O_4,245,1.0,0,0,P0AC02,6,pdb:downloaded;afdb:downloaded
tbdt_p0a940,tbdt_p0a940_6lys_a,tbdt,,P0A940,6LYS,A,raw_af2/AF-P0A940-F1-model_v6.pdb,raw_pdb/6LYS.pdb,unknown,unknown,none,none,,,,false,,3.05,X-RAY DIFFRACTION,,train,silver candidate from RCSB:mpstruc_OPM_beta_barrel; region annotation required before supervised displacement use.,silver_betaomp_displacement,silver,0.35,RCSB,RCSB:mpstruc_OPM_beta_barrel,6LYS_1,810,1.0,0,0,P0A940,6,pdb:downloaded;afdb:downloaded
tbdt_p77774,tbdt_p77774_6lys_b,tbdt,,P77774,6LYS,B,raw_af2/AF-P77774-F1-model_v6.pdb,raw_pdb/6LYS.pdb,unknown,unknown,none,none,,,,false,,3.05,X-RAY DIFFRACTION,,train,silver candidate from RCSB:mpstruc_OPM_beta_barrel; region annotation required before supervised displacement use.,silver_betaomp_displacement,silver,0.35,RCSB,RCSB:mpstruc_OPM_beta_barrel,6LYS_2,400,1.0,0,0,P77774,6,pdb:downloaded;afdb:downloaded
tbdt_p0a940,tbdt_p0a940_8adi_a,tbdt,,P0A940,8ADI,A,raw_af2/AF-P0A940-F1-model_v6.pdb,raw_pdb/8ADI.pdb,unknown,unknown,none,none,,,,false,,3.4,ELECTRON MICROSCOPY,,train,silver candidate from RCSB:mpstruc_OPM_beta_barrel; region annotation required before supervised displacement use.,silver_betaomp_displacement,silver,0.35,RCSB,RCSB:mpstruc_OPM_beta_barrel,8ADI_1,813,1.0,0,0,P0A940,6,pdb:downloaded;afdb:downloaded
tbdt_p77774,tbdt_p77774_8adi_b,tbdt,,P77774,8ADI,B,raw_af2/AF-P77774-F1-model_v6.pdb,raw_pdb/8ADI.pdb,unknown,unknown,none,none,,,,false,,3.4,ELECTRON MICROSCOPY,,train,silver candidate from RCSB:mpstruc_OPM_beta_barrel; region annotation required before supervised displacement use.,silver_betaomp_displacement,silver,0.35,RCSB,RCSB:mpstruc_OPM_beta_barrel,8ADI_2,405,1.0,0,0,P77774,6,pdb:downloaded;afdb:downloaded
tbdt_p77774,tbdt_p77774_8adg_b,tbdt,,P77774,8ADG,B,raw_af2/AF-P77774-F1-model_v6.pdb,raw_pdb/8ADG.pdb,unknown,unknown,none,none,,,,false,,3.0,ELECTRON MICROSCOPY,,train,silver candidate from RCSB:mpstruc_OPM_beta_barrel; region annotation required before supervised displacement use.,silver_betaomp_displacement,silver,0.35,RCSB,RCSB:mpstruc_OPM_beta_barrel,8ADG_2,405,1.0,0,0,P77774,6,pdb:downloaded;afdb:downloaded
tbdt_p0a903,tbdt_p0a903_8adg_c,tbdt,,P0A903,8ADG,C,raw_af2/AF-P0A903-F1-model_v6.pdb,raw_pdb/8ADG.pdb,unknown,unknown,none,none,,,,false,,3.0,ELECTRON MICROSCOPY,,train,silver candidate from RCSB:mpstruc_OPM_beta_barrel; region annotation required before supervised displacement use.,silver_betaomp_displacement,silver,0.35,RCSB,RCSB:mpstruc_OPM_beta_barrel,8ADG_3,347,1.0,0,0,P0A903,6,pdb:downloaded;afdb:downloaded
tbdt_p0a937,tbdt_p0a937_8adg_e,tbdt,,P0A937,8ADG,E,raw_af2/AF-P0A937-F1-model_v6.pdb,raw_pdb/8ADG.pdb,unknown,unknown,none,none,,,,false,,3.0,ELECTRON MICROSCOPY,,test,silver candidate from RCSB:mpstruc_OPM_beta_barrel; region annotation required before supervised displacement use.,silver_betaomp_displacement,silver,0.35,RCSB,RCSB:mpstruc_OPM_beta_barrel,8ADG_5,124,1.0,0,0,P0A937,6,pdb:downloaded;afdb:downloaded
tbdt_p0a903,tbdt_p0a903_8adi_c,tbdt,,P0A903,8ADI,C,raw_af2/AF-P0A903-F1-model_v6.pdb,raw_pdb/8ADI.pdb,unknown,unknown,none,none,,,,false,,3.4,ELECTRON MICROSCOPY,,train,silver candidate from RCSB:mpstruc_OPM_beta_barrel; region annotation required before supervised displacement use.,silver_betaomp_displacement,silver,0.35,RCSB,RCSB:mpstruc_OPM_beta_barrel,8ADI_3,347,1.0,0,0,P0A903,6,pdb:downloaded;afdb:downloaded
tbdt_p0a937,tbdt_p0a937_8adi_e,tbdt,,P0A937,8ADI,E,raw_af2/AF-P0A937-F1-model_v6.pdb,raw_pdb/8ADI.pdb,unknown,unknown,none,none,,,,false,,3.4,ELECTRON MICROSCOPY,,test,silver candidate from RCSB:mpstruc_OPM_beta_barrel; region annotation required before supervised displacement use.,silver_betaomp_displacement,silver,0.35,RCSB,RCSB:mpstruc_OPM_beta_barrel,8ADI_5,124,1.0,0,0,P0A937,6,pdb:downloaded;afdb:downloaded
tbdt_p77774,tbdt_p77774_6lyr_b,tbdt,,P77774,6LYR,B,raw_af2/AF-P77774-F1-model_v6.pdb,raw_pdb/6LYR.pdb,unknown,unknown,none,none,,,,false,,3.28,X-RAY DIFFRACTION,,train,silver candidate from RCSB:mpstruc_OPM_beta_barrel; region annotation required before supervised displacement use.,silver_betaomp_displacement,silver,0.35,RCSB,RCSB:mpstruc_OPM_beta_barrel,6LYR_2,400,1.0,0,0,P77774,6,pdb:downloaded;afdb:downloaded
tbdt_p0ac02,tbdt_p0ac02_6lyr_d,tbdt,,P0AC02,6LYR,D,raw_af2/AF-P0AC02-F1-model_v6.pdb,raw_pdb/6LYR.pdb,unknown,unknown,none,none,,,,false,,3.28,X-RAY DIFFRACTION,,train,silver candidate from RCSB:mpstruc_OPM_beta_barrel; region annotation required before supervised displacement use.,silver_betaomp_displacement,silver,0.35,RCSB,RCSB:mpstruc_OPM_beta_barrel,6LYR_4,245,1.0,0,0,P0AC02,6,pdb:downloaded;afdb:downloaded
tbdt_p0a903,tbdt_p0a903_7ri4_c,tbdt,,P0A903,7RI4,C,raw_af2/AF-P0A903-F1-model_v6.pdb,raw_pdb/7RI4.pdb,unknown,unknown,none,none,,,,false,,3.4,ELECTRON MICROSCOPY,,train,silver candidate from RCSB:mpstruc_OPM_beta_barrel; region annotation required before supervised displacement use.,silver_betaomp_displacement,silver,0.35,RCSB,RCSB:mpstruc_OPM_beta_barrel,7RI4_4,344,1.0,0,0,P0A903,6,pdb:downloaded;afdb:downloaded
tbdt_b1xd46,tbdt_b1xd46_8bo2_a,tbdt,,B1XD46,8BO2,A,raw_af2/AF-B1XD46-F1-model_v6.pdb,raw_pdb/8BO2.pdb,unknown,unknown,none,none,,,,false,,3.1,ELECTRON MICROSCOPY,,test,silver candidate from RCSB:mpstruc_OPM_beta_barrel; region annotation required before supervised displacement use.,silver_betaomp_displacement,silver,0.35,RCSB,RCSB:mpstruc_OPM_beta_barrel,8BO2_1,787,0.971604938271605,1,0,B1XD46,6,pdb:downloaded;afdb:downloaded
tbdt_p77774,tbdt_p77774_8bo2_b,tbdt,,P77774,8BO2,B,raw_af2/AF-P77774-F1-model_v6.pdb,raw_pdb/8BO2.pdb,unknown,unknown,none,none,,,,false,,3.1,ELECTRON MICROSCOPY,,train,silver candidate from RCSB:mpstruc_OPM_beta_barrel; region annotation required before supervised displacement use.,silver_betaomp_displacement,silver,0.35,RCSB,RCSB:mpstruc_OPM_beta_barrel,8BO2_2,392,1.0,0,0,P77774,6,pdb:downloaded;afdb:downloaded
tbdt_p0ac02,tbdt_p0ac02_6lyq_d,tbdt,,P0AC02,6LYQ,D,raw_af2/AF-P0AC02-F1-model_v6.pdb,raw_pdb/6LYQ.pdb,unknown,unknown,none,none,,,,false,,3.19,X-RAY DIFFRACTION,,train,silver candidate from RCSB:mpstruc_OPM_beta_barrel; region annotation required before supervised displacement use.,silver_betaomp_displacement,silver,0.35,RCSB,RCSB:mpstruc_OPM_beta_barrel,6LYQ_4,245,1.0,0,0,P0AC02,6,pdb:downloaded;afdb:downloaded
tbdt_p0a940,tbdt_p0a940_6lyr_a,tbdt,,P0A940,6LYR,A,raw_af2/AF-P0A940-F1-model_v6.pdb,raw_pdb/6LYR.pdb,unknown,unknown,none,none,,,,false,,3.28,X-RAY DIFFRACTION,,train,silver candidate from RCSB:mpstruc_OPM_beta_barrel; region annotation required before supervised displacement use.,silver_betaomp_displacement,silver,0.35,RCSB,RCSB:mpstruc_OPM_beta_barrel,6LYR_1,810,1.0,0,0,P0A940,6,pdb:downloaded;afdb:downloaded
tbdt_p0a903,tbdt_p0a903_6lyr_c,tbdt,,P0A903,6LYR,C,raw_af2/AF-P0A903-F1-model_v6.pdb,raw_pdb/6LYR.pdb,unknown,unknown,none,none,,,,false,,3.28,X-RAY DIFFRACTION,,train,silver candidate from RCSB:mpstruc_OPM_beta_barrel; region annotation required before supervised displacement use.,silver_betaomp_displacement,silver,0.35,RCSB,RCSB:mpstruc_OPM_beta_barrel,6LYR_3,344,1.0,0,0,P0A903,6,pdb:downloaded;afdb:downloaded
tbdt_p0a940,tbdt_p0a940_7ri4_a,tbdt,,P0A940,7RI4,A,raw_af2/AF-P0A940-F1-model_v6.pdb,raw_pdb/7RI4.pdb,unknown,unknown,none,none,,,,false,,3.4,ELECTRON MICROSCOPY,,train,silver candidate from RCSB:mpstruc_OPM_beta_barrel; region annotation required before supervised displacement use.,silver_betaomp_displacement,silver,0.35,RCSB,RCSB:mpstruc_OPM_beta_barrel,7RI4_2,810,1.0,0,0,P0A940,6,pdb:downloaded;afdb:downloaded
tbdt_p0a937,tbdt_p0a937_7ri4_e,tbdt,,P0A937,7RI4,E,raw_af2/AF-P0A937-F1-model_v6.pdb,raw_pdb/7RI4.pdb,unknown,unknown,none,none,,,,false,,3.4,ELECTRON MICROSCOPY,,test,silver candidate from RCSB:mpstruc_OPM_beta_barrel; region annotation required before supervised displacement use.,silver_betaomp_displacement,silver,0.35,RCSB,RCSB:mpstruc_OPM_beta_barrel,7RI4_6,123,1.0,0,0,P0A937,6,pdb:downloaded;afdb:downloaded
tbdt_p0a937,tbdt_p0a937_8bnz_e,tbdt,,P0A937,8BNZ,E,raw_af2/AF-P0A937-F1-model_v6.pdb,raw_pdb/8BNZ.pdb,unknown,unknown,none,none,,,,false,,3.5,ELECTRON MICROSCOPY,,test,silver candidate from RCSB:mpstruc_OPM_beta_barrel; region annotation required before supervised displacement use.,silver_betaomp_displacement,silver,0.35,RCSB,RCSB:mpstruc_OPM_beta_barrel,8BNZ_5,123,1.0,0,0,P0A937,6,pdb:downloaded;afdb:downloaded
tbdt_p0ac02,tbdt_p0ac02_8bo2_d,tbdt,,P0AC02,8BO2,D,raw_af2/AF-P0AC02-F1-model_v6.pdb,raw_pdb/8BO2.pdb,unknown,unknown,none,none,,,,false,,3.1,ELECTRON MICROSCOPY,,train,silver candidate from RCSB:mpstruc_OPM_beta_barrel; region annotation required before supervised displacement use.,silver_betaomp_displacement,silver,0.35,RCSB,RCSB:mpstruc_OPM_beta_barrel,8BO2_4,245,1.0,0,0,P0AC02,6,pdb:downloaded;afdb:downloaded
tbdt_p0a937,tbdt_p0a937_8bo2_e,tbdt,,P0A937,8BO2,E,raw_af2/AF-P0A937-F1-model_v6.pdb,raw_pdb/8BO2.pdb,unknown,unknown,none,none,,,,false,,3.1,ELECTRON MICROSCOPY,,test,silver candidate from RCSB:mpstruc_OPM_beta_barrel; region annotation required before supervised displacement use.,silver_betaomp_displacement,silver,0.35,RCSB,RCSB:mpstruc_OPM_beta_barrel,8BO2_5,123,1.0,0,0,P0A937,6,pdb:downloaded;afdb:downloaded
tbdt_p0a940,tbdt_p0a940_6lyq_a,tbdt,,P0A940,6LYQ,A,raw_af2/AF-P0A940-F1-model_v6.pdb,raw_pdb/6LYQ.pdb,unknown,unknown,none,none,,,,false,,3.19,X-RAY DIFFRACTION,,train,silver candidate from RCSB:mpstruc_OPM_beta_barrel; region annotation required before supervised displacement use.,silver_betaomp_displacement,silver,0.35,RCSB,RCSB:mpstruc_OPM_beta_barrel,6LYQ_1,810,1.0,0,0,P0A940,6,pdb:downloaded;afdb:downloaded
tbdt_p77774,tbdt_p77774_6lyq_b,tbdt,,P77774,6LYQ,B,raw_af2/AF-P77774-F1-model_v6.pdb,raw_pdb/6LYQ.pdb,unknown,unknown,none,none,,,,false,,3.19,X-RAY DIFFRACTION,,train,silver candidate from RCSB:mpstruc_OPM_beta_barrel; region annotation required before supervised displacement use.,silver_betaomp_displacement,silver,0.35,RCSB,RCSB:mpstruc_OPM_beta_barrel,6LYQ_2,400,1.0,0,0,P77774,6,pdb:downloaded;afdb:downloaded
tbdt_p0a903,tbdt_p0a903_6lyq_c,tbdt,,P0A903,6LYQ,C,raw_af2/AF-P0A903-F1-model_v6.pdb,raw_pdb/6LYQ.pdb,unknown,unknown,none,none,,,,false,,3.19,X-RAY DIFFRACTION,,train,silver candidate from RCSB:mpstruc_OPM_beta_barrel; region annotation required before supervised displacement use.,silver_betaomp_displacement,silver,0.35,RCSB,RCSB:mpstruc_OPM_beta_barrel,6LYQ_3,344,1.0,0,0,P0A903,6,pdb:downloaded;afdb:downloaded
tbdt_p77774,tbdt_p77774_7ri4_b,tbdt,,P77774,7RI4,B,raw_af2/AF-P77774-F1-model_v6.pdb,raw_pdb/7RI4.pdb,unknown,unknown,none,none,,,,false,,3.4,ELECTRON MICROSCOPY,,train,silver candidate from RCSB:mpstruc_OPM_beta_barrel; region annotation required before supervised displacement use.,silver_betaomp_displacement,silver,0.35,RCSB,RCSB:mpstruc_OPM_beta_barrel,7RI4_3,371,0.9464285714285714,0,0,P77774,6,pdb:downloaded;afdb:downloaded
tbdt_p0ac02,tbdt_p0ac02_7ri4_d,tbdt,,P0AC02,7RI4,D,raw_af2/AF-P0AC02-F1-model_v6.pdb,raw_pdb/7RI4.pdb,unknown,unknown,none,none,,,,false,,3.4,ELECTRON MICROSCOPY,,train,silver candidate from RCSB:mpstruc_OPM_beta_barrel; region annotation required before supervised displacement use.,silver_betaomp_displacement,silver,0.35,RCSB,RCSB:mpstruc_OPM_beta_barrel,7RI4_5,245,1.0,0,0,P0AC02,6,pdb:downloaded;afdb:downloaded
tbdt_p0a940,tbdt_p0a940_8bnz_a,tbdt,,P0A940,8BNZ,A,raw_af2/AF-P0A940-F1-model_v6.pdb,raw_pdb/8BNZ.pdb,unknown,unknown,none,none,,,,false,,3.5,ELECTRON MICROSCOPY,,train,silver candidate from RCSB:mpstruc_OPM_beta_barrel; region annotation required before supervised displacement use.,silver_betaomp_displacement,silver,0.35,RCSB,RCSB:mpstruc_OPM_beta_barrel,8BNZ_1,810,1.0,1,0,P0A940,6,pdb:downloaded;afdb:downloaded
tbdt_p77774,tbdt_p77774_8bnz_b,tbdt,,P77774,8BNZ,B,raw_af2/AF-P77774-F1-model_v6.pdb,raw_pdb/8BNZ.pdb,unknown,unknown,none,none,,,,false,,3.5,ELECTRON MICROSCOPY,,train,silver candidate from RCSB:mpstruc_OPM_beta_barrel; region annotation required before supervised displacement use.,silver_betaomp_displacement,silver,0.35,RCSB,RCSB:mpstruc_OPM_beta_barrel,8BNZ_2,392,1.0,0,0,P77774,6,pdb:downloaded;afdb:downloaded
tbdt_p0a903,tbdt_p0a903_8bnz_c,tbdt,,P0A903,8BNZ,C,raw_af2/AF-P0A903-F1-model_v6.pdb,raw_pdb/8BNZ.pdb,unknown,unknown,none,none,,,,false,,3.5,ELECTRON MICROSCOPY,,train,silver candidate from RCSB:mpstruc_OPM_beta_barrel; region annotation required before supervised displacement use.,silver_betaomp_displacement,silver,0.35,RCSB,RCSB:mpstruc_OPM_beta_barrel,8BNZ_3,344,1.0,0,0,P0A903,6,pdb:downloaded;afdb:downloaded
tbdt_p0ac02,tbdt_p0ac02_8bnz_d,tbdt,,P0AC02,8BNZ,D,raw_af2/AF-P0AC02-F1-model_v6.pdb,raw_pdb/8BNZ.pdb,unknown,unknown,none,none,,,,false,,3.5,ELECTRON MICROSCOPY,,train,silver candidate from RCSB:mpstruc_OPM_beta_barrel; region annotation required before supervised displacement use.,silver_betaomp_displacement,silver,0.35,RCSB,RCSB:mpstruc_OPM_beta_barrel,8BNZ_4,245,1.0,0,0,P0AC02,6,pdb:downloaded;afdb:downloaded
tbdt_p0a903,tbdt_p0a903_8bo2_c,tbdt,,P0A903,8BO2,C,raw_af2/AF-P0A903-F1-model_v6.pdb,raw_pdb/8BO2.pdb,unknown,unknown,none,none,,,,false,,3.1,ELECTRON MICROSCOPY,,train,silver candidate from RCSB:mpstruc_OPM_beta_barrel; region annotation required before supervised displacement use.,silver_betaomp_displacement,silver,0.35,RCSB,RCSB:mpstruc_OPM_beta_barrel,8BO2_3,344,1.0,0,0,P0A903,6,pdb:downloaded;afdb:downloaded
tbdt_q2fxb0,tbdt_q2fxb0_7p93_a,tbdt,,Q2FXB0,7P93,A,raw_af2/AF-Q2FXB0-F1-model_v6.pdb,raw_pdb/7P93.pdb,unknown,unknown,none,none,,,,false,,1.55,X-RAY DIFFRACTION,,train,silver candidate from RCSB:mpstruc_OPM_beta_barrel; region annotation required before supervised displacement use.,silver_betaomp_displacement,silver,0.35,RCSB,RCSB:mpstruc_OPM_beta_barrel,7P93_1,308,0.9803921568627451,0,0,Q2FXB0,6,pdb:downloaded;afdb:downloaded
tbdt_q48473,tbdt_q48473_1osm_a,tbdt,,Q48473,1OSM,A,raw_af2/AF-Q48473-F1-model_v6.pdb,raw_pdb/1OSM.pdb,unknown,unknown,none,none,,,,false,,3.2,X-RAY DIFFRACTION,,train,silver candidate from RCSB:mpstruc_OPM_beta_barrel; region annotation required before supervised displacement use.,silver_betaomp_displacement,silver,0.35,RCSB,RCSB:mpstruc_OPM_beta_barrel,1OSM_1,342,0.9421487603305785,0,0,Q48473,6,pdb:downloaded;afdb:downloaded
tbdt_p0a940,tbdt_p0a940_5ekq_a,tbdt,,P0A940,5EKQ,A,raw_af2/AF-P0A940-F1-model_v6.pdb,raw_pdb/5EKQ.pdb,unknown,unknown,none,none,,,,false,,3.392,X-RAY DIFFRACTION,,train,silver candidate from RCSB:mpstruc_OPM_beta_barrel; region annotation required before supervised displacement use.,silver_betaomp_displacement,silver,0.35,RCSB,RCSB:mpstruc_OPM_beta_barrel,5EKQ_1,790,0.9753086419753086,0,0,P0A940,6,pdb:downloaded;afdb:downloaded
tbdt_p0ac02,tbdt_p0ac02_5ekq_d,tbdt,,P0AC02,5EKQ,D,raw_af2/AF-P0AC02-F1-model_v6.pdb,raw_pdb/5EKQ.pdb,unknown,unknown,none,none,,,,false,,3.392,X-RAY DIFFRACTION,,train,silver candidate from RCSB:mpstruc_OPM_beta_barrel; region annotation required before supervised displacement use.,silver_betaomp_displacement,silver,0.35,RCSB,RCSB:mpstruc_OPM_beta_barrel,5EKQ_2,226,0.9224489795918367,0,0,P0AC02,6,pdb:downloaded;afdb:downloaded
tbdt_p0a903,tbdt_p0a903_5ekq_c,tbdt,,P0A903,5EKQ,C,raw_af2/AF-P0A903-F1-model_v6.pdb,raw_pdb/5EKQ.pdb,unknown,unknown,none,none,,,,false,,3.392,X-RAY DIFFRACTION,,train,silver candidate from RCSB:mpstruc_OPM_beta_barrel; region annotation required before supervised displacement use.,silver_betaomp_displacement,silver,0.35,RCSB,RCSB:mpstruc_OPM_beta_barrel,5EKQ_3,320,0.9302325581395349,0,0,P0A903,6,pdb:downloaded;afdb:downloaded
tbdt_p0a940,tbdt_p0a940_8bvq_a,tbdt,,P0A940,8BVQ,A,raw_af2/AF-P0A940-F1-model_v6.pdb,raw_pdb/8BVQ.pdb,unknown,unknown,none,none,,,,false,,3.3,ELECTRON MICROSCOPY,,train,silver candidate from RCSB:mpstruc_OPM_beta_barrel; region annotation required before supervised displacement use.,silver_betaomp_displacement,silver,0.35,RCSB,RCSB:mpstruc_OPM_beta_barrel,8BVQ_1,790,0.9753086419753086,0,0,P0A940,6,pdb:downloaded;afdb:downloaded
tbdt_p0ac02,tbdt_p0ac02_8bwc_d,tbdt,,P0AC02,8BWC,D,raw_af2/AF-P0AC02-F1-model_v6.pdb,raw_pdb/8BWC.pdb,unknown,unknown,none,none,,,,false,,3.5,ELECTRON MICROSCOPY,,train,silver candidate from RCSB:mpstruc_OPM_beta_barrel; region annotation required before supervised displacement use.,silver_betaomp_displacement,silver,0.35,RCSB,RCSB:mpstruc_OPM_beta_barrel,8BWC_4,226,0.9224489795918367,0,0,P0AC02,6,pdb:downloaded;afdb:downloaded
tbdt_p0a903,tbdt_p0a903_7nri_c,tbdt,,P0A903,7NRI,C,raw_af2/AF-P0A903-F1-model_v6.pdb,raw_pdb/7NRI.pdb,unknown,unknown,none,none,,,,false,,3.03,ELECTRON MICROSCOPY,,train,silver candidate from RCSB:mpstruc_OPM_beta_barrel; region annotation required before supervised displacement use.,silver_betaomp_displacement,silver,0.35,RCSB,RCSB:mpstruc_OPM_beta_barrel,7NRI_3,320,0.9302325581395349,0,0,P0A903,6,pdb:downloaded;afdb:downloaded
tbdt_p0ac02,tbdt_p0ac02_7nri_d,tbdt,,P0AC02,7NRI,D,raw_af2/AF-P0AC02-F1-model_v6.pdb,raw_pdb/7NRI.pdb,unknown,unknown,none,none,,,,false,,3.03,ELECTRON MICROSCOPY,,train,silver candidate from RCSB:mpstruc_OPM_beta_barrel; region annotation required before supervised displacement use.,silver_betaomp_displacement,silver,0.35,RCSB,RCSB:mpstruc_OPM_beta_barrel,7NRI_4,226,0.9224489795918367,0,0,P0AC02,6,pdb:downloaded;afdb:downloaded
tbdt_p77774,tbdt_p77774_8bvq_b,tbdt,,P77774,8BVQ,B,raw_af2/AF-P77774-F1-model_v6.pdb,raw_pdb/8BVQ.pdb,unknown,unknown,none,none,,,,false,,3.3,ELECTRON MICROSCOPY,,train,silver candidate from RCSB:mpstruc_OPM_beta_barrel; region annotation required before supervised displacement use.,silver_betaomp_displacement,silver,0.35,RCSB,RCSB:mpstruc_OPM_beta_barrel,8BVQ_2,373,0.951530612244898,0,0,P77774,6,pdb:downloaded;afdb:downloaded
tbdt_p0a903,tbdt_p0a903_8bvq_c,tbdt,,P0A903,8BVQ,C,raw_af2/AF-P0A903-F1-model_v6.pdb,raw_pdb/8BVQ.pdb,unknown,unknown,none,none,,,,false,,3.3,ELECTRON MICROSCOPY,,train,silver candidate from RCSB:mpstruc_OPM_beta_barrel; region annotation required before supervised displacement use.,silver_betaomp_displacement,silver,0.35,RCSB,RCSB:mpstruc_OPM_beta_barrel,8BVQ_3,320,0.9302325581395349,0,0,P0A903,6,pdb:downloaded;afdb:downloaded
tbdt_p0a940,tbdt_p0a940_8bwc_a,tbdt,,P0A940,8BWC,A,raw_af2/AF-P0A940-F1-model_v6.pdb,raw_pdb/8BWC.pdb,unknown,unknown,none,none,,,,false,,3.5,ELECTRON MICROSCOPY,,train,silver candidate from RCSB:mpstruc_OPM_beta_barrel; region annotation required before supervised displacement use.,silver_betaomp_displacement,silver,0.35,RCSB,RCSB:mpstruc_OPM_beta_barrel,8BWC_1,790,0.9753086419753086,0,0,P0A940,6,pdb:downloaded;afdb:downloaded
tbdt_p77774,tbdt_p77774_8bwc_b,tbdt,,P77774,8BWC,B,raw_af2/AF-P77774-F1-model_v6.pdb,raw_pdb/8BWC.pdb,unknown,unknown,none,none,,,,false,,3.5,ELECTRON MICROSCOPY,,train,silver candidate from RCSB:mpstruc_OPM_beta_barrel; region annotation required before supervised displacement use.,silver_betaomp_displacement,silver,0.35,RCSB,RCSB:mpstruc_OPM_beta_barrel,8BWC_2,373,0.951530612244898,0,0,P77774,6,pdb:downloaded;afdb:downloaded
tbdt_p0a903,tbdt_p0a903_8bwc_c,tbdt,,P0A903,8BWC,C,raw_af2/AF-P0A903-F1-model_v6.pdb,raw_pdb/8BWC.pdb,unknown,unknown,none,none,,,,false,,3.5,ELECTRON MICROSCOPY,,train,silver candidate from RCSB:mpstruc_OPM_beta_barrel; region annotation required before supervised displacement use.,silver_betaomp_displacement,silver,0.35,RCSB,RCSB:mpstruc_OPM_beta_barrel,8BWC_3,320,0.9302325581395349,0,0,P0A903,6,pdb:downloaded;afdb:downloaded
tbdt_p0a940,tbdt_p0a940_7nri_a,tbdt,,P0A940,7NRI,A,raw_af2/AF-P0A940-F1-model_v6.pdb,raw_pdb/7NRI.pdb,unknown,unknown,none,none,,,,false,,3.03,ELECTRON MICROSCOPY,,train,silver candidate from RCSB:mpstruc_OPM_beta_barrel; region annotation required before supervised displacement use.,silver_betaomp_displacement,silver,0.35,RCSB,RCSB:mpstruc_OPM_beta_barrel,7NRI_1,788,0.9728395061728395,0,0,P0A940,6,pdb:downloaded;afdb:downloaded
tbdt_p77774,tbdt_p77774_7nri_b,tbdt,,P77774,7NRI,B,raw_af2/AF-P77774-F1-model_v6.pdb,raw_pdb/7NRI.pdb,unknown,unknown,none,none,,,,false,,3.03,ELECTRON MICROSCOPY,,train,silver candidate from RCSB:mpstruc_OPM_beta_barrel; region annotation required before supervised displacement use.,silver_betaomp_displacement,silver,0.35,RCSB,RCSB:mpstruc_OPM_beta_barrel,7NRI_2,381,0.951530612244898,0,0,P77774,6,pdb:downloaded;afdb:downloaded
tbdt_p0ac02,tbdt_p0ac02_8bvq_d,tbdt,,P0AC02,8BVQ,D,raw_af2/AF-P0AC02-F1-model_v6.pdb,raw_pdb/8BVQ.pdb,unknown,unknown,none,none,,,,false,,3.3,ELECTRON MICROSCOPY,,train,silver candidate from RCSB:mpstruc_OPM_beta_barrel; region annotation required before supervised displacement use.,silver_betaomp_displacement,silver,0.35,RCSB,RCSB:mpstruc_OPM_beta_barrel,8BVQ_4,226,0.9224489795918367,0,0,P0AC02,6,pdb:downloaded;afdb:downloaded
tbdt_p0dxf8,tbdt_p0dxf8_5o67_a,tbdt,,P0DXF8,5O67,A,raw_af2/AF-P0DXF8-F1-model_v6.pdb,raw_pdb/5O67.pdb,unknown,unknown,none,none,,,,false,,2.84,X-RAY DIFFRACTION,,train,silver candidate from RCSB:mpstruc_OPM_beta_barrel; region annotation required before supervised displacement use.,silver_betaomp_displacement,silver,0.35,RCSB,RCSB:mpstruc_OPM_beta_barrel,5O67_1,334,0.7534883720930232,1,0,P0DXF8,6,pdb:downloaded;afdb:downloaded
tbdt_a0a081gu02,tbdt_a0a081gu02_6gie_a,tbdt,,A0A081GU02,6GIE,A,raw_af2/AF-A0A081GU02-F1-model_v6.pdb,raw_pdb/6GIE.pdb,unknown,unknown,none,none,,,,false,,2.1,X-RAY DIFFRACTION,,test,silver candidate from RCSB:mpstruc_OPM_beta_barrel; region annotation required before supervised displacement use.,silver_betaomp_displacement,silver,0.35,RCSB,RCSB:mpstruc_OPM_beta_barrel,6GIE_1,296,0.9351535836177475,0,0,A0A081GU02,6,pdb:downloaded;afdb:downloaded
tbdt_p0dxf8,tbdt_p0dxf8_5o67_b,tbdt,,P0DXF8,5O67,B,raw_af2/AF-P0DXF8-F1-model_v6.pdb,raw_pdb/5O67.pdb,unknown,unknown,none,none,,,,false,,2.84,X-RAY DIFFRACTION,,train,silver candidate from RCSB:mpstruc_OPM_beta_barrel; region annotation required before supervised displacement use.,silver_betaomp_displacement,silver,0.35,RCSB,RCSB:mpstruc_OPM_beta_barrel,5O67_2,334,0.7534883720930232,1,0,P0DXF8,6,pdb:downloaded;afdb:downloaded
tbdt_q5dl42,tbdt_q5dl42_4rlb_a,tbdt,,Q5DL42,4RLB,A,raw_af2/AF-Q5DL42-F1-model_v6.pdb,raw_pdb/4RLB.pdb,unknown,unknown,none,none,,,,false,,2.7,X-RAY DIFFRACTION,,train,silver candidate from RCSB:mpstruc_OPM_beta_barrel; region annotation required before supervised displacement use.,silver_betaomp_displacement,silver,0.35,RCSB,RCSB:mpstruc_OPM_beta_barrel,4RLB_1,253,0.9149797570850202,0,0,Q5DL42,6,pdb:downloaded;afdb:downloaded
tbdt_a6xb80,tbdt_a6xb80_4rl9_a,tbdt,,A6XB80,4RL9,A,raw_af2/AF-A6XB80-F1-model_v6.pdb,raw_pdb/4RL9.pdb,unknown,unknown,none,none,,,,false,,2.7,X-RAY DIFFRACTION,,train,silver candidate from RCSB:mpstruc_OPM_beta_barrel; region annotation required before supervised displacement use.,silver_betaomp_displacement,silver,0.35,RCSB,RCSB:mpstruc_OPM_beta_barrel,4RL9_1,255,0.9156626506024096,0,0,A6XB80,6,pdb:downloaded;afdb:downloaded
tbdt_p0a940,tbdt_p0a940_5d0q_a,tbdt,,P0A940,5D0Q,A,raw_af2/AF-P0A940-F1-model_v6.pdb,raw_pdb/5D0Q.pdb,unknown,unknown,none,none,,,,false,,3.5,X-RAY DIFFRACTION,,train,silver candidate from RCSB:mpstruc_OPM_beta_barrel; region annotation required before supervised displacement use.,silver_betaomp_displacement,silver,0.35,RCSB,RCSB:mpstruc_OPM_beta_barrel,5D0Q_1,810,1.0,0,0,P0A940,6,pdb:downloaded;afdb:downloaded
tbdt_p0ac02,tbdt_p0ac02_5d0q_d,tbdt,,P0AC02,5D0Q,D,raw_af2/AF-P0AC02-F1-model_v6.pdb,raw_pdb/5D0Q.pdb,unknown,unknown,none,none,,,,false,,3.5,X-RAY DIFFRACTION,,train,silver candidate from RCSB:mpstruc_OPM_beta_barrel; region annotation required before supervised displacement use.,silver_betaomp_displacement,silver,0.35,RCSB,RCSB:mpstruc_OPM_beta_barrel,5D0Q_3,245,1.0,0,0,P0AC02,6,pdb:downloaded;afdb:downloaded
tbdt_p0a937,tbdt_p0a937_5d0q_e,tbdt,,P0A937,5D0Q,E,raw_af2/AF-P0A937-F1-model_v6.pdb,raw_pdb/5D0Q.pdb,unknown,unknown,none,none,,,,false,,3.5,X-RAY DIFFRACTION,,test,silver candidate from RCSB:mpstruc_OPM_beta_barrel; region annotation required before supervised displacement use.,silver_betaomp_displacement,silver,0.35,RCSB,RCSB:mpstruc_OPM_beta_barrel,5D0Q_4,123,0.9911504424778761,0,0,P0A937,6,pdb:downloaded;afdb:downloaded
tbdt_p0a903,tbdt_p0a903_5d0q_c,tbdt,,P0A903,5D0Q,C,raw_af2/AF-P0A903-F1-model_v6.pdb,raw_pdb/5D0Q.pdb,unknown,unknown,none,none,,,,false,,3.5,X-RAY DIFFRACTION,,train,silver candidate from RCSB:mpstruc_OPM_beta_barrel; region annotation required before supervised displacement use.,silver_betaomp_displacement,silver,0.35,RCSB,RCSB:mpstruc_OPM_beta_barrel,5D0Q_2,344,1.0,0,0,P0A903,6,pdb:downloaded;afdb:downloaded
tbdt_p30130,tbdt_p30130_3rfz_b,tbdt,,P30130,3RFZ,B,raw_af2/AF-P30130-F1-model_v6.pdb,raw_pdb/3RFZ.pdb,unknown,unknown,none,none,,,,false,,2.8,X-RAY DIFFRACTION,,train,silver candidate from RCSB:mpstruc_OPM_beta_barrel; region annotation required before supervised displacement use.,silver_betaomp_displacement,silver,0.35,RCSB,RCSB:mpstruc_OPM_beta_barrel,3RFZ_2,843,0.94874715261959,0,0,P30130,6,pdb:downloaded;afdb:downloaded
tbdt_p31697,tbdt_p31697_3rfz_c,tbdt,,P31697,3RFZ,C,raw_af2/AF-P31697-F1-model_v6.pdb,raw_pdb/3RFZ.pdb,unknown,unknown,none,none,,,,false,,2.8,X-RAY DIFFRACTION,,train,silver candidate from RCSB:mpstruc_OPM_beta_barrel; region annotation required before supervised displacement use.,silver_betaomp_displacement,silver,0.35,RCSB,RCSB:mpstruc_OPM_beta_barrel,3RFZ_3,211,0.8506224066390041,0,0,P31697,6,pdb:downloaded;afdb:downloaded
tbdt_p08191,tbdt_p08191_3rfz_a,tbdt,,P08191,3RFZ,A,raw_af2/AF-P08191-F1-model_v6.pdb,raw_pdb/3RFZ.pdb,unknown,unknown,none,none,,,,false,,2.8,X-RAY DIFFRACTION,,train,silver candidate from RCSB:mpstruc_OPM_beta_barrel; region annotation required before supervised displacement use.,silver_betaomp_displacement,silver,0.35,RCSB,RCSB:mpstruc_OPM_beta_barrel,3RFZ_1,279,0.93,0,0,P08191,6,pdb:downloaded;afdb:downloaded
tbdt_q99rl1,tbdt_q99rl1_4p1x_b,tbdt,,Q99RL1,4P1X,B,raw_af2/AF-Q99RL1-F1-model_v6.pdb,raw_pdb/4P1X.pdb,unknown,unknown,none,none,,,,false,,2.4,X-RAY DIFFRACTION,,train,silver candidate from RCSB:mpstruc_OPM_beta_barrel; region annotation required before supervised displacement use.,silver_betaomp_displacement,silver,0.35,RCSB,RCSB:mpstruc_OPM_beta_barrel,4P1X_1,296,0.9079365079365079,0,0,Q99RL1,6,pdb:downloaded;afdb:downloaded
tbdt_a0a0h3jx61,tbdt_a0a0h3jx61_4p1x_a,tbdt,,A0A0H3JX61,4P1X,A,raw_af2/AF-A0A0H3JX61-F1-model_v6.pdb,raw_pdb/4P1X.pdb,unknown,unknown,none,none,,,,false,,2.4,X-RAY DIFFRACTION,,train,silver candidate from RCSB:mpstruc_OPM_beta_barrel; region annotation required before supervised displacement use.,silver_betaomp_displacement,silver,0.35,RCSB,RCSB:mpstruc_OPM_beta_barrel,4P1X_2,309,0.92,1,0,A0A0H3JX61,6,pdb:downloaded;afdb:downloaded
tbdt_a0a0h3jx61,tbdt_a0a0h3jx61_4p1y_a,tbdt,,A0A0H3JX61,4P1Y,A,raw_af2/AF-A0A0H3JX61-F1-model_v6.pdb,raw_pdb/4P1Y.pdb,unknown,unknown,none,none,,,,false,,2.992,X-RAY DIFFRACTION,,train,silver candidate from RCSB:mpstruc_OPM_beta_barrel; region annotation required before supervised displacement use.,silver_betaomp_displacement,silver,0.35,RCSB,RCSB:mpstruc_OPM_beta_barrel,4P1Y_1,309,0.92,2,0,A0A0H3JX61,6,pdb:downloaded;afdb:downloaded
tbdt_q04641,tbdt_q04641_8axl_a,tbdt,,Q04641,8AXL,A,raw_af2/AF-Q04641-F1-model_v6.pdb,raw_pdb/8AXL.cif,unknown,unknown,none,none,,,,false,,3.42,ELECTRON MICROSCOPY,,train,silver candidate from RCSB:mpstruc_OPM_beta_barrel; region annotation required before supervised displacement use.,silver_betaomp_displacement,silver,0.35,RCSB,RCSB:mpstruc_OPM_beta_barrel,8AXL_1,566,1.0,0,0,Q04641,6,cif:downloaded;afdb:downloaded
tbdt_p0a071,tbdt_p0a071_4p1y_b,tbdt,,P0A071,4P1Y,B,raw_af2/AF-P0A071-F1-model_v6.pdb,raw_pdb/4P1Y.pdb,unknown,unknown,none,none,,,,false,,2.992,X-RAY DIFFRACTION,,train,silver candidate from RCSB:mpstruc_OPM_beta_barrel; region annotation required before supervised displacement use.,silver_betaomp_displacement,silver,0.35,RCSB,RCSB:mpstruc_OPM_beta_barrel,4P1Y_2,290,0.8673139158576052,0,0,P0A071,6,pdb:downloaded;afdb:downloaded
tbdt_a0a0b9x9i7,tbdt_a0a0b9x9i7_6eus_a,tbdt,,A0A0B9X9I7,6EUS,A,raw_af2/AF-A0A0B9X9I7-F1-model_v6.pdb,raw_pdb/6EUS.pdb,unknown,unknown,none,none,,,,false,,2.2,X-RAY DIFFRACTION,,test,silver candidate from RCSB:mpstruc_OPM_beta_barrel; region annotation required before supervised displacement use.,silver_betaomp_displacement,silver,0.35,RCSB,RCSB:mpstruc_OPM_beta_barrel,6EUS_1,380,0.836405529953917,0,0,A0A0B9X9I7,6,pdb:downloaded;afdb:downloaded
tbdt_p23644,tbdt_p23644_6ucu_a,tbdt,,P23644,6UCU,A,raw_af2/AF-P23644-F1-model_v6.pdb,raw_pdb/6UCU.pdb,unknown,unknown,none,none,,,,false,,3.06,ELECTRON MICROSCOPY,,train,silver candidate from RCSB:mpstruc_OPM_beta_barrel; region annotation required before supervised displacement use.,silver_betaomp_displacement,silver,0.35,RCSB,RCSB:mpstruc_OPM_beta_barrel,6UCU_1,397,1.0,0,0,P23644,6,pdb:downloaded;afdb:downloaded
tbdt_p49334,tbdt_p49334_6ucu_b,tbdt,,P49334,6UCU,B,raw_af2/AF-P49334-F1-model_v6.pdb,raw_pdb/6UCU.pdb,unknown,unknown,none,none,,,,false,,3.06,ELECTRON MICROSCOPY,,test,silver candidate from RCSB:mpstruc_OPM_beta_barrel; region annotation required before supervised displacement use.,silver_betaomp_displacement,silver,0.35,RCSB,RCSB:mpstruc_OPM_beta_barrel,6UCU_2,162,1.0,0,0,P49334,6,pdb:downloaded;afdb:downloaded
tbdt_q5f651,tbdt_q5f651_7omm_a,tbdt,,Q5F651,7OMM,A,raw_af2/AF-Q5F651-F1-model_v6.pdb,raw_pdb/7OMM.pdb,unknown,unknown,none,none,,,,false,,3.4,ELECTRON MICROSCOPY,,train,silver candidate from RCSB:mpstruc_OPM_beta_barrel; region annotation required before supervised displacement use.,silver_betaomp_displacement,silver,0.35,RCSB,RCSB:mpstruc_OPM_beta_barrel,7OMM_1,801,1.0,0,0,Q5F651,6,pdb:downloaded;afdb:downloaded
tbdt_q5f9v6,tbdt_q5f9v6_7omm_b,tbdt,,Q5F9V6,7OMM,B,raw_af2/AF-Q5F9V6-F1-model_v6.pdb,raw_pdb/7OMM.pdb,unknown,unknown,none,none,,,,false,,3.4,ELECTRON MICROSCOPY,,train,silver candidate from RCSB:mpstruc_OPM_beta_barrel; region annotation required before supervised displacement use.,silver_betaomp_displacement,silver,0.35,RCSB,RCSB:mpstruc_OPM_beta_barrel,7OMM_2,165,1.0,0,0,Q5F9V6,6,pdb:downloaded;afdb:downloaded
tbdt_p0aex9,tbdt_p0aex9_7omm_c,tbdt,,P0AEX9,7OMM,C,raw_af2/AF-P0AEX9-F1-model_v6.pdb,raw_pdb/7OMM.pdb,unknown,unknown,none,none,,,,false,,3.4,ELECTRON MICROSCOPY,,train,silver candidate from RCSB:mpstruc_OPM_beta_barrel; region annotation required before supervised displacement use.,silver_betaomp_displacement,silver,0.35,RCSB,RCSB:mpstruc_OPM_beta_barrel,7OMM_3,520,0.9090909090909091,0,0,P0AEX9,6,pdb:downloaded;afdb:downloaded
tbdt_p0aex9,tbdt_p0aex9_7omm_d,tbdt,,P0AEX9,7OMM,D,raw_af2/AF-P0AEX9-F1-model_v6.pdb,raw_pdb/7OMM.pdb,unknown,unknown,none,none,,,,false,,3.4,ELECTRON MICROSCOPY,,train,silver candidate from RCSB:mpstruc_OPM_beta_barrel; region annotation required before supervised displacement use.,silver_betaomp_displacement,silver,0.35,RCSB,RCSB:mpstruc_OPM_beta_barrel,7OMM_4,526,0.9090909090909091,0,0,P0AEX9,6,pdb:downloaded;afdb:downloaded
tbdt_p0ae98,tbdt_p0ae98_6l7c_j,tbdt,,P0AE98,6L7C,J,raw_af2/AF-P0AE98-F1-model_v6.pdb,raw_pdb/6L7C.pdb,unknown,unknown,none,none,,,,false,,3.34,ELECTRON MICROSCOPY,,train,silver candidate from RCSB:mpstruc_OPM_beta_barrel; region annotation required before supervised displacement use.,silver_betaomp_displacement,silver,0.35,RCSB,RCSB:mpstruc_OPM_beta_barrel,6L7C_2,138,1.0,0,0,P0AE98,6,pdb:downloaded;afdb:downloaded
tbdt_p0aea2,tbdt_p0aea2_6l7c_a,tbdt,,P0AEA2,6L7C,A,raw_af2/AF-P0AEA2-F1-model_v6.pdb,raw_pdb/6L7C.pdb,unknown,unknown,none,none,,,,false,,3.34,ELECTRON MICROSCOPY,,train,silver candidate from RCSB:mpstruc_OPM_beta_barrel; region annotation required before supervised displacement use.,silver_betaomp_displacement,silver,0.35,RCSB,RCSB:mpstruc_OPM_beta_barrel,6L7C_1,277,1.0,0,0,P0AEA2,6,pdb:downloaded;afdb:downloaded
tbdt_p77774,tbdt_p77774_4xga_a,tbdt,,P77774,4XGA,A,raw_af2/AF-P77774-F1-model_v6.pdb,raw_pdb/4XGA.pdb,unknown,unknown,none,none,CA,,,false,,2.15,X-RAY DIFFRACTION,,train,silver candidate from RCSB:mpstruc_OPM_beta_barrel; region annotation required before supervised displacement use.,silver_betaomp_displacement,silver,0.35,RCSB,RCSB:mpstruc_OPM_beta_barrel,4XGA_1,373,0.951530612244898,0,0,P77774,6,pdb:downloaded;afdb:downloaded
tbdt_g2qff9,tbdt_g2qff9_6wut_b,tbdt,,G2QFF9,6WUT,B,raw_af2/AF-G2QFF9-F1-model_v6.pdb,raw_pdb/6WUT.pdb,unknown,unknown,none,none,,,,false,,3.0,ELECTRON MICROSCOPY,,val,silver candidate from RCSB:mpstruc_OPM_beta_barrel; region annotation required before supervised displacement use.,silver_betaomp_displacement,silver,0.35,RCSB,RCSB:mpstruc_OPM_beta_barrel,6WUT_2,512,1.0,0,0,G2QFF9,6,pdb:downloaded;afdb:downloaded
tbdt_a0a0h3jx61,tbdt_a0a0h3jx61_3b07_a,tbdt,,A0A0H3JX61,3B07,A,raw_af2/AF-A0A0H3JX61-F1-model_v6.pdb,raw_pdb/3B07.pdb,unknown,unknown,none,none,,,,false,,2.495,X-RAY DIFFRACTION,,train,silver candidate from RCSB:mpstruc_OPM_beta_barrel; region annotation required before supervised displacement use.,silver_betaomp_displacement,silver,0.35,RCSB,RCSB:mpstruc_OPM_beta_barrel,3B07_1,309,0.92,0,0,A0A0H3JX61,6,pdb:downloaded;afdb:downloaded
tbdt_p0a071,tbdt_p0a071_3b07_b,tbdt,,P0A071,3B07,B,raw_af2/AF-P0A071-F1-model_v6.pdb,raw_pdb/3B07.pdb,unknown,unknown,none,none,,,,false,,2.495,X-RAY DIFFRACTION,,train,silver candidate from RCSB:mpstruc_OPM_beta_barrel; region annotation required before supervised displacement use.,silver_betaomp_displacement,silver,0.35,RCSB,RCSB:mpstruc_OPM_beta_barrel,3B07_2,290,0.9061488673139159,0,0,P0A071,6,pdb:downloaded;afdb:downloaded
tbdt_q8zqz7,tbdt_q8zqz7_4n4r_b,tbdt,,Q8ZQZ7,4N4R,B,raw_af2/AF-Q8ZQZ7-F1-model_v6.pdb,raw_pdb/4N4R.pdb,unknown,unknown,none,none,ZN,,,false,,2.8,X-RAY DIFFRACTION,,train,silver candidate from RCSB:mpstruc_OPM_beta_barrel; region annotation required before supervised displacement use.,silver_betaomp_displacement,silver,0.35,RCSB,RCSB:mpstruc_OPM_beta_barrel,4N4R_2,196,1.0,0,0,Q8ZQZ7,6,pdb:downloaded;afdb:downloaded
tbdt_q9hx32,tbdt_q9hx32_5iva_b,tbdt,,Q9HX32,5IVA,B,raw_af2/AF-Q9HX32-F1-model_v6.pdb,raw_pdb/5IVA.pdb,unknown,unknown,none,none,,,,false,,2.988,X-RAY DIFFRACTION,,val,silver candidate from RCSB:mpstruc_OPM_beta_barrel; region annotation required before supervised displacement use.,silver_betaomp_displacement,silver,0.35,RCSB,RCSB:mpstruc_OPM_beta_barrel,5IVA_2,192,0.9033816425120773,0,0,Q9HX32,6,pdb:downloaded;afdb:downloaded
tbdt_g2qff9,tbdt_g2qff9_6wuh_b,tbdt,,G2QFF9,6WUH,B,raw_af2/AF-G2QFF9-F1-model_v6.pdb,raw_pdb/6WUH.pdb,unknown,unknown,none,none,,,,false,,3.4,ELECTRON MICROSCOPY,,val,silver candidate from RCSB:mpstruc_OPM_beta_barrel; region annotation required before supervised displacement use.,silver_betaomp_displacement,silver,0.35,RCSB,RCSB:mpstruc_OPM_beta_barrel,6WUH_2,512,1.0,0,0,G2QFF9,6,pdb:downloaded;afdb:downloaded
tbdt_g2q6r7,tbdt_g2q6r7_6wuh_c,tbdt,,G2Q6R7,6WUH,C,raw_af2/AF-G2Q6R7-F1-model_v6.pdb,raw_pdb/6WUH.pdb,unknown,unknown,none,none,,,,false,,3.4,ELECTRON MICROSCOPY,,val,silver candidate from RCSB:mpstruc_OPM_beta_barrel; region annotation required before supervised displacement use.,silver_betaomp_displacement,silver,0.35,RCSB,RCSB:mpstruc_OPM_beta_barrel,6WUH_3,445,1.0,0,0,G2Q6R7,6,pdb:downloaded;afdb:downloaded
tbdt_g2q6r7,tbdt_g2q6r7_6wut_c,tbdt,,G2Q6R7,6WUT,C,raw_af2/AF-G2Q6R7-F1-model_v6.pdb,raw_pdb/6WUT.pdb,unknown,unknown,none,none,,,,false,,3.0,ELECTRON MICROSCOPY,,val,silver candidate from RCSB:mpstruc_OPM_beta_barrel; region annotation required before supervised displacement use.,silver_betaomp_displacement,silver,0.35,RCSB,RCSB:mpstruc_OPM_beta_barrel,6WUT_3,479,1.0,0,0,G2Q6R7,6,pdb:downloaded;afdb:downloaded
tbdt_p0a921,tbdt_p0a921_1qd6_c,tbdt,,P0A921,1QD6,C,raw_af2/AF-P0A921-F1-model_v6.pdb,raw_pdb/1QD6.pdb,unknown,unknown,none,none,CA;HDS,,,false,,2.1,X-RAY DIFFRACTION,,train,silver candidate from RCSB:mpstruc_OPM_beta_barrel; region annotation required before supervised displacement use.,silver_betaomp_displacement,silver,0.35,RCSB,RCSB:mpstruc_OPM_beta_barrel,1QD6_2,240,0.8304498269896193,0,0,P0A921,6,pdb:downloaded;afdb:downloaded
tbdt_q8zrw0,tbdt_q8zrw0_4n4r_a,tbdt,,Q8ZRW0,4N4R,A,raw_af2/AF-Q8ZRW0-F1-model_v6.pdb,raw_pdb/4N4R.pdb,unknown,unknown,none,none,ZN,,,false,,2.8,X-RAY DIFFRACTION,,train,silver candidate from RCSB:mpstruc_OPM_beta_barrel; region annotation required before supervised displacement use.,silver_betaomp_displacement,silver,0.35,RCSB,RCSB:mpstruc_OPM_beta_barrel,4N4R_1,786,1.0,0,0,Q8ZRW0,6,pdb:downloaded;afdb:downloaded
tbdt_q51227,tbdt_q51227_1k24_a,tbdt,,Q51227,1K24,A,raw_af2/AF-Q51227-F1-model_v6.pdb,raw_pdb/1K24.pdb,unknown,unknown,none,none,ZN,,,false,,2.03,X-RAY DIFFRACTION,,train,silver candidate from RCSB:mpstruc_OPM_beta_barrel; region annotation required before supervised displacement use.,silver_betaomp_displacement,silver,0.35,RCSB,RCSB:mpstruc_OPM_beta_barrel,1K24_1,253,0.9301470588235294,0,0,Q51227,6,pdb:downloaded;afdb:downloaded
tbdt_p02932,tbdt_p02932_1pho_a,tbdt,,P02932,1PHO,A,raw_af2/AF-P02932-F1-model_v6.pdb,raw_pdb/1PHO.pdb,unknown,unknown,none,none,,,,false,,3.0,X-RAY DIFFRACTION,,test,silver candidate from RCSB:mpstruc_OPM_beta_barrel; region annotation required before supervised displacement use.,silver_betaomp_displacement,silver,0.35,RCSB,RCSB:mpstruc_OPM_beta_barrel,1PHO_1,330,0.9401709401709402,0,0,P02932,6,pdb:downloaded;afdb:downloaded
tbdt_q48391,tbdt_q48391_4d51_a,tbdt,,Q48391,4D51,A,raw_af2/AF-Q48391-F1-model_v6.pdb,raw_pdb/4D51.pdb,unknown,unknown,none,none,,,,false,,2.3,X-RAY DIFFRACTION,,train,silver candidate from RCSB:mpstruc_OPM_beta_barrel; region annotation required before supervised displacement use.,silver_betaomp_displacement,silver,0.35,RCSB,RCSB:mpstruc_OPM_beta_barrel,4D51_1,324,0.9364161849710982,0,0,Q48391,6,pdb:downloaded;afdb:downloaded
tbdt_q659i5,tbdt_q659i5_5ldv_a,tbdt,,Q659I5,5LDV,A,raw_af2/AF-Q659I5-F1-model_v6.pdb,raw_pdb/5LDV.pdb,unknown,unknown,none,none,CA,,,false,,2.1,X-RAY DIFFRACTION,,test,silver candidate from RCSB:mpstruc_OPM_beta_barrel; region annotation required before supervised displacement use.,silver_betaomp_displacement,silver,0.35,RCSB,RCSB:mpstruc_OPM_beta_barrel,5LDV_1,408,0.9484777517564403,1,0,Q659I5,6,pdb:downloaded;afdb:downloaded
tbdt_o86021,tbdt_o86021_5oyk_a,tbdt,,O86021,5OYK,A,raw_af2/AF-O86021-F1-model_v6.pdb,raw_pdb/5OYK.pdb,unknown,unknown,none,none,,,,false,,3.2,X-RAY DIFFRACTION,,train,silver candidate from RCSB:mpstruc_OPM_beta_barrel; region annotation required before supervised displacement use.,silver_betaomp_displacement,silver,0.35,RCSB,RCSB:mpstruc_OPM_beta_barrel,5OYK_1,325,0.9447674418604651,0,0,O86021,6,pdb:downloaded;afdb:downloaded
tbdt_p14693,tbdt_p14693_7e4i_b,tbdt,,P14693,7E4I,B,raw_af2/AF-P14693-F1-model_v6.pdb,raw_pdb/7E4I.pdb,unknown,unknown,none,none,,,,false,,3.05,ELECTRON MICROSCOPY,,train,silver candidate from RCSB:mpstruc_OPM_beta_barrel; region annotation required before supervised displacement use.,silver_betaomp_displacement,silver,0.35,RCSB,RCSB:mpstruc_OPM_beta_barrel,7E4I_2,329,1.0,0,0,P14693,6,pdb:downloaded;afdb:downloaded
tbdt_p53969,tbdt_p53969_7e4i_a,tbdt,,P53969,7E4I,A,raw_af2/AF-P53969-F1-model_v6.pdb,raw_pdb/7E4I.pdb,unknown,unknown,none,none,,,,false,,3.05,ELECTRON MICROSCOPY,,val,silver candidate from RCSB:mpstruc_OPM_beta_barrel; region annotation required before supervised displacement use.,silver_betaomp_displacement,silver,0.35,RCSB,RCSB:mpstruc_OPM_beta_barrel,7E4I_1,485,0.9979338842975206,0,0,P53969,6,pdb:downloaded;afdb:downloaded
tbdt_p50110,tbdt_p50110_7e4i_c,tbdt,,P50110,7E4I,C,raw_af2/AF-P50110-F1-model_v6.pdb,raw_pdb/7E4I.pdb,unknown,unknown,none,none,,,,false,,3.05,ELECTRON MICROSCOPY,,val,silver candidate from RCSB:mpstruc_OPM_beta_barrel; region annotation required before supervised displacement use.,silver_betaomp_displacement,silver,0.35,RCSB,RCSB:mpstruc_OPM_beta_barrel,7E4I_3,351,1.0,0,0,P50110,6,pdb:downloaded;afdb:downloaded
tbdt_p23644,tbdt_p23644_7e4i_d,tbdt,,P23644,7E4I,D,raw_af2/AF-P23644-F1-model_v6.pdb,raw_pdb/7E4I.pdb,unknown,unknown,none,none,,,,false,,3.05,ELECTRON MICROSCOPY,,train,silver candidate from RCSB:mpstruc_OPM_beta_barrel; region annotation required before supervised displacement use.,silver_betaomp_displacement,silver,0.35,RCSB,RCSB:mpstruc_OPM_beta_barrel,7E4I_4,406,0.9974160206718347,0,0,P23644,6,pdb:downloaded;afdb:downloaded
tbdt_q83lx4,tbdt_q83lx4_4q35_b,tbdt,,Q83LX4,4Q35,B,raw_af2/AF-Q83LX4-F1-model_v6.pdb,raw_pdb/4Q35.pdb,unknown,unknown,none,none,,,,false,,2.393,X-RAY DIFFRACTION,,test,silver candidate from RCSB:mpstruc_OPM_beta_barrel; region annotation required before supervised displacement use.,silver_betaomp_displacement,silver,0.35,RCSB,RCSB:mpstruc_OPM_beta_barrel,4Q35_2,175,0.9067357512953368,0,0,Q83LX4,6,pdb:downloaded;afdb:downloaded
tbdt_q83sq0,tbdt_q83sq0_4q35_a,tbdt,,Q83SQ0,4Q35,A,raw_af2/AF-Q83SQ0-F1-model_v6.pdb,raw_pdb/4Q35.pdb,unknown,unknown,none,none,,,,false,,2.393,X-RAY DIFFRACTION,,train,silver candidate from RCSB:mpstruc_OPM_beta_barrel; region annotation required before supervised displacement use.,silver_betaomp_displacement,silver,0.35,RCSB,RCSB:mpstruc_OPM_beta_barrel,4Q35_1,802,1.0,0,0,Q83SQ0,6,pdb:downloaded;afdb:downloaded
tbdt_q48391,tbdt_q48391_4v3g_a,tbdt,,Q48391,4V3G,A,raw_af2/AF-Q48391-F1-model_v6.pdb,raw_pdb/4V3G.pdb,unknown,unknown,none,none,,,,false,,2.513,X-RAY DIFFRACTION,,train,silver candidate from RCSB:mpstruc_OPM_beta_barrel; region annotation required before supervised displacement use.,silver_betaomp_displacement,silver,0.35,RCSB,RCSB:mpstruc_OPM_beta_barrel,4V3G_1,339,0.9364161849710982,0,0,Q48391,6,pdb:downloaded;afdb:downloaded
tbdt_a0a0d5ykr4,tbdt_a0a0d5ykr4_5dl7_a,tbdt,,A0A0D5YKR4,5DL7,A,raw_af2/AF-A0A0D5YKR4-F1-model_v6.pdb,raw_pdb/5DL7.pdb,unknown,unknown,none,none,CA,,,false,,1.75,X-RAY DIFFRACTION,,test,silver candidate from RCSB:mpstruc_OPM_beta_barrel; region annotation required before supervised displacement use.,silver_betaomp_displacement,silver,0.35,RCSB,RCSB:mpstruc_OPM_beta_barrel,5DL7_1,419,0.9483568075117371,0,0,A0A0D5YKR4,6,pdb:downloaded;afdb:downloaded
tbdt_q8zik3,tbdt_q8zik3_5ixm_a,tbdt,,Q8ZIK3,5IXM,A,raw_af2/AF-Q8ZIK3-F1-model_v6.pdb,raw_pdb/5IXM.pdb,unknown,unknown,none,none,,,,false,,2.746,X-RAY DIFFRACTION,,train,silver candidate from RCSB:mpstruc_OPM_beta_barrel; region annotation required before supervised displacement use.,silver_betaomp_displacement,silver,0.35,RCSB,RCSB:mpstruc_OPM_beta_barrel,5IXM_1,577,0.7128205128205128,0,0,Q8ZIK3,6,pdb:downloaded;afdb:downloaded
tbdt_q7cjv2,tbdt_q7cjv2_5ixm_b,tbdt,,Q7CJV2,5IXM,B,raw_af2/AF-Q7CJV2-F1-model_v6.pdb,raw_pdb/5IXM.pdb,unknown,unknown,none,none,,,,false,,2.746,X-RAY DIFFRACTION,,val,silver candidate from RCSB:mpstruc_OPM_beta_barrel; region annotation required before supervised displacement use.,silver_betaomp_displacement,silver,0.35,RCSB,RCSB:mpstruc_OPM_beta_barrel,5IXM_2,198,0.9033816425120773,0,0,Q7CJV2,6,pdb:downloaded;afdb:downloaded
tbdt_q72jd8,tbdt_q72jd8_3dzm_a,tbdt,,Q72JD8,3DZM,A,raw_af2/AF-Q72JD8-F1-model_v6.pdb,raw_pdb/3DZM.pdb,unknown,unknown,none,none,CA,,,false,,2.801,X-RAY DIFFRACTION,,train,silver candidate from RCSB:mpstruc_OPM_beta_barrel; region annotation required before supervised displacement use.,silver_betaomp_displacement,silver,0.35,RCSB,RCSB:mpstruc_OPM_beta_barrel,3DZM_1,214,0.9151785714285714,0,0,Q72JD8,6,pdb:downloaded;afdb:downloaded
tbdt_p30690,tbdt_p30690_3wi5_a,tbdt,,P30690,3WI5,A,raw_af2/AF-P30690-F1-model_v6.pdb,raw_pdb/3WI5.pdb,unknown,unknown,none,none,,,,false,,2.4,X-RAY DIFFRACTION,,train,silver candidate from RCSB:mpstruc_OPM_beta_barrel; region annotation required before supervised displacement use.,silver_betaomp_displacement,silver,0.35,RCSB,RCSB:mpstruc_OPM_beta_barrel,3WI5_1,312,0.9425981873111783,3,0,P30690,6,pdb:downloaded;afdb:downloaded
tbdt_a5vza8,tbdt_a5vza8_4gf4_a,tbdt,,A5VZA8,4GF4,A,raw_af2/AF-A5VZA8-F1-model_v6.pdb,raw_pdb/4GF4.pdb,unknown,unknown,none,none,,,,false,,3.1,X-RAY DIFFRACTION,,train,silver candidate from RCSB:mpstruc_OPM_beta_barrel; region annotation required before supervised displacement use.,silver_betaomp_displacement,silver,0.35,RCSB,RCSB:mpstruc_OPM_beta_barrel,4GF4_1,436,0.941834451901566,4,0,A5VZA8,6,pdb:downloaded;afdb:downloaded
tbdt_q51006,tbdt_q51006_4mt0_a,tbdt,,Q51006,4MT0,A,raw_af2/AF-Q51006-F1-model_v6.pdb,raw_pdb/4MT0.pdb,unknown,unknown,none,none,,,,false,,3.292,X-RAY DIFFRACTION,,test,silver candidate from RCSB:mpstruc_OPM_beta_barrel; region annotation required before supervised displacement use.,silver_betaomp_displacement,silver,0.35,RCSB,RCSB:mpstruc_OPM_beta_barrel,4MT0_1,447,0.9571734475374732,0,0,Q51006,6,pdb:downloaded;afdb:downloaded
tbdt_c6k7n1,tbdt_c6k7n1_7jz3_a,tbdt,,C6K7N1,7JZ3,A,raw_af2/AF-C6K7N1-F1-model_v6.pdb,raw_pdb/7JZ3.pdb,unknown,unknown,none,none,,,,false,,2.56,ELECTRON MICROSCOPY,,train,silver candidate from RCSB:mpstruc_OPM_beta_barrel; region annotation required before supervised displacement use.,silver_betaomp_displacement,silver,0.35,RCSB,RCSB:mpstruc_OPM_beta_barrel,7JZ3_1,346,0.9427792915531336,0,0,C6K7N1,6,pdb:downloaded;afdb:downloaded
tbdt_p0a077,tbdt_p0a077_3lkf_a,tbdt,,P0A077,3LKF,A,raw_af2/AF-P0A077-F1-model_v6.pdb,raw_pdb/3LKF.pdb,unknown,unknown,none,none,,,,false,,1.9,X-RAY DIFFRACTION,,train,silver candidate from RCSB:mpstruc_OPM_beta_barrel; region annotation required before supervised displacement use.,silver_betaomp_displacement,silver,0.35,RCSB,RCSB:mpstruc_OPM_beta_barrel,3LKF_1,299,0.92,0,0,P0A077,6,pdb:downloaded;afdb:downloaded
tbdt_p30690,tbdt_p30690_3wi4_a,tbdt,,P30690,3WI4,A,raw_af2/AF-P30690-F1-model_v6.pdb,raw_pdb/3WI4.pdb,unknown,unknown,none,none,,,,false,,3.32,X-RAY DIFFRACTION,,train,silver candidate from RCSB:mpstruc_OPM_beta_barrel; region annotation required before supervised displacement use.,silver_betaomp_displacement,silver,0.35,RCSB,RCSB:mpstruc_OPM_beta_barrel,3WI4_1,313,0.9425981873111783,0,0,P30690,6,pdb:downloaded;afdb:downloaded
tbdt_a0a0h3ame7,tbdt_a0a0h3ame7_6ehf_a,tbdt,,A0A0H3AME7,6EHF,A,raw_af2/AF-A0A0H3AME7-F1-model_v6.pdb,raw_pdb/6EHF.pdb,unknown,unknown,none,none,CA,,,false,,2.72,X-RAY DIFFRACTION,,train,silver candidate from RCSB:mpstruc_OPM_beta_barrel; region annotation required before supervised displacement use.,silver_betaomp_displacement,silver,0.35,RCSB,RCSB:mpstruc_OPM_beta_barrel,6EHF_1,319,0.8668478260869565,1,0,A0A0H3AME7,6,pdb:downloaded;afdb:downloaded
tbdt_q2fxb1,tbdt_q2fxb1_6u2s_a,tbdt,,Q2FXB1,6U2S,A,raw_af2/AF-Q2FXB1-F1-model_v6.pdb,raw_pdb/6U2S.pdb,unknown,unknown,none,none,,,,false,,1.5,X-RAY DIFFRACTION,,train,silver candidate from RCSB:mpstruc_OPM_beta_barrel; region annotation required before supervised displacement use.,silver_betaomp_displacement,silver,0.35,RCSB,RCSB:mpstruc_OPM_beta_barrel,6U2S_1,301,0.9204892966360856,0,0,Q2FXB1,6,pdb:downloaded;afdb:downloaded
tbdt_m4ggr4,tbdt_m4ggr4_7de8_x,tbdt,,M4GGR4,7DE8,X,raw_af2/AF-M4GGR4-F1-model_v6.pdb,raw_pdb/7DE8.pdb,unknown,unknown,none,none,,,,false,,2.76,X-RAY DIFFRACTION,,train,silver candidate from RCSB:mpstruc_OPM_beta_barrel; region annotation required before supervised displacement use.,silver_betaomp_displacement,silver,0.35,RCSB,RCSB:mpstruc_OPM_beta_barrel,7DE8_1,355,1.0,1,0,M4GGR4,6,pdb:downloaded;afdb:downloaded
tbdt_p24305,tbdt_p24305_2fgq_x,tbdt,,P24305,2FGQ,X,raw_af2/AF-P24305-F1-model_v6.pdb,raw_pdb/2FGQ.pdb,unknown,unknown,none,none,CA,,,false,,1.45,X-RAY DIFFRACTION,,train,silver candidate from RCSB:mpstruc_OPM_beta_barrel; region annotation required before supervised displacement use.,silver_betaomp_displacement,silver,0.35,RCSB,RCSB:mpstruc_OPM_beta_barrel,2FGQ_1,332,0.9458689458689459,0,0,P24305,6,pdb:downloaded;afdb:downloaded
tbdt_a0qr29,tbdt_a0qr29_1uun_a,tbdt,,A0QR29,1UUN,A,raw_af2/AF-A0QR29-F1-model_v6.pdb,raw_pdb/1UUN.pdb,unknown,unknown,none,none,,,,false,,2.5,X-RAY DIFFRACTION,,train,silver candidate from RCSB:mpstruc_OPM_beta_barrel; region annotation required before supervised displacement use.,silver_betaomp_displacement,silver,0.35,RCSB,RCSB:mpstruc_OPM_beta_barrel,1UUN_1,184,0.8720379146919431,1,0,A0QR29,6,pdb:downloaded;afdb:downloaded
tbdt_q9rbw8,tbdt_q9rbw8_3bry_a,tbdt,,Q9RBW8,3BRY,A,raw_af2/AF-Q9RBW8-F1-model_v6.pdb,raw_pdb/3BRY.pdb,unknown,unknown,none,none,,,,false,,3.2,X-RAY DIFFRACTION,,train,silver candidate from RCSB:mpstruc_OPM_beta_barrel; region annotation required before supervised displacement use.,silver_betaomp_displacement,silver,0.35,RCSB,RCSB:mpstruc_OPM_beta_barrel,3BRY_1,441,0.9454148471615721,0,0,Q9RBW8,6,pdb:downloaded;afdb:downloaded
tbdt_p32977,tbdt_p32977_4rjw_a,tbdt,,P32977,4RJW,A,raw_af2/AF-P32977-F1-model_v6.pdb,raw_pdb/4RJW.pdb,unknown,unknown,none,none,,,,false,,1.52,X-RAY DIFFRACTION,,train,silver candidate from RCSB:mpstruc_OPM_beta_barrel; region annotation required before supervised displacement use.,silver_betaomp_displacement,silver,0.35,RCSB,RCSB:mpstruc_OPM_beta_barrel,4RJW_1,429,0.9452054794520548,0,0,P32977,6,pdb:downloaded;afdb:downloaded
tbdt_a5w3z9,tbdt_a5w3z9_4rl8_a,tbdt,,A5W3Z9,4RL8,A,raw_af2/AF-A5W3Z9-F1-model_v6.pdb,raw_pdb/4RL8.pdb,unknown,unknown,none,none,,,,false,,2.3,X-RAY DIFFRACTION,,train,silver candidate from RCSB:mpstruc_OPM_beta_barrel; region annotation required before supervised displacement use.,silver_betaomp_displacement,silver,0.35,RCSB,RCSB:mpstruc_OPM_beta_barrel,4RL8_1,275,0.9305555555555556,0,0,A5W3Z9,6,pdb:downloaded;afdb:downloaded
tbdt_l0rvu0,tbdt_l0rvu0_5mdq_a,tbdt,,L0RVU0,5MDQ,A,raw_af2/AF-L0RVU0-F1-model_v6.pdb,raw_pdb/5MDQ.pdb,unknown,unknown,none,none,NA,,,false,,2.5,X-RAY DIFFRACTION,,val,silver candidate from RCSB:mpstruc_OPM_beta_barrel; region annotation required before supervised displacement use.,silver_betaomp_displacement,silver,0.35,RCSB,RCSB:mpstruc_OPM_beta_barrel,5MDQ_1,350,0.9333333333333333,0,0,L0RVU0,6,pdb:downloaded;afdb:downloaded
tbdt_q2fxb1,tbdt_q2fxb1_6u33_a,tbdt,,Q2FXB1,6U33,A,raw_af2/AF-Q2FXB1-F1-model_v6.pdb,raw_pdb/6U33.pdb,unknown,unknown,none,none,NI,,,false,,1.75,X-RAY DIFFRACTION,,train,silver candidate from RCSB:mpstruc_OPM_beta_barrel; region annotation required before supervised displacement use.,silver_betaomp_displacement,silver,0.35,RCSB,RCSB:mpstruc_OPM_beta_barrel,6U33_1,301,0.9204892966360856,0,0,Q2FXB1,6,pdb:downloaded;afdb:downloaded
tbdt_q9rp17,tbdt_q9rp17_1p4t_a,tbdt,,Q9RP17,1P4T,A,raw_af2/AF-Q9RP17-F1-model_v6.pdb,raw_pdb/1P4T.pdb,unknown,unknown,none,none,,,,false,,2.55,X-RAY DIFFRACTION,,train,silver candidate from RCSB:mpstruc_OPM_beta_barrel; region annotation required before supervised displacement use.,silver_betaomp_displacement,silver,0.35,RCSB,RCSB:mpstruc_OPM_beta_barrel,1P4T_1,155,0.8908045977011494,0,0,Q9RP17,6,pdb:downloaded;afdb:downloaded
tbdt_q9hur5,tbdt_q9hur5_2qtk_a,tbdt,,Q9HUR5,2QTK,A,raw_af2/AF-Q9HUR5-F1-model_v6.pdb,raw_pdb/2QTK.pdb,unknown,unknown,none,none,,,,false,,2.8,X-RAY DIFFRACTION,,val,silver candidate from RCSB:mpstruc_OPM_beta_barrel; region annotation required before supervised displacement use.,silver_betaomp_displacement,silver,0.35,RCSB,RCSB:mpstruc_OPM_beta_barrel,2QTK_1,390,0.935251798561151,0,0,Q9HUR5,6,pdb:downloaded;afdb:downloaded
tbdt_a5w4f4,tbdt_a5w4f4_3bs0_a,tbdt,,A5W4F4,3BS0,A,raw_af2/AF-A5W4F4-F1-model_v6.pdb,raw_pdb/3BS0.pdb,unknown,unknown,none,none,,,,false,,2.6,X-RAY DIFFRACTION,,val,silver candidate from RCSB:mpstruc_OPM_beta_barrel; region annotation required before supervised displacement use.,silver_betaomp_displacement,silver,0.35,RCSB,RCSB:mpstruc_OPM_beta_barrel,3BS0_1,439,0.9558498896247241,2,0,A5W4F4,6,pdb:downloaded;afdb:downloaded
tbdt_p39767,tbdt_p39767_3prn_a,tbdt,,P39767,3PRN,A,raw_af2/AF-P39767-F1-model_v6.pdb,raw_pdb/3PRN.pdb,unknown,unknown,none,none,MG,,,false,,1.9,X-RAY DIFFRACTION,,train,silver candidate from RCSB:mpstruc_OPM_beta_barrel; region annotation required before supervised displacement use.,silver_betaomp_displacement,silver,0.35,RCSB,RCSB:mpstruc_OPM_beta_barrel,3PRN_1,289,0.9965397923875432,1,0,P39767,6,pdb:downloaded;afdb:downloaded
tbdt_q8d0z7,tbdt_q8d0z7_3qra_a,tbdt,,Q8D0Z7,3QRA,A,raw_af2/AF-Q8D0Z7-F1-model_v6.pdb,raw_pdb/3QRA.pdb,unknown,unknown,none,none,,,,false,,1.801,X-RAY DIFFRACTION,,test,silver candidate from RCSB:mpstruc_OPM_beta_barrel; region annotation required before supervised displacement use.,silver_betaomp_displacement,silver,0.35,RCSB,RCSB:mpstruc_OPM_beta_barrel,3QRA_1,157,0.8041237113402062,0,0,Q8D0Z7,6,pdb:downloaded;afdb:downloaded
tbdt_q48391,tbdt_q48391_4d5b_a,tbdt,,Q48391,4D5B,A,raw_af2/AF-Q48391-F1-model_v6.pdb,raw_pdb/4D5B.pdb,unknown,unknown,none,none,,,,false,,1.702,X-RAY DIFFRACTION,,train,silver candidate from RCSB:mpstruc_OPM_beta_barrel; region annotation required before supervised displacement use.,silver_betaomp_displacement,silver,0.35,RCSB,RCSB:mpstruc_OPM_beta_barrel,4D5B_1,339,0.9364161849710982,0,0,Q48391,6,pdb:downloaded;afdb:downloaded
tbdt_a0a0d5yi36,tbdt_a0a0d5yi36_5dl8_a,tbdt,,A0A0D5YI36,5DL8,A,raw_af2/AF-A0A0D5YI36-F1-model_v6.pdb,raw_pdb/5DL8.pdb,unknown,unknown,none,none,CA,,,false,,2.2,X-RAY DIFFRACTION,,test,silver candidate from RCSB:mpstruc_OPM_beta_barrel; region annotation required before supervised displacement use.,silver_betaomp_displacement,silver,0.35,RCSB,RCSB:mpstruc_OPM_beta_barrel,5DL8_1,407,0.937799043062201,0,0,A0A0D5YI36,6,pdb:downloaded;afdb:downloaded
tbdt_q9ns69,tbdt_q9ns69_7ck6_c,tbdt,,Q9NS69,7CK6,C,raw_af2/AF-Q9NS69-F1-model_v6.pdb,raw_pdb/7CK6.pdb,unknown,unknown,none,none,,,,false,,3.4,ELECTRON MICROSCOPY,,train,silver candidate from RCSB:mpstruc_OPM_beta_barrel; region annotation required before supervised displacement use.,silver_betaomp_displacement,silver,0.35,RCSB,RCSB:mpstruc_OPM_beta_barrel,7CK6_2,142,1.0,0,0,Q9NS69,6,pdb:downloaded;afdb:downloaded
tbdt_o96008,tbdt_o96008_7ck6_a,tbdt,,O96008,7CK6,A,raw_af2/AF-O96008-F1-model_v6.pdb,raw_pdb/7CK6.pdb,unknown,unknown,none,none,,,,false,,3.4,ELECTRON MICROSCOPY,,train,silver candidate from RCSB:mpstruc_OPM_beta_barrel; region annotation required before supervised displacement use.,silver_betaomp_displacement,silver,0.35,RCSB,RCSB:mpstruc_OPM_beta_barrel,7CK6_1,361,1.0,0,0,O96008,6,pdb:downloaded;afdb:downloaded
tbdt_p0ac02,tbdt_p0ac02_3tgo_a,tbdt,,P0AC02,3TGO,A,raw_af2/AF-P0AC02-F1-model_v6.pdb,raw_pdb/3TGO.pdb,unknown,unknown,none,none,K;NA,,,false,,2.9,X-RAY DIFFRACTION,,train,silver candidate from RCSB:mpstruc_OPM_beta_barrel; region annotation required before supervised displacement use.,silver_betaomp_displacement,silver,0.35,RCSB,RCSB:mpstruc_OPM_beta_barrel,3TGO_1,229,0.9183673469387755,0,0,P0AC02,6,pdb:downloaded;afdb:downloaded
tbdt_p0a903,tbdt_p0a903_3tgo_c,tbdt,,P0A903,3TGO,C,raw_af2/AF-P0A903-F1-model_v6.pdb,raw_pdb/3TGO.pdb,unknown,unknown,none,none,K;NA,,,false,,2.9,X-RAY DIFFRACTION,,train,silver candidate from RCSB:mpstruc_OPM_beta_barrel; region annotation required before supervised displacement use.,silver_betaomp_displacement,silver,0.35,RCSB,RCSB:mpstruc_OPM_beta_barrel,3TGO_2,323,0.9273255813953488,0,0,P0A903,6,pdb:downloaded;afdb:downloaded
tbdt_p0ae98,tbdt_p0ae98_6lqh_a,tbdt,,P0AE98,6LQH,a,raw_af2/AF-P0AE98-F1-model_v6.pdb,raw_pdb/6LQH.pdb,unknown,unknown,none,none,,,,false,,2.94,ELECTRON MICROSCOPY,,train,silver candidate from RCSB:mpstruc_OPM_beta_barrel; region annotation required before supervised displacement use.,silver_betaomp_displacement,silver,0.35,RCSB,RCSB:mpstruc_OPM_beta_barrel,6LQH_2,144,1.0,0,0,P0AE98,6,pdb:downloaded;afdb:downloaded
tbdt_p0aea2,tbdt_p0aea2_6si7_j,tbdt,,P0AEA2,6SI7,J,raw_af2/AF-P0AEA2-F1-model_v6.pdb,raw_pdb/6SI7.pdb,unknown,unknown,none,none,,,,false,,3.4,ELECTRON MICROSCOPY,,train,silver candidate from RCSB:mpstruc_OPM_beta_barrel; region annotation required before supervised displacement use.,silver_betaomp_displacement,silver,0.35,RCSB,RCSB:mpstruc_OPM_beta_barrel,6SI7_2,272,0.9458483754512635,0,0,P0AEA2,6,pdb:downloaded;afdb:downloaded
tbdt_p0a917,tbdt_p0a917_1qj8_a,tbdt,,P0A917,1QJ8,A,raw_af2/AF-P0A917-F1-model_v6.pdb,raw_pdb/1QJ8.pdb,unknown,unknown,none,none,PCL,,,false,,1.9,X-RAY DIFFRACTION,,train,silver candidate from RCSB:mpstruc_OPM_beta_barrel; region annotation required before supervised displacement use.,silver_betaomp_displacement,silver,0.35,RCSB,RCSB:mpstruc_OPM_beta_barrel,1QJ8_1,148,0.8654970760233918,1,0,P0A917,6,pdb:downloaded;afdb:downloaded
tbdt_q5fbd2,tbdt_q5fbd2_6u3f_a,tbdt,,Q5FBD2,6U3F,A,raw_af2/AF-Q5FBD2-F1-model_v6.pdb,raw_pdb/6U3F.pdb,unknown,unknown,none,none,,,,false,,1.78,X-RAY DIFFRACTION,,train,silver candidate from RCSB:mpstruc_OPM_beta_barrel; region annotation required before supervised displacement use.,silver_betaomp_displacement,silver,0.35,RCSB,RCSB:mpstruc_OPM_beta_barrel,6U3F_1,301,0.9261538461538461,0,0,Q5FBD2,6,pdb:downloaded;afdb:downloaded
tbdt_a0a1c3q001,tbdt_a0a1c3q001_7ng9_a,tbdt,,A0A1C3Q001,7NG9,A,raw_af2/AF-A0A1C3Q001-F1-model_v6.pdb,raw_pdb/7NG9.pdb,unknown,unknown,none,none,,,,false,,3.3,ELECTRON MICROSCOPY,,train,silver candidate from RCSB:mpstruc_OPM_beta_barrel; region annotation required before supervised displacement use.,silver_betaomp_displacement,silver,0.35,RCSB,RCSB:mpstruc_OPM_beta_barrel,7NG9_1,494,1.0,0,0,A0A1C3Q001,6,pdb:downloaded;afdb:downloaded
tbdt_q2fxb0,tbdt_q2fxb0_7p8s_a,tbdt,,Q2FXB0,7P8S,A,raw_af2/AF-Q2FXB0-F1-model_v6.pdb,raw_pdb/7P8S.pdb,unknown,unknown,none,none,,,,false,,1.9,X-RAY DIFFRACTION,,train,silver candidate from RCSB:mpstruc_OPM_beta_barrel; region annotation required before supervised displacement use.,silver_betaomp_displacement,silver,0.35,RCSB,RCSB:mpstruc_OPM_beta_barrel,7P8S_1,308,0.9803921568627451,0,0,Q2FXB0,6,pdb:downloaded;afdb:downloaded
tbdt_q9ks51,tbdt_q9ks51_1yc9_a,tbdt,,Q9KS51,1YC9,A,raw_af2/AF-Q9KS51-F1-model_v6.pdb,raw_pdb/1YC9.pdb,unknown,unknown,none,none,HG,,,false,,1.8,X-RAY DIFFRACTION,,train,silver candidate from RCSB:mpstruc_OPM_beta_barrel; region annotation required before supervised displacement use.,silver_betaomp_displacement,silver,0.35,RCSB,RCSB:mpstruc_OPM_beta_barrel,1YC9_1,442,0.9132231404958677,1,0,Q9KS51,6,pdb:downloaded;afdb:downloaded
tbdt_p0aea2,tbdt_p0aea2_6lqh_a,tbdt,,P0AEA2,6LQH,A,raw_af2/AF-P0AEA2-F1-model_v6.pdb,raw_pdb/6LQH.pdb,unknown,unknown,none,none,,,,false,,2.94,ELECTRON MICROSCOPY,,train,silver candidate from RCSB:mpstruc_OPM_beta_barrel; region annotation required before supervised displacement use.,silver_betaomp_displacement,silver,0.35,RCSB,RCSB:mpstruc_OPM_beta_barrel,6LQH_1,285,1.0,0,0,P0AEA2,6,pdb:downloaded;afdb:downloaded
tbdt_p0ae98,tbdt_p0ae98_6si7_a,tbdt,,P0AE98,6SI7,A,raw_af2/AF-P0AE98-F1-model_v6.pdb,raw_pdb/6SI7.pdb,unknown,unknown,none,none,,,,false,,3.4,ELECTRON MICROSCOPY,,train,silver candidate from RCSB:mpstruc_OPM_beta_barrel; region annotation required before supervised displacement use.,silver_betaomp_displacement,silver,0.35,RCSB,RCSB:mpstruc_OPM_beta_barrel,6SI7_1,125,0.8623188405797102,0,0,P0AE98,6,pdb:downloaded;afdb:downloaded
tbdt_p76045,tbdt_p76045_2x9k_a,tbdt,,P76045,2X9K,A,raw_af2/AF-P76045-F1-model_v6.pdb,raw_pdb/2X9K.pdb,unknown,unknown,none,none,,,,false,,2.18,X-RAY DIFFRACTION,,test,silver candidate from RCSB:mpstruc_OPM_beta_barrel; region annotation required before supervised displacement use.,silver_betaomp_displacement,silver,0.35,RCSB,RCSB:mpstruc_OPM_beta_barrel,2X9K_1,280,0.9302325581395349,2,0,P76045,6,pdb:downloaded;afdb:downloaded
tbdt_q9hvs0,tbdt_q9hvs0_3syb_a,tbdt,,Q9HVS0,3SYB,A,raw_af2/AF-Q9HVS0-F1-model_v6.pdb,raw_pdb/3SYB.pdb,unknown,unknown,none,none,,,,false,,2.7,X-RAY DIFFRACTION,,test,silver candidate from RCSB:mpstruc_OPM_beta_barrel; region annotation required before supervised displacement use.,silver_betaomp_displacement,silver,0.35,RCSB,RCSB:mpstruc_OPM_beta_barrel,3SYB_1,467,0.9483471074380165,0,0,Q9HVS0,6,pdb:downloaded;afdb:downloaded
tbdt_q5f5w8,tbdt_q5f5w8_4k3b_a,tbdt,,Q5F5W8,4K3B,A,raw_af2/AF-Q5F5W8-F1-model_v6.pdb,raw_pdb/4K3B.pdb,unknown,unknown,none,none,,,,false,,3.2,X-RAY DIFFRACTION,,train,silver candidate from RCSB:mpstruc_OPM_beta_barrel; region annotation required before supervised displacement use.,silver_betaomp_displacement,silver,0.35,RCSB,RCSB:mpstruc_OPM_beta_barrel,4K3B_1,792,1.0,0,0,Q5F5W8,6,pdb:downloaded;afdb:downloaded
tbdt_a0a0h3fyj7,tbdt_a0a0h3fyj7_5o78_a,tbdt,,A0A0H3FYJ7,5O78,A,raw_af2/AF-A0A0H3FYJ7-F1-model_v6.pdb,raw_pdb/5O78.pdb,unknown,unknown,none,none,,,,false,,2.85,X-RAY DIFFRACTION,,test,silver candidate from RCSB:mpstruc_OPM_beta_barrel; region annotation required before supervised displacement use.,silver_betaomp_displacement,silver,0.35,RCSB,RCSB:mpstruc_OPM_beta_barrel,5O78_1,337,0.9387186629526463,0,0,A0A0H3FYJ7,6,pdb:downloaded;afdb:downloaded
tbdt_p02930,tbdt_p02930_2vde_a,tbdt,,P02930,2VDE,A,raw_af2/AF-P02930-F1-model_v6.pdb,raw_pdb/2VDE.pdb,unknown,unknown,enterobactin,enterobactin,,,,false,,3.2,X-RAY DIFFRACTION,,train,silver candidate from RCSB:mpstruc_OPM_beta_barrel; region annotation required before supervised displacement use.,silver_betaomp_displacement,silver,0.35,RCSB,RCSB:mpstruc_OPM_beta_barrel,2VDE_1,460,0.9127789046653144,3,0,P02930,6,pdb:downloaded;afdb:downloaded
tbdt_p05695,tbdt_p05695_2o4v_a,tbdt,,P05695,2O4V,A,raw_af2/AF-P05695-F1-model_v6.pdb,raw_pdb/2O4V.pdb,unknown,unknown,none,none,CA,,,false,,1.94,X-RAY DIFFRACTION,,train,silver candidate from RCSB:mpstruc_OPM_beta_barrel; region annotation required before supervised displacement use.,silver_betaomp_displacement,silver,0.35,RCSB,RCSB:mpstruc_OPM_beta_barrel,2O4V_1,411,0.9340909090909091,0,0,P05695,6,pdb:downloaded;afdb:downloaded
tbdt_p17811,tbdt_p17811_2x55_a,tbdt,,P17811,2X55,A,raw_af2/AF-P17811-F1-model_v6.pdb,raw_pdb/2X55.pdb,unknown,unknown,none,none,,,,false,,1.85,X-RAY DIFFRACTION,,train,silver candidate from RCSB:mpstruc_OPM_beta_barrel; region annotation required before supervised displacement use.,silver_betaomp_displacement,silver,0.35,RCSB,RCSB:mpstruc_OPM_beta_barrel,2X55_1,293,0.9358974358974359,0,0,P17811,6,pdb:downloaded;afdb:downloaded
tbdt_q8zpt3,tbdt_q8zpt3_3fid_a,tbdt,,Q8ZPT3,3FID,A,raw_af2/AF-Q8ZPT3-F1-model_v6.pdb,raw_pdb/3FID.pdb,unknown,unknown,none,none,,,,false,,1.9,X-RAY DIFFRACTION,,val,silver candidate from RCSB:mpstruc_OPM_beta_barrel; region annotation required before supervised displacement use.,silver_betaomp_displacement,silver,0.35,RCSB,RCSB:mpstruc_OPM_beta_barrel,3FID_1,296,0.9278996865203761,0,0,Q8ZPT3,6,pdb:downloaded;afdb:downloaded
tbdt_q8d0z7,tbdt_q8d0z7_3qrc_a,tbdt,,Q8D0Z7,3QRC,A,raw_af2/AF-Q8D0Z7-F1-model_v6.pdb,raw_pdb/3QRC.pdb,unknown,unknown,none,none,,,,false,,1.852,X-RAY DIFFRACTION,,test,silver candidate from RCSB:mpstruc_OPM_beta_barrel; region annotation required before supervised displacement use.,silver_betaomp_displacement,silver,0.35,RCSB,RCSB:mpstruc_OPM_beta_barrel,3QRC_1,157,0.8041237113402062,0,0,Q8D0Z7,6,pdb:downloaded;afdb:downloaded
tbdt_q934g3,tbdt_q934g3_4fqe_a,tbdt,,Q934G3,4FQE,A,raw_af2/AF-Q934G3-F1-model_v6.pdb,raw_pdb/4FQE.pdb,unknown,unknown,none,none,,,,false,,1.93,X-RAY DIFFRACTION,,train,silver candidate from RCSB:mpstruc_OPM_beta_barrel; region annotation required before supervised displacement use.,silver_betaomp_displacement,silver,0.35,RCSB,RCSB:mpstruc_OPM_beta_barrel,4FQE_1,222,0.9152542372881356,0,0,Q934G3,6,pdb:downloaded;afdb:downloaded
tbdt_a0a0f6c2f5,tbdt_a0a0f6c2f5_4q79_a,tbdt,,A0A0F6C2F5,4Q79,A,raw_af2/AF-A0A0F6C2F5-F1-model_v6.pdb,raw_pdb/4Q79.pdb,unknown,unknown,none,none,HG,,,false,,3.1,X-RAY DIFFRACTION,,test,silver candidate from RCSB:mpstruc_OPM_beta_barrel; region annotation required before supervised displacement use.,silver_betaomp_displacement,silver,0.35,RCSB,RCSB:mpstruc_OPM_beta_barrel,4Q79_1,277,1.0,0,0,A0A0F6C2F5,6,pdb:downloaded;afdb:downloaded
tbdt_e3u904,tbdt_e3u904_5nxn_a,tbdt,,E3U904,5NXN,A,raw_af2/AF-E3U904-F1-model_v6.pdb,raw_pdb/5NXN.pdb,unknown,unknown,none,none,CA,,,false,,3.12,X-RAY DIFFRACTION,,train,silver candidate from RCSB:mpstruc_OPM_beta_barrel; region annotation required before supervised displacement use.,silver_betaomp_displacement,silver,0.35,RCSB,RCSB:mpstruc_OPM_beta_barrel,5NXN_1,342,0.9144385026737968,0,0,E3U904,6,pdb:downloaded;afdb:downloaded
tbdt_a0a0h3ame7,tbdt_a0a0h3ame7_6ehe_a,tbdt,,A0A0H3AME7,6EHE,A,raw_af2/AF-A0A0H3AME7-F1-model_v6.pdb,raw_pdb/6EHE.pdb,unknown,unknown,none,none,,,,false,,2.312,X-RAY DIFFRACTION,,train,silver candidate from RCSB:mpstruc_OPM_beta_barrel; region annotation required before supervised displacement use.,silver_betaomp_displacement,silver,0.35,RCSB,RCSB:mpstruc_OPM_beta_barrel,6EHE_1,319,0.8668478260869565,0,0,A0A0H3AME7,6,pdb:downloaded;afdb:downloaded
tbdt_q02307,tbdt_q02307_6rb9_a,tbdt,,Q02307,6RB9,A,raw_af2/AF-Q02307-F1-model_v6.pdb,raw_pdb/6RB9.pdb,unknown,unknown,none,none,,,,false,,3.2,ELECTRON MICROSCOPY,,val,silver candidate from RCSB:mpstruc_OPM_beta_barrel; region annotation required before supervised displacement use.,silver_betaomp_displacement,silver,0.35,RCSB,RCSB:mpstruc_OPM_beta_barrel,6RB9_1,286,0.7926829268292683,0,0,Q02307,6,pdb:downloaded;afdb:downloaded
tbdt_p69856,tbdt_p69856_2wjr_a,tbdt,,P69856,2WJR,A,raw_af2/AF-P69856-F1-model_v6.pdb,raw_pdb/2WJR.pdb,unknown,unknown,none,none,,,,false,,1.8,X-RAY DIFFRACTION,,test,silver candidate from RCSB:mpstruc_OPM_beta_barrel; region annotation required before supervised displacement use.,silver_betaomp_displacement,silver,0.35,RCSB,RCSB:mpstruc_OPM_beta_barrel,2WJR_1,214,0.8991596638655462,1,0,P69856,6,pdb:downloaded;afdb:downloaded
tbdt_q5rt80,tbdt_q5rt80_3a2s_x,tbdt,,Q5RT80,3A2S,X,raw_af2/AF-Q5RT80-F1-model_v6.pdb,raw_pdb/3A2S.pdb,unknown,unknown,none,none,,,,false,,2.2,X-RAY DIFFRACTION,,train,silver candidate from RCSB:mpstruc_OPM_beta_barrel; region annotation required before supervised displacement use.,silver_betaomp_displacement,silver,0.35,RCSB,RCSB:mpstruc_OPM_beta_barrel,3A2S_1,355,1.0,0,0,Q5RT80,6,pdb:downloaded;afdb:downloaded
tbdt_p35077,tbdt_p35077_3njt_a,tbdt,,P35077,3NJT,A,raw_af2/AF-P35077-F1-model_v6.pdb,raw_pdb/3NJT.pdb,unknown,unknown,none,none,,,,false,,3.5,X-RAY DIFFRACTION,,train,silver candidate from RCSB:mpstruc_OPM_beta_barrel; region annotation required before supervised displacement use.,silver_betaomp_displacement,silver,0.35,RCSB,RCSB:mpstruc_OPM_beta_barrel,3NJT_1,566,0.9434931506849316,1,0,P35077,6,pdb:downloaded;afdb:downloaded
tbdt_q9i6p8,tbdt_q9i6p8_3szd_a,tbdt,,Q9I6P8,3SZD,A,raw_af2/AF-Q9I6P8-F1-model_v6.pdb,raw_pdb/3SZD.pdb,unknown,unknown,none,none,,,,false,,2.311,X-RAY DIFFRACTION,,train,silver candidate from RCSB:mpstruc_OPM_beta_barrel; region annotation required before supervised displacement use.,silver_betaomp_displacement,silver,0.35,RCSB,RCSB:mpstruc_OPM_beta_barrel,3SZD_1,405,0.9429928741092637,0,0,Q9I6P8,6,pdb:downloaded;afdb:downloaded
tbdt_o18423,tbdt_o18423_5gaq_a,tbdt,,O18423,5GAQ,A,raw_af2/AF-O18423-F1-model_v6.pdb,raw_pdb/5GAQ.pdb,unknown,unknown,none,none,,,,false,,3.1,ELECTRON MICROSCOPY,,val,silver candidate from RCSB:mpstruc_OPM_beta_barrel; region annotation required before supervised displacement use.,silver_betaomp_displacement,silver,0.35,RCSB,RCSB:mpstruc_OPM_beta_barrel,5GAQ_1,310,1.0,0,0,O18423,6,pdb:downloaded;afdb:downloaded
tbdt_a5f934,tbdt_a5f934_6ehb_a,tbdt,,A5F934,6EHB,A,raw_af2/AF-A5F934-F1-model_v6.pdb,raw_pdb/6EHB.pdb,unknown,unknown,none,none,,,,false,,1.55,X-RAY DIFFRACTION,,train,silver candidate from RCSB:mpstruc_OPM_beta_barrel; region annotation required before supervised displacement use.,silver_betaomp_displacement,silver,0.35,RCSB,RCSB:mpstruc_OPM_beta_barrel,6EHB_1,320,0.9384164222873901,0,0,A5F934,6,pdb:downloaded;afdb:downloaded
tbdt_o32739,tbdt_o32739_6uwr_a,tbdt,,O32739,6UWR,A,raw_af2/AF-O32739-F1-model_v6.pdb,raw_pdb/6UWR.pdb,unknown,unknown,none,none,CA,,,false,,2.8,ELECTRON MICROSCOPY,,test,silver candidate from RCSB:mpstruc_OPM_beta_barrel; region annotation required before supervised displacement use.,silver_betaomp_displacement,silver,0.35,RCSB,RCSB:mpstruc_OPM_beta_barrel,6UWR_1,667,0.7614155251141552,0,0,O32739,6,pdb:downloaded;afdb:downloaded
tbdt_q3yl97,tbdt_q3yl97_6wim_a,tbdt,,Q3YL97,6WIM,A,raw_af2/AF-Q3YL97-F1-model_v6.pdb,raw_pdb/6WIM.pdb,unknown,unknown,none,none,,,,false,,2.6,X-RAY DIFFRACTION,,train,silver candidate from RCSB:mpstruc_OPM_beta_barrel; region annotation required before supervised displacement use.,silver_betaomp_displacement,silver,0.35,RCSB,RCSB:mpstruc_OPM_beta_barrel,6WIM_1,538,0.9115646258503401,0,0,Q3YL97,6,pdb:downloaded;afdb:downloaded
tbdt_p0a927,tbdt_p0a927_1tly_a,tbdt,,P0A927,1TLY,A,raw_af2/AF-P0A927-F1-model_v6.pdb,raw_pdb/1TLY.pdb,unknown,unknown,none,none,,,,false,,3.01,X-RAY DIFFRACTION,,val,silver candidate from RCSB:mpstruc_OPM_beta_barrel; region annotation required before supervised displacement use.,silver_betaomp_displacement,silver,0.35,RCSB,RCSB:mpstruc_OPM_beta_barrel,1TLY_1,278,0.9251700680272109,0,0,P0A927,6,pdb:downloaded;afdb:downloaded
tbdt_p10384,tbdt_p10384_2r88_a,tbdt,,P10384,2R88,A,raw_af2/AF-P10384-F1-model_v6.pdb,raw_pdb/2R88.pdb,unknown,unknown,none,none,,,,false,,2.6,X-RAY DIFFRACTION,,train,silver candidate from RCSB:mpstruc_OPM_beta_barrel; region annotation required before supervised displacement use.,silver_betaomp_displacement,silver,0.35,RCSB,RCSB:mpstruc_OPM_beta_barrel,2R88_1,426,0.9417040358744395,0,0,P10384,6,pdb:downloaded;afdb:downloaded
tbdt_q9hww1,tbdt_q9hww1_2x27_x,tbdt,,Q9HWW1,2X27,X,raw_af2/AF-Q9HWW1-F1-model_v6.pdb,raw_pdb/2X27.pdb,unknown,unknown,none,none,NI,,,false,,2.4,X-RAY DIFFRACTION,,train,silver candidate from RCSB:mpstruc_OPM_beta_barrel; region annotation required before supervised displacement use.,silver_betaomp_displacement,silver,0.35,RCSB,RCSB:mpstruc_OPM_beta_barrel,2X27_1,212,0.9051724137931034,0,0,Q9HWW1,6,pdb:downloaded;afdb:downloaded
tbdt_q9hvj6,tbdt_q9hvj6_3dwo_x,tbdt,,Q9HVJ6,3DWO,X,raw_af2/AF-Q9HVJ6-F1-model_v6.pdb,raw_pdb/3DWO.pdb,unknown,unknown,none,none,,,,false,,2.2,X-RAY DIFFRACTION,,test,silver candidate from RCSB:mpstruc_OPM_beta_barrel; region annotation required before supervised displacement use.,silver_betaomp_displacement,silver,0.35,RCSB,RCSB:mpstruc_OPM_beta_barrel,3DWO_1,451,0.9546436285097192,0,0,Q9HVJ6,6,pdb:downloaded;afdb:downloaded
tbdt_p10384,tbdt_p10384_3pgr_a,tbdt,,P10384,3PGR,A,raw_af2/AF-P10384-F1-model_v6.pdb,raw_pdb/3PGR.pdb,unknown,unknown,none,none,,,,false,,2.6,X-RAY DIFFRACTION,,train,silver candidate from RCSB:mpstruc_OPM_beta_barrel; region annotation required before supervised displacement use.,silver_betaomp_displacement,silver,0.35,RCSB,RCSB:mpstruc_OPM_beta_barrel,3PGR_1,427,0.9439461883408071,2,0,P10384,6,pdb:downloaded;afdb:downloaded
tbdt_p32722,tbdt_p32722_3sy7_a,tbdt,,P32722,3SY7,A,raw_af2/AF-P32722-F1-model_v6.pdb,raw_pdb/3SY7.pdb,unknown,unknown,none,none,,,,false,,2.15,X-RAY DIFFRACTION,,train,silver candidate from RCSB:mpstruc_OPM_beta_barrel; region annotation required before supervised displacement use.,silver_betaomp_displacement,silver,0.35,RCSB,RCSB:mpstruc_OPM_beta_barrel,3SY7_1,428,0.9480812641083521,0,0,P32722,6,pdb:downloaded;afdb:downloaded
tbdt_q8rte3,tbdt_q8rte3_4mt4_a,tbdt,,Q8RTE3,4MT4,A,raw_af2/AF-Q8RTE3-F1-model_v6.pdb,raw_pdb/4MT4.pdb,unknown,unknown,none,none,3PK,,,false,,2.373,X-RAY DIFFRACTION,,train,silver candidate from RCSB:mpstruc_OPM_beta_barrel; region annotation required before supervised displacement use.,silver_betaomp_displacement,silver,0.35,RCSB,RCSB:mpstruc_OPM_beta_barrel,4MT4_1,479,0.9613821138211383,0,0,Q8RTE3,6,pdb:downloaded;afdb:downloaded
tbdt_a5f934,tbdt_a5f934_6ehc_a,tbdt,,A5F934,6EHC,A,raw_af2/AF-A5F934-F1-model_v6.pdb,raw_pdb/6EHC.pdb,unknown,unknown,none,none,,,,false,,2.02,X-RAY DIFFRACTION,,train,silver candidate from RCSB:mpstruc_OPM_beta_barrel; region annotation required before supervised displacement use.,silver_betaomp_displacement,silver,0.35,RCSB,RCSB:mpstruc_OPM_beta_barrel,6EHC_1,309,0.906158357771261,0,0,A5F934,6,pdb:downloaded;afdb:downloaded
tbdt_p09616,tbdt_p09616_6u3t_a,tbdt,,P09616,6U3T,A,raw_af2/AF-P09616-F1-model_v6.pdb,raw_pdb/6U3T.pdb,unknown,unknown,none,none,,,,false,,2.79,X-RAY DIFFRACTION,,train,silver candidate from RCSB:mpstruc_OPM_beta_barrel; region annotation required before supervised displacement use.,silver_betaomp_displacement,silver,0.35,RCSB,RCSB:mpstruc_OPM_beta_barrel,6U3T_1,293,0.9184952978056427,0,0,P09616,6,pdb:downloaded;afdb:downloaded
tbdt_p0aea2,tbdt_p0aea2_6l7a_a,tbdt,,P0AEA2,6L7A,A,raw_af2/AF-P0AEA2-F1-model_v6.pdb,raw_pdb/6L7A.pdb,unknown,unknown,none,none,,,,false,,3.38,ELECTRON MICROSCOPY,,train,silver candidate from RCSB:mpstruc_OPM_beta_barrel; region annotation required before supervised displacement use.,silver_betaomp_displacement,silver,0.35,RCSB,RCSB:mpstruc_OPM_beta_barrel,6L7A_1,277,1.0,0,0,P0AEA2,6,pdb:downloaded;afdb:downloaded
tbdt_p02930,tbdt_p02930_6wxh_a,tbdt,,P02930,6WXH,A,raw_af2/AF-P02930-F1-model_v6.pdb,raw_pdb/6WXH.pdb,unknown,unknown,enterobactin,enterobactin,,,,false,,3.09,ELECTRON MICROSCOPY,,train,silver candidate from RCSB:mpstruc_OPM_beta_barrel; region annotation required before supervised displacement use.,silver_betaomp_displacement,silver,0.35,RCSB,RCSB:mpstruc_OPM_beta_barrel,6WXH_1,493,1.0,0,0,P02930,6,pdb:downloaded;afdb:downloaded
tbdt_p13423,tbdt_p13423_7kxr_a,tbdt,,P13423,7KXR,A,raw_af2/AF-P13423-F1-model_v6.pdb,raw_pdb/7KXR.pdb,unknown,unknown,none,none,CA,,,false,,3.3,ELECTRON MICROSCOPY,,test,silver candidate from RCSB:mpstruc_OPM_beta_barrel; region annotation required before supervised displacement use.,silver_betaomp_displacement,silver,0.35,RCSB,RCSB:mpstruc_OPM_beta_barrel,7KXR_2,562,0.7356020942408377,0,0,P13423,6,pdb:downloaded;afdb:downloaded
tbdt_p0ae98,tbdt_p0ae98_6l7a_j,tbdt,,P0AE98,6L7A,J,raw_af2/AF-P0AE98-F1-model_v6.pdb,raw_pdb/6L7A.pdb,unknown,unknown,none,none,,,,false,,3.38,ELECTRON MICROSCOPY,,train,silver candidate from RCSB:mpstruc_OPM_beta_barrel; region annotation required before supervised displacement use.,silver_betaomp_displacement,silver,0.35,RCSB,RCSB:mpstruc_OPM_beta_barrel,6L7A_2,138,1.0,0,0,P0AE98,6,pdb:downloaded;afdb:downloaded
tbdt_p09169,tbdt_p09169_1i78_a,tbdt,,P09169,1I78,A,raw_af2/AF-P09169-F1-model_v6.pdb,raw_pdb/1I78.pdb,unknown,unknown,none,none,,,,false,,2.6,X-RAY DIFFRACTION,,train,silver candidate from RCSB:mpstruc_OPM_beta_barrel; region annotation required before supervised displacement use.,silver_betaomp_displacement,silver,0.35,RCSB,RCSB:mpstruc_OPM_beta_barrel,1I78_1,297,0.9369085173501577,3,0,P09169,6,pdb:downloaded;afdb:downloaded
tbdt_p0a921,tbdt_p0a921_1qd5_a,tbdt,,P0A921,1QD5,A,raw_af2/AF-P0A921-F1-model_v6.pdb,raw_pdb/1QD5.pdb,unknown,unknown,none,none,,,,false,,2.17,X-RAY DIFFRACTION,,train,silver candidate from RCSB:mpstruc_OPM_beta_barrel; region annotation required before supervised displacement use.,silver_betaomp_displacement,silver,0.35,RCSB,RCSB:mpstruc_OPM_beta_barrel,1QD5_1,275,0.9307958477508651,0,0,P0A921,6,pdb:downloaded;afdb:downloaded
tbdt_p26466,tbdt_p26466_2mpr_a,tbdt,,P26466,2MPR,A,raw_af2/AF-P26466-F1-model_v6.pdb,raw_pdb/2MPR.pdb,unknown,unknown,none,none,CA,,,false,,2.4,X-RAY DIFFRACTION,,train,silver candidate from RCSB:mpstruc_OPM_beta_barrel; region annotation required before supervised displacement use.,silver_betaomp_displacement,silver,0.35,RCSB,RCSB:mpstruc_OPM_beta_barrel,2MPR_1,427,0.9446902654867256,0,0,P26466,6,pdb:downloaded;afdb:downloaded
tbdt_p18895,tbdt_p18895_3rbh_a,tbdt,,P18895,3RBH,A,raw_af2/AF-P18895-F1-model_v6.pdb,raw_pdb/3RBH.pdb,unknown,unknown,none,none,CA,,,false,,2.301,X-RAY DIFFRACTION,,train,silver candidate from RCSB:mpstruc_OPM_beta_barrel; region annotation required before supervised displacement use.,silver_betaomp_displacement,silver,0.35,RCSB,RCSB:mpstruc_OPM_beta_barrel,3RBH_1,479,0.9346938775510204,0,0,P18895,6,pdb:downloaded;afdb:downloaded
tbdt_q9i6x0,tbdt_q9i6x0_3sy9_a,tbdt,,Q9I6X0,3SY9,A,raw_af2/AF-Q9I6X0-F1-model_v6.pdb,raw_pdb/3SY9.pdb,unknown,unknown,none,none,,,,false,,2.8,X-RAY DIFFRACTION,,train,silver candidate from RCSB:mpstruc_OPM_beta_barrel; region annotation required before supervised displacement use.,silver_betaomp_displacement,silver,0.35,RCSB,RCSB:mpstruc_OPM_beta_barrel,3SY9_1,430,0.9504504504504504,0,0,Q9I6X0,6,pdb:downloaded;afdb:downloaded
tbdt_a0a1p8fcm7,tbdt_a0a1p8fcm7_5o77_a,tbdt,,A0A1P8FCM7,5O77,A,raw_af2/AF-A0A1P8FCM7-F1-model_v6.pdb,raw_pdb/5O77.pdb,unknown,unknown,none,none,,,,false,,1.5,X-RAY DIFFRACTION,,train,silver candidate from RCSB:mpstruc_OPM_beta_barrel; region annotation required before supervised displacement use.,silver_betaomp_displacement,silver,0.35,RCSB,RCSB:mpstruc_OPM_beta_barrel,5O77_1,337,0.9413407821229051,0,0,A0A1P8FCM7,6,pdb:downloaded;afdb:downloaded
tbdt_d6qly0,tbdt_d6qly0_5o79_a,tbdt,,D6QLY0,5O79,A,raw_af2/AF-D6QLY0-F1-model_v6.pdb,raw_pdb/5O79.pdb,unknown,unknown,none,none,MG,,,false,,1.65,X-RAY DIFFRACTION,,val,silver candidate from RCSB:mpstruc_OPM_beta_barrel; region annotation required before supervised displacement use.,silver_betaomp_displacement,silver,0.35,RCSB,RCSB:mpstruc_OPM_beta_barrel,5O79_1,344,0.9424657534246575,0,0,D6QLY0,6,pdb:downloaded;afdb:downloaded
tbdt_q9aly0,tbdt_q9aly0_5o9c_a,tbdt,,Q9ALY0,5O9C,A,raw_af2/AF-Q9ALY0-F1-model_v6.pdb,raw_pdb/5O9C.pdb,unknown,unknown,none,none,,,,false,,2.469,X-RAY DIFFRACTION,,val,silver candidate from RCSB:mpstruc_OPM_beta_barrel; region annotation required before supervised displacement use.,silver_betaomp_displacement,silver,0.35,RCSB,RCSB:mpstruc_OPM_beta_barrel,5O9C_1,354,0.944,0,0,Q9ALY0,6,pdb:downloaded;afdb:downloaded
tbdt_p22340,tbdt_p22340_1a0s_p,tbdt,,P22340,1A0S,P,raw_af2/AF-P22340-F1-model_v6.pdb,raw_pdb/1A0S.pdb,unknown,unknown,none,none,CA,,,false,,2.4,X-RAY DIFFRACTION,,train,silver candidate from RCSB:mpstruc_OPM_beta_barrel; region annotation required before supervised displacement use.,silver_betaomp_displacement,silver,0.35,RCSB,RCSB:mpstruc_OPM_beta_barrel,1A0S_1,413,0.8178217821782178,0,0,P22340,6,pdb:downloaded;afdb:downloaded
tbdt_p32722,tbdt_p32722_2odj_a,tbdt,,P32722,2ODJ,A,raw_af2/AF-P32722-F1-model_v6.pdb,raw_pdb/2ODJ.pdb,unknown,unknown,none,none,,,,false,,2.9,X-RAY DIFFRACTION,,train,silver candidate from RCSB:mpstruc_OPM_beta_barrel; region annotation required before supervised displacement use.,silver_betaomp_displacement,silver,0.35,RCSB,RCSB:mpstruc_OPM_beta_barrel,2ODJ_1,428,0.9435665914221218,5,0,P32722,6,pdb:downloaded;afdb:downloaded
tbdt_a0a0x1khe0,tbdt_a0a0x1khe0_5bun_a,tbdt,,A0A0X1KHE0,5BUN,A,raw_af2/AF-A0A0X1KHE0-F1-model_v6.pdb,raw_pdb/5BUN.pdb,unknown,unknown,none,none,,,,false,,2.98,X-RAY DIFFRACTION,,train,silver candidate from RCSB:mpstruc_OPM_beta_barrel; region annotation required before supervised displacement use.,silver_betaomp_displacement,silver,0.35,RCSB,RCSB:mpstruc_OPM_beta_barrel,5BUN_1,467,1.0,0,0,A0A0X1KHE0,6,pdb:downloaded;afdb:downloaded
tbdt_p0dxf8,tbdt_p0dxf8_5o65_a,tbdt,,P0DXF8,5O65,A,raw_af2/AF-P0DXF8-F1-model_v6.pdb,raw_pdb/5O65.pdb,unknown,unknown,none,none,NA,,,false,,2.5,X-RAY DIFFRACTION,,train,silver candidate from RCSB:mpstruc_OPM_beta_barrel; region annotation required before supervised displacement use.,silver_betaomp_displacement,silver,0.35,RCSB,RCSB:mpstruc_OPM_beta_barrel,5O65_1,334,0.7534883720930232,1,0,P0DXF8,6,pdb:downloaded;afdb:downloaded
tbdt_q9knv0,tbdt_q9knv0_6w6m_a,tbdt,,Q9KNV0,6W6M,A,raw_af2/AF-Q9KNV0-F1-model_v6.pdb,raw_pdb/6W6M.pdb,unknown,unknown,none,none,,,,false,,2.7,ELECTRON MICROSCOPY,,train,silver candidate from RCSB:mpstruc_OPM_beta_barrel; region annotation required before supervised displacement use.,silver_betaomp_displacement,silver,0.35,RCSB,RCSB:mpstruc_OPM_beta_barrel,6W6M_1,571,0.9878892733564014,0,0,Q9KNV0,6,pdb:downloaded;afdb:downloaded
tbdt_p02931,tbdt_p02931_6wtz_a,tbdt,,P02931,6WTZ,A,raw_af2/AF-P02931-F1-model_v6.pdb,raw_pdb/6WTZ.pdb,unknown,unknown,none,none,,,,false,,3.15,ELECTRON MICROSCOPY,,val,silver candidate from RCSB:mpstruc_OPM_beta_barrel; region annotation required before supervised displacement use.,silver_betaomp_displacement,silver,0.35,RCSB,RCSB:mpstruc_OPM_beta_barrel,6WTZ_1,362,1.0,0,0,P02931,6,pdb:downloaded;afdb:downloaded
tbdt_p09616,tbdt_p09616_7ahl_a,tbdt,,P09616,7AHL,A,raw_af2/AF-P09616-F1-model_v6.pdb,raw_pdb/7AHL.pdb,unknown,unknown,none,none,,,,false,,1.89,X-RAY DIFFRACTION,,train,silver candidate from RCSB:mpstruc_OPM_beta_barrel; region annotation required before supervised displacement use.,silver_betaomp_displacement,silver,0.35,RCSB,RCSB:mpstruc_OPM_beta_barrel,7AHL_1,293,0.9184952978056427,0,0,P09616,6,pdb:downloaded;afdb:downloaded
tbdt_q47453,tbdt_q47453_7pge_b,tbdt,,Q47453,7PGE,B,raw_af2/AF-Q47453-F1-model_v6.pdb,raw_pdb/7PGE.pdb,unknown,unknown,none,none,,,,false,,2.0,X-RAY DIFFRACTION,,train,silver candidate from RCSB:mpstruc_OPM_beta_barrel; region annotation required before supervised displacement use.,silver_betaomp_displacement,silver,0.35,RCSB,RCSB:mpstruc_OPM_beta_barrel,7PGE_1,215,0.7263513513513513,0,0,Q47453,6,pdb:downloaded;afdb:downloaded
tbdt_p09545,tbdt_p09545_1xez_a,tbdt,,P09545,1XEZ,A,raw_af2/AF-P09545-F1-model_v6.pdb,raw_pdb/1XEZ.pdb,unknown,unknown,none,none,,,,false,,2.3,X-RAY DIFFRACTION,,train,silver candidate from RCSB:mpstruc_OPM_beta_barrel; region annotation required before supervised displacement use.,silver_betaomp_displacement,silver,0.35,RCSB,RCSB:mpstruc_OPM_beta_barrel,1XEZ_1,721,0.9676113360323887,0,0,P09545,6,pdb:downloaded;afdb:downloaded
tbdt_q9hvd1,tbdt_q9hvd1_2erv_a,tbdt,,Q9HVD1,2ERV,A,raw_af2/AF-Q9HVD1-F1-model_v6.pdb,raw_pdb/2ERV.pdb,unknown,unknown,none,none,CA;CXE,,,false,,2.0,X-RAY DIFFRACTION,,val,silver candidate from RCSB:mpstruc_OPM_beta_barrel; region annotation required before supervised displacement use.,silver_betaomp_displacement,silver,0.35,RCSB,RCSB:mpstruc_OPM_beta_barrel,2ERV_1,150,0.8670520231213873,0,0,Q9HVD1,6,pdb:downloaded;afdb:downloaded
tbdt_p37001,tbdt_p37001_3gp6_a,tbdt,,P37001,3GP6,A,raw_af2/AF-P37001-F1-model_v6.pdb,raw_pdb/3GP6.pdb,unknown,unknown,none,none,LI;MPD,,,false,,1.4,X-RAY DIFFRACTION,,val,silver candidate from RCSB:mpstruc_OPM_beta_barrel; region annotation required before supervised displacement use.,silver_betaomp_displacement,silver,0.35,RCSB,RCSB:mpstruc_OPM_beta_barrel,3GP6_1,163,0.8655913978494624,0,0,P37001,6,pdb:downloaded;afdb:downloaded
tbdt_p13423,tbdt_p13423_3j9c_a,tbdt,,P13423,3J9C,A,raw_af2/AF-P13423-F1-model_v6.pdb,raw_pdb/3J9C.pdb,unknown,unknown,none,none,CA,,,false,,2.9,ELECTRON MICROSCOPY,,test,silver candidate from RCSB:mpstruc_OPM_beta_barrel; region annotation required before supervised displacement use.,silver_betaomp_displacement,silver,0.35,RCSB,RCSB:mpstruc_OPM_beta_barrel,3J9C_1,562,0.7356020942408377,0,0,P13423,6,pdb:downloaded;afdb:downloaded
tbdt_p10384,tbdt_p10384_3pgu_a,tbdt,,P10384,3PGU,A,raw_af2/AF-P10384-F1-model_v6.pdb,raw_pdb/3PGU.pdb,unknown,unknown,none,none,NA;NI,,,false,,1.7,X-RAY DIFFRACTION,,train,silver candidate from RCSB:mpstruc_OPM_beta_barrel; region annotation required before supervised displacement use.,silver_betaomp_displacement,silver,0.35,RCSB,RCSB:mpstruc_OPM_beta_barrel,3PGU_1,427,0.9439461883408071,1,0,P10384,6,pdb:downloaded;afdb:downloaded
tbdt_q51397,tbdt_q51397_5azs_a,tbdt,,Q51397,5AZS,A,raw_af2/AF-Q51397-F1-model_v6.pdb,raw_pdb/5AZS.pdb,unknown,unknown,none,none,,,,false,,3.1,X-RAY DIFFRACTION,,val,silver candidate from RCSB:mpstruc_OPM_beta_barrel; region annotation required before supervised displacement use.,silver_betaomp_displacement,silver,0.35,RCSB,RCSB:mpstruc_OPM_beta_barrel,5AZS_1,468,0.9603340292275574,0,0,Q51397,6,pdb:downloaded;afdb:downloaded
tbdt_p37001,tbdt_p37001_1thq_a,tbdt,,P37001,1THQ,A,raw_af2/AF-P37001-F1-model_v6.pdb,raw_pdb/1THQ.pdb,unknown,unknown,none,none,,,,false,,1.9,X-RAY DIFFRACTION,,val,silver candidate from RCSB:mpstruc_OPM_beta_barrel; region annotation required before supervised displacement use.,silver_betaomp_displacement,silver,0.35,RCSB,RCSB:mpstruc_OPM_beta_barrel,1THQ_1,170,0.8655913978494624,0,0,P37001,6,pdb:downloaded;afdb:downloaded
tbdt_q51487,tbdt_q51487_1wp1_a,tbdt,,Q51487,1WP1,A,raw_af2/AF-Q51487-F1-model_v6.pdb,raw_pdb/1WP1.pdb,unknown,unknown,none,none,,,,false,,2.56,X-RAY DIFFRACTION,,train,silver candidate from RCSB:mpstruc_OPM_beta_barrel; region annotation required before supervised displacement use.,silver_betaomp_displacement,silver,0.35,RCSB,RCSB:mpstruc_OPM_beta_barrel,1WP1_1,474,0.9649484536082474,0,0,Q51487,6,pdb:downloaded;afdb:downloaded
tbdt_o33407,tbdt_o33407_3kvn_a,tbdt,,O33407,3KVN,A,raw_af2/AF-O33407-F1-model_v6.pdb,raw_pdb/3KVN.pdb,unknown,unknown,none,none,,,,false,,2.499,X-RAY DIFFRACTION,,train,silver candidate from RCSB:mpstruc_OPM_beta_barrel; region annotation required before supervised displacement use.,silver_betaomp_displacement,silver,0.35,RCSB,RCSB:mpstruc_OPM_beta_barrel,3KVN_1,632,0.9628482972136223,0,0,O33407,6,pdb:downloaded;afdb:downloaded
tbdt_p0ade4,tbdt_p0ade4_4c00_a,tbdt,,P0ADE4,4C00,A,raw_af2/AF-P0ADE4-F1-model_v6.pdb,raw_pdb/4C00.pdb,unknown,unknown,none,none,,,,false,,2.25,X-RAY DIFFRACTION,,val,silver candidate from RCSB:mpstruc_OPM_beta_barrel; region annotation required before supervised displacement use.,silver_betaomp_displacement,silver,0.35,RCSB,RCSB:mpstruc_OPM_beta_barrel,4C00_1,559,0.9636048526863085,0,0,P0ADE4,6,pdb:downloaded;afdb:downloaded
tbdt_q51056,tbdt_q51056_4aui_a,tbdt,,Q51056,4AUI,A,raw_af2/AF-Q51056-F1-model_v6.pdb,raw_pdb/4AUI.pdb,unknown,unknown,none,none,ATP;MG,,,false,,3.2,X-RAY DIFFRACTION,,train,silver candidate from RCSB:mpstruc_OPM_beta_barrel; region annotation required before supervised displacement use.,silver_betaomp_displacement,silver,0.35,RCSB,RCSB:mpstruc_OPM_beta_barrel,4AUI_1,327,1.0,0,0,Q51056,6,pdb:downloaded;afdb:downloaded
tbdt_a5vza8,tbdt_a5vza8_4gey_a,tbdt,,A5VZA8,4GEY,A,raw_af2/AF-A5VZA8-F1-model_v6.pdb,raw_pdb/4GEY.pdb,unknown,unknown,none,none,,,,false,,2.7,X-RAY DIFFRACTION,,train,silver candidate from RCSB:mpstruc_OPM_beta_barrel; region annotation required before supervised displacement use.,silver_betaomp_displacement,silver,0.35,RCSB,RCSB:mpstruc_OPM_beta_barrel,4GEY_1,436,0.941834451901566,2,0,A5VZA8,6,pdb:downloaded;afdb:downloaded
tbdt_p18895,tbdt_p18895_4xnk_a,tbdt,,P18895,4XNK,A,raw_af2/AF-P18895-F1-model_v6.pdb,raw_pdb/4XNK.pdb,unknown,unknown,none,none,CA;NA,,,false,,2.8,X-RAY DIFFRACTION,,train,silver candidate from RCSB:mpstruc_OPM_beta_barrel; region annotation required before supervised displacement use.,silver_betaomp_displacement,silver,0.35,RCSB,RCSB:mpstruc_OPM_beta_barrel,4XNK_1,490,1.0,0,0,P18895,6,pdb:downloaded;afdb:downloaded
tbdt_a0a0m7h8a9,tbdt_a0a0m7h8a9_6ene_a,tbdt,,A0A0M7H8A9,6ENE,A,raw_af2/AF-A0A0M7H8A9-F1-model_v6.pdb,raw_pdb/6ENE.pdb,unknown,unknown,none,none,,,,false,,2.3,X-RAY DIFFRACTION,,test,silver candidate from RCSB:mpstruc_OPM_beta_barrel; region annotation required before supervised displacement use.,silver_betaomp_displacement,silver,0.35,RCSB,RCSB:mpstruc_OPM_beta_barrel,6ENE_1,329,0.9373219373219374,0,0,A0A0M7H8A9,6,pdb:downloaded;afdb:downloaded
tbdt_a0a1c3q001,tbdt_a0a1c3q001_7ng8_a,tbdt,,A0A1C3Q001,7NG8,A,raw_af2/AF-A0A1C3Q001-F1-model_v6.pdb,raw_pdb/7NG8.cif,unknown,unknown,none,none,,,,false,,3.2,ELECTRON MICROSCOPY,,train,silver candidate from RCSB:mpstruc_OPM_beta_barrel; region annotation required before supervised displacement use.,silver_betaomp_displacement,silver,0.35,RCSB,RCSB:mpstruc_OPM_beta_barrel,7NG8_1,494,1.0,0,0,A0A1C3Q001,6,cif:downloaded;afdb:downloaded
tbdt_p0a915,tbdt_p0a915_2f1v_a,tbdt,,P0A915,2F1V,A,raw_af2/AF-P0A915-F1-model_v6.pdb,raw_pdb/2F1V.pdb,unknown,unknown,none,none,,,,false,,2.7,X-RAY DIFFRACTION,,test,silver candidate from RCSB:mpstruc_OPM_beta_barrel; region annotation required before supervised displacement use.,silver_betaomp_displacement,silver,0.35,RCSB,RCSB:mpstruc_OPM_beta_barrel,2F1V_1,197,0.9009433962264151,0,0,P0A915,6,pdb:downloaded;afdb:downloaded
tbdt_p06996,tbdt_p06996_2j1n_a,tbdt,,P06996,2J1N,A,raw_af2/AF-P06996-F1-model_v6.pdb,raw_pdb/2J1N.pdb,unknown,unknown,none,none,MG,,,false,,2.0,X-RAY DIFFRACTION,,train,silver candidate from RCSB:mpstruc_OPM_beta_barrel; region annotation required before supervised displacement use.,silver_betaomp_displacement,silver,0.35,RCSB,RCSB:mpstruc_OPM_beta_barrel,2J1N_1,346,0.9427792915531336,0,0,P06996,6,pdb:downloaded;afdb:downloaded
tbdt_p17811,tbdt_p17811_2x4m_a,tbdt,,P17811,2X4M,A,raw_af2/AF-P17811-F1-model_v6.pdb,raw_pdb/2X4M.pdb,unknown,unknown,none,none,,,,false,,2.55,X-RAY DIFFRACTION,,train,silver candidate from RCSB:mpstruc_OPM_beta_barrel; region annotation required before supervised displacement use.,silver_betaomp_displacement,silver,0.35,RCSB,RCSB:mpstruc_OPM_beta_barrel,2X4M_1,298,0.9358974358974359,1,0,P17811,6,pdb:downloaded;afdb:downloaded
tbdt_p18895,tbdt_p18895_4xnl_a,tbdt,,P18895,4XNL,A,raw_af2/AF-P18895-F1-model_v6.pdb,raw_pdb/4XNL.pdb,unknown,unknown,none,none,CA,,,false,,2.9,X-RAY DIFFRACTION,,train,silver candidate from RCSB:mpstruc_OPM_beta_barrel; region annotation required before supervised displacement use.,silver_betaomp_displacement,silver,0.35,RCSB,RCSB:mpstruc_OPM_beta_barrel,4XNL_1,490,1.0,0,0,P18895,6,pdb:downloaded;afdb:downloaded
tbdt_l0rvu0,tbdt_l0rvu0_5mdr_a,tbdt,,L0RVU0,5MDR,A,raw_af2/AF-L0RVU0-F1-model_v6.pdb,raw_pdb/5MDR.pdb,unknown,unknown,none,none,NA,,,false,,1.9,X-RAY DIFFRACTION,,val,silver candidate from RCSB:mpstruc_OPM_beta_barrel; region annotation required before supervised displacement use.,silver_betaomp_displacement,silver,0.35,RCSB,RCSB:mpstruc_OPM_beta_barrel,5MDR_1,352,0.9333333333333333,0,0,L0RVU0,6,pdb:downloaded;afdb:downloaded
tbdt_p02943,tbdt_p02943_1af6_a,tbdt,,P02943,1AF6,A,raw_af2/AF-P02943-F1-model_v6.pdb,raw_pdb/1AF6.pdb,unknown,unknown,none,none,MG,,,false,,2.4,X-RAY DIFFRACTION,,val,silver candidate from RCSB:mpstruc_OPM_beta_barrel; region annotation required before supervised displacement use.,silver_betaomp_displacement,silver,0.35,RCSB,RCSB:mpstruc_OPM_beta_barrel,1AF6_1,421,0.9439461883408071,0,0,P02943,6,pdb:downloaded;afdb:downloaded
tbdt_e3u904,tbdt_e3u904_5nxr_a,tbdt,,E3U904,5NXR,A,raw_af2/AF-E3U904-F1-model_v6.pdb,raw_pdb/5NXR.pdb,unknown,unknown,none,none,,,,false,,2.7,X-RAY DIFFRACTION,,train,silver candidate from RCSB:mpstruc_OPM_beta_barrel; region annotation required before supervised displacement use.,silver_betaomp_displacement,silver,0.35,RCSB,RCSB:mpstruc_OPM_beta_barrel,5NXR_1,352,0.9411764705882353,0,0,E3U904,6,pdb:downloaded;afdb:downloaded
tbdt_p0c6q6,tbdt_p0c6q6_5onu_a,tbdt,,P0C6Q6,5ONU,A,raw_af2/AF-P0C6Q6-F1-model_v6.pdb,raw_pdb/5ONU.pdb,unknown,unknown,none,none,,,,false,,2.22,X-RAY DIFFRACTION,,val,silver candidate from RCSB:mpstruc_OPM_beta_barrel; region annotation required before supervised displacement use.,silver_betaomp_displacement,silver,0.35,RCSB,RCSB:mpstruc_OPM_beta_barrel,5ONU_1,356,1.0,0,0,P0C6Q6,6,pdb:downloaded;afdb:downloaded
tbdt_p18895,tbdt_p18895_4afk_a,tbdt,,P18895,4AFK,A,raw_af2/AF-P18895-F1-model_v6.pdb,raw_pdb/4AFK.pdb,unknown,unknown,none,none,CA;NA,,,false,,1.897,X-RAY DIFFRACTION,,train,silver candidate from RCSB:mpstruc_OPM_beta_barrel; region annotation required before supervised displacement use.,silver_betaomp_displacement,silver,0.35,RCSB,RCSB:mpstruc_OPM_beta_barrel,4AFK_1,458,0.9346938775510204,0,0,P18895,6,pdb:downloaded;afdb:downloaded
tbdt_q4kh25,tbdt_q4kh25_3jty_a,tbdt,,Q4KH25,3JTY,A,raw_af2/AF-Q4KH25-F1-model_v6.pdb,raw_pdb/3JTY.pdb,unknown,unknown,none,none,,,,false,,2.58,X-RAY DIFFRACTION,,train,silver candidate from RCSB:mpstruc_OPM_beta_barrel; region annotation required before supervised displacement use.,silver_betaomp_displacement,silver,0.35,RCSB,RCSB:mpstruc_OPM_beta_barrel,3JTY_1,402,0.930952380952381,0,0,Q4KH25,6,pdb:downloaded;afdb:downloaded
tbdt_q2fwp0,tbdt_q2fwp0_6rhv_g,tbdt,,Q2FWP0,6RHV,G,raw_af2/AF-Q2FWP0-F1-model_v6.pdb,raw_pdb/6RHV.pdb,unknown,unknown,none,none,MG,,,false,,2.29,X-RAY DIFFRACTION,,train,silver candidate from RCSB:mpstruc_OPM_beta_barrel; region annotation required before supervised displacement use.,silver_betaomp_displacement,silver,0.35,RCSB,RCSB:mpstruc_OPM_beta_barrel,6RHV_1,309,0.9142011834319527,0,0,Q2FWP0,6,pdb:downloaded;afdb:downloaded
tbdt_q2fwn9,tbdt_q2fwn9_6rhv_h,tbdt,,Q2FWN9,6RHV,H,raw_af2/AF-Q2FWN9-F1-model_v6.pdb,raw_pdb/6RHV.pdb,unknown,unknown,none,none,MG,,,false,,2.29,X-RAY DIFFRACTION,,train,silver candidate from RCSB:mpstruc_OPM_beta_barrel; region annotation required before supervised displacement use.,silver_betaomp_displacement,silver,0.35,RCSB,RCSB:mpstruc_OPM_beta_barrel,6RHV_2,324,0.9230769230769231,1,0,Q2FWN9,6,pdb:downloaded;afdb:downloaded
tbdt_p77211,tbdt_p77211_3pik_a,tbdt,,P77211,3PIK,A,raw_af2/AF-P77211-F1-model_v6.pdb,raw_pdb/3PIK.pdb,unknown,unknown,none,none,UNL,,,false,,2.3,X-RAY DIFFRACTION,,test,silver candidate from RCSB:mpstruc_OPM_beta_barrel; region annotation required before supervised displacement use.,silver_betaomp_displacement,silver,0.35,RCSB,RCSB:mpstruc_OPM_beta_barrel,3PIK_1,446,0.962800875273523,0,0,P77211,6,pdb:downloaded;afdb:downloaded
tbdt_q46221,tbdt_q46221_6klw_a,tbdt,,Q46221,6KLW,A,raw_af2/AF-Q46221-F1-model_v6.pdb,raw_pdb/6KLW.pdb,unknown,unknown,none,none,CA,,,false,,2.9,ELECTRON MICROSCOPY,,train,silver candidate from RCSB:mpstruc_OPM_beta_barrel; region annotation required before supervised displacement use.,silver_betaomp_displacement,silver,0.35,RCSB,RCSB:mpstruc_OPM_beta_barrel,6KLW_1,666,0.7611428571428571,0,0,Q46221,6,pdb:downloaded;afdb:downloaded
tbdt_p18895,tbdt_p18895_4b61_a,tbdt,,P18895,4B61,A,raw_af2/AF-P18895-F1-model_v6.pdb,raw_pdb/4B61.pdb,unknown,unknown,none,none,ACT;CU;MG,,,false,,2.402,X-RAY DIFFRACTION,,train,silver candidate from RCSB:mpstruc_OPM_beta_barrel; region annotation required before supervised displacement use.,silver_betaomp_displacement,silver,0.35,RCSB,RCSB:mpstruc_OPM_beta_barrel,4B61_1,458,0.9346938775510204,0,0,P18895,6,pdb:downloaded;afdb:downloaded
tbdt_q8awd0,tbdt_q8awd0_4bum_x,tbdt,,Q8AWD0,4BUM,X,raw_af2/AF-Q8AWD0-F1-model_v6.pdb,raw_pdb/4BUM.pdb,unknown,unknown,none,none,,,,false,,2.801,X-RAY DIFFRACTION,,val,silver candidate from RCSB:mpstruc_OPM_beta_barrel; region annotation required before supervised displacement use.,silver_betaomp_displacement,silver,0.35,RCSB,RCSB:mpstruc_OPM_beta_barrel,4BUM_1,289,1.0,0,0,Q8AWD0,6,pdb:downloaded;afdb:downloaded
tbdt_p77211,tbdt_p77211_4k7k_a,tbdt,,P77211,4K7K,A,raw_af2/AF-P77211-F1-model_v6.pdb,raw_pdb/4K7K.pdb,unknown,unknown,none,none,,,,false,,2.53,X-RAY DIFFRACTION,,test,silver candidate from RCSB:mpstruc_OPM_beta_barrel; region annotation required before supervised displacement use.,silver_betaomp_displacement,silver,0.35,RCSB,RCSB:mpstruc_OPM_beta_barrel,4K7K_1,446,0.962800875273523,0,0,P77211,6,pdb:downloaded;afdb:downloaded
tbdt_d6qly1,tbdt_d6qly1_6rck_a,tbdt,,D6QLY1,6RCK,A,raw_af2/AF-D6QLY1-F1-model_v6.pdb,raw_pdb/6RCK.pdb,unknown,unknown,none,none,,,,false,,2.029,X-RAY DIFFRACTION,,train,silver candidate from RCSB:mpstruc_OPM_beta_barrel; region annotation required before supervised displacement use.,silver_betaomp_displacement,silver,0.35,RCSB,RCSB:mpstruc_OPM_beta_barrel,6RCK_1,347,0.9427792915531336,0,0,D6QLY1,6,pdb:downloaded;afdb:downloaded
tbdt_p76045,tbdt_p76045_2iww_a,tbdt,,P76045,2IWW,A,raw_af2/AF-P76045-F1-model_v6.pdb,raw_pdb/2IWW.pdb,unknown,unknown,none,none,,,,false,,2.7,X-RAY DIFFRACTION,,test,silver candidate from RCSB:mpstruc_OPM_beta_barrel; region annotation required before supervised displacement use.,silver_betaomp_displacement,silver,0.35,RCSB,RCSB:mpstruc_OPM_beta_barrel,2IWW_1,281,0.9302325581395349,0,0,P76045,6,pdb:downloaded;afdb:downloaded
tbdt_p76045,tbdt_p76045_2iwv_a,tbdt,,P76045,2IWV,A,raw_af2/AF-P76045-F1-model_v6.pdb,raw_pdb/2IWV.pdb,unknown,unknown,none,none,CA,,,false,,2.3,X-RAY DIFFRACTION,,test,silver candidate from RCSB:mpstruc_OPM_beta_barrel; region annotation required before supervised displacement use.,silver_betaomp_displacement,silver,0.35,RCSB,RCSB:mpstruc_OPM_beta_barrel,2IWV_1,281,0.9302325581395349,0,0,P76045,6,pdb:downloaded;afdb:downloaded
tbdt_p10384,tbdt_p10384_3pgs_a,tbdt,,P10384,3PGS,A,raw_af2/AF-P10384-F1-model_v6.pdb,raw_pdb/3PGS.pdb,unknown,unknown,none,none,,,,false,,1.9,X-RAY DIFFRACTION,,train,silver candidate from RCSB:mpstruc_OPM_beta_barrel; region annotation required before supervised displacement use.,silver_betaomp_displacement,silver,0.35,RCSB,RCSB:mpstruc_OPM_beta_barrel,3PGS_1,427,0.9439461883408071,1,0,P10384,6,pdb:downloaded;afdb:downloaded
tbdt_e5g6g2,tbdt_e5g6g2_6rcp_a,tbdt,,E5G6G2,6RCP,A,raw_af2/AF-E5G6G2-F1-model_v6.pdb,raw_pdb/6RCP.pdb,unknown,unknown,none,none,,,,false,,3.231,X-RAY DIFFRACTION,,val,silver candidate from RCSB:mpstruc_OPM_beta_barrel; region annotation required before supervised displacement use.,silver_betaomp_displacement,silver,0.35,RCSB,RCSB:mpstruc_OPM_beta_barrel,6RCP_1,349,0.943089430894309,0,0,E5G6G2,6,pdb:downloaded;afdb:downloaded
tbdt_p02930,tbdt_p02930_2vdd_a,tbdt,,P02930,2VDD,A,raw_af2/AF-P02930-F1-model_v6.pdb,raw_pdb/2VDD.pdb,unknown,unknown,enterobactin,enterobactin,,,,false,,3.3,X-RAY DIFFRACTION,,train,silver candidate from RCSB:mpstruc_OPM_beta_barrel; region annotation required before supervised displacement use.,silver_betaomp_displacement,silver,0.35,RCSB,RCSB:mpstruc_OPM_beta_barrel,2VDD_1,460,0.9127789046653144,3,0,P02930,6,pdb:downloaded;afdb:downloaded
tbdt_p02930,tbdt_p02930_1ek9_a,tbdt,,P02930,1EK9,A,raw_af2/AF-P02930-F1-model_v6.pdb,raw_pdb/1EK9.pdb,unknown,unknown,enterobactin,enterobactin,,,,false,,2.1,X-RAY DIFFRACTION,,train,silver candidate from RCSB:mpstruc_OPM_beta_barrel; region annotation required before supervised displacement use.,silver_betaomp_displacement,silver,0.35,RCSB,RCSB:mpstruc_OPM_beta_barrel,1EK9_1,428,0.8681541582150102,5,0,P02930,6,pdb:downloaded;afdb:downloaded
tbdt_p45758,tbdt_p45758_5wq7_a,tbdt,,P45758,5WQ7,A,raw_af2/AF-P45758-F1-model_v6.pdb,raw_pdb/5WQ7.pdb,unknown,unknown,none,none,,,,false,,3.04,ELECTRON MICROSCOPY,,train,silver candidate from RCSB:mpstruc_OPM_beta_barrel; region annotation required before supervised displacement use.,silver_betaomp_displacement,silver,0.35,RCSB,RCSB:mpstruc_OPM_beta_barrel,5WQ7_1,627,0.9646153846153847,0,0,P45758,6,pdb:downloaded;afdb:downloaded
tbdt_p02930,tbdt_p02930_6wxi_a,tbdt,,P02930,6WXI,A,raw_af2/AF-P02930-F1-model_v6.pdb,raw_pdb/6WXI.pdb,unknown,unknown,enterobactin,enterobactin,,,,false,,2.84,ELECTRON MICROSCOPY,,train,silver candidate from RCSB:mpstruc_OPM_beta_barrel; region annotation required before supervised displacement use.,silver_betaomp_displacement,silver,0.35,RCSB,RCSB:mpstruc_OPM_beta_barrel,6WXI_1,493,1.0,0,0,P02930,6,pdb:downloaded;afdb:downloaded
tbdt_p45779,tbdt_p45779_5wq8_a,tbdt,,P45779,5WQ8,A,raw_af2/AF-P45779-F1-model_v6.pdb,raw_pdb/5WQ8.pdb,unknown,unknown,none,none,,,,false,,3.26,ELECTRON MICROSCOPY,,train,silver candidate from RCSB:mpstruc_OPM_beta_barrel; region annotation required before supervised displacement use.,silver_betaomp_displacement,silver,0.35,RCSB,RCSB:mpstruc_OPM_beta_barrel,5WQ8_1,650,0.9643916913946587,0,0,P45779,6,pdb:downloaded;afdb:downloaded
tbdt_p37432,tbdt_p37432_3nsg_a,tbdt,,P37432,3NSG,A,raw_af2/AF-P37432-F1-model_v6.pdb,raw_pdb/3NSG.pdb,unknown,unknown,none,none,,,,false,,2.79,X-RAY DIFFRACTION,,test,silver candidate from RCSB:mpstruc_OPM_beta_barrel; region annotation required before supervised displacement use.,silver_betaomp_displacement,silver,0.35,RCSB,RCSB:mpstruc_OPM_beta_barrel,3NSG_1,341,0.9366391184573003,0,0,P37432,6,pdb:downloaded;afdb:downloaded
tbdt_q9i0y7,tbdt_q9i0y7_5azp_a,tbdt,,Q9I0Y7,5AZP,A,raw_af2/AF-Q9I0Y7-F1-model_v6.pdb,raw_pdb/5AZP.pdb,unknown,unknown,none,none,3PK;FMT;NA;OYA,,,false,,1.69,X-RAY DIFFRACTION,,train,silver candidate from RCSB:mpstruc_OPM_beta_barrel; region annotation required before supervised displacement use.,silver_betaomp_displacement,silver,0.35,RCSB,RCSB:mpstruc_OPM_beta_barrel,5AZP_1,455,0.9470338983050848,0,0,Q9I0Y7,6,pdb:downloaded;afdb:downloaded
tbdt_e3u905,tbdt_e3u905_4d65_a,tbdt,,E3U905,4D65,A,raw_af2/AF-E3U905-F1-model_v6.pdb,raw_pdb/4D65.pdb,unknown,unknown,none,none,FTT;MYR,,,false,,2.2,X-RAY DIFFRACTION,,test,silver candidate from RCSB:mpstruc_OPM_beta_barrel; region annotation required before supervised displacement use.,silver_betaomp_displacement,silver,0.35,RCSB,RCSB:mpstruc_OPM_beta_barrel,4D65_1,343,0.9397260273972603,0,0,E3U905,6,pdb:downloaded;afdb:downloaded
tbdt_q5y4y6,tbdt_q5y4y6_5b5r_a,tbdt,,Q5Y4Y6,5B5R,A,raw_af2/AF-Q5Y4Y6-F1-model_v6.pdb,raw_pdb/5B5R.pdb,unknown,unknown,none,none,,,,false,,1.902,X-RAY DIFFRACTION,,train,silver candidate from RCSB:mpstruc_OPM_beta_barrel; region annotation required before supervised displacement use.,silver_betaomp_displacement,silver,0.35,RCSB,RCSB:mpstruc_OPM_beta_barrel,5B5R_1,468,1.0,0,0,Q5Y4Y6,6,pdb:downloaded;afdb:downloaded
tbdt_p09545,tbdt_p09545_3o44_a,tbdt,,P09545,3O44,A,raw_af2/AF-P09545-F1-model_v6.pdb,raw_pdb/3O44.pdb,unknown,unknown,none,none,,,,false,,2.88,X-RAY DIFFRACTION,,train,silver candidate from RCSB:mpstruc_OPM_beta_barrel; region annotation required before supervised displacement use.,silver_betaomp_displacement,silver,0.35,RCSB,RCSB:mpstruc_OPM_beta_barrel,3O44_1,593,0.8002699055330634,0,0,P09545,6,pdb:downloaded;afdb:downloaded
tbdt_q93k99,tbdt_q93k99_5fvn_a,tbdt,,Q93K99,5FVN,A,raw_af2/AF-Q93K99-F1-model_v6.pdb,raw_pdb/5FVN.pdb,unknown,unknown,none,none,CA;DAO;FTT;MYR,,,false,,1.45,X-RAY DIFFRACTION,,test,silver candidate from RCSB:mpstruc_OPM_beta_barrel; region annotation required before supervised displacement use.,silver_betaomp_displacement,silver,0.35,RCSB,RCSB:mpstruc_OPM_beta_barrel,5FVN_1,342,0.9421487603305785,0,0,Q93K99,6,pdb:downloaded;afdb:downloaded
tbdt_q60932,tbdt_q60932_3emn_x,tbdt,,Q60932,3EMN,X,raw_af2/AF-Q60932-F1-model_v6.pdb,raw_pdb/3EMN.pdb,unknown,unknown,none,none,,,,false,,2.3,X-RAY DIFFRACTION,,train,silver candidate from RCSB:mpstruc_OPM_beta_barrel; region annotation required before supervised displacement use.,silver_betaomp_displacement,silver,0.35,RCSB,RCSB:mpstruc_OPM_beta_barrel,3EMN_1,295,0.956081081081081,0,0,Q60932,6,pdb:downloaded;afdb:downloaded
tbdt_q2fxb0,tbdt_q2fxb0_7p8x_a,tbdt,,Q2FXB0,7P8X,A,raw_af2/AF-Q2FXB0-F1-model_v6.pdb,raw_pdb/7P8X.pdb,unknown,unknown,none,none,,,,false,,1.4,X-RAY DIFFRACTION,,train,silver candidate from RCSB:mpstruc_OPM_beta_barrel; region annotation required before supervised displacement use.,silver_betaomp_displacement,silver,0.35,RCSB,RCSB:mpstruc_OPM_beta_barrel,7P8X_1,308,0.9803921568627451,0,0,Q2FXB0,6,pdb:downloaded;afdb:downloaded
tbdt_a8hyj1,tbdt_a8hyj1_7xzj_g,tbdt,,A8HYJ1,7XZJ,G,raw_af2/AF-A8HYJ1-F1-model_v6.pdb,raw_pdb/7XZJ.pdb,unknown,unknown,none,none,,,,false,,2.97,ELECTRON MICROSCOPY,,train,silver candidate from RCSB:mpstruc_OPM_beta_barrel; region annotation required before supervised displacement use.,silver_betaomp_displacement,silver,0.35,RCSB,RCSB:mpstruc_OPM_beta_barrel,7XZJ_7,397,1.0,0,0,A8HYJ1,6,pdb:downloaded;afdb:downloaded
tbdt_a8ie32,tbdt_a8ie32_7xzj_7,tbdt,,A8IE32,7XZJ,7,raw_af2/AF-A8IE32-F1-model_v6.pdb,raw_pdb/7XZJ.pdb,unknown,unknown,none,none,,,,false,,2.97,ELECTRON MICROSCOPY,,train,silver candidate from RCSB:mpstruc_OPM_beta_barrel; region annotation required before supervised displacement use.,silver_betaomp_displacement,silver,0.35,RCSB,RCSB:mpstruc_OPM_beta_barrel,7XZJ_3,798,1.0,0,0,A8IE32,6,pdb:downloaded;afdb:downloaded
tbdt_a0a2k3cr90,tbdt_a0a2k3cr90_7xzj_9,tbdt,,A0A2K3CR90,7XZJ,9,raw_af2/AF-A0A2K3CR90-F1-model_v6.pdb,raw_pdb/7XZJ.pdb,unknown,unknown,none,none,,,,false,,2.97,ELECTRON MICROSCOPY,,train,silver candidate from RCSB:mpstruc_OPM_beta_barrel; region annotation required before supervised displacement use.,silver_betaomp_displacement,silver,0.35,RCSB,RCSB:mpstruc_OPM_beta_barrel,7XZJ_4,967,1.0,0,0,A0A2K3CR90,6,pdb:downloaded;afdb:downloaded
tbdt_q8knl2,tbdt_q8knl2_7spb_a1,tbdt,,Q8KNL2,7SPB,A1,raw_af2/AF-Q8KNL2-F1-model_v6.pdb,raw_pdb/7SPB.cif,unknown,unknown,none,none,,,,false,,3.31,ELECTRON MICROSCOPY,,train,silver candidate from RCSB:mpstruc_OPM_beta_barrel; region annotation required before supervised displacement use.,silver_betaomp_displacement,silver,0.35,RCSB,RCSB:mpstruc_OPM_beta_barrel,7SPB_1,204,1.0,0,0,Q8KNL2,6,cif:downloaded;afdb:downloaded
tbdt_q8knl8,tbdt_q8knl8_7spb_c1,tbdt,,Q8KNL8,7SPB,C1,raw_af2/AF-Q8KNL8-F1-model_v6.pdb,raw_pdb/7SPB.cif,unknown,unknown,none,none,,,,false,,3.31,ELECTRON MICROSCOPY,,test,silver candidate from RCSB:mpstruc_OPM_beta_barrel; region annotation required before supervised displacement use.,silver_betaomp_displacement,silver,0.35,RCSB,RCSB:mpstruc_OPM_beta_barrel,7SPB_2,246,1.0,0,0,Q8KNL8,6,cif:downloaded;afdb:downloaded
tbdt_a0a1d8s9i5,tbdt_a0a1d8s9i5_6s3l_f,tbdt,,A0A1D8S9I5,6S3L,F,raw_af2/AF-A0A1D8S9I5-F1-model_v6.pdb,raw_pdb/6S3L.pdb,unknown,unknown,none,none,,,,false,,3.2,ELECTRON MICROSCOPY,,train,silver candidate from RCSB:mpstruc_OPM_beta_barrel; region annotation required before supervised displacement use.,silver_betaomp_displacement,silver,0.35,RCSB,RCSB:mpstruc_OPM_beta_barrel,6S3L_2,260,1.0,0,0,A0A1D8S9I5,6,pdb:downloaded;afdb:downloaded
tbdt_p24391,tbdt_p24391_8b4i_a,tbdt,,P24391,8B4I,A,raw_af2/AF-P24391-F1-model_v6.pdb,raw_pdb/8B4I.pdb,unknown,unknown,none,none,,,,false,,3.32,ELECTRON MICROSCOPY,,test,silver candidate from RCSB:mpstruc_OPM_beta_barrel; region annotation required before supervised displacement use.,silver_betaomp_displacement,silver,0.35,RCSB,RCSB:mpstruc_OPM_beta_barrel,8B4I_1,349,1.0,0,0,P24391,6,pdb:downloaded;afdb:downloaded
tbdt_a0a2j9uxt5,tbdt_a0a2j9uxt5_6s3l_a,tbdt,,A0A2J9UXT5,6S3L,A,raw_af2/AF-A0A2J9UXT5-F1-model_v6.pdb,raw_pdb/6S3L.pdb,unknown,unknown,none,none,,,,false,,3.2,ELECTRON MICROSCOPY,,val,silver candidate from RCSB:mpstruc_OPM_beta_barrel; region annotation required before supervised displacement use.,silver_betaomp_displacement,silver,0.35,RCSB,RCSB:mpstruc_OPM_beta_barrel,6S3L_1,299,1.0,0,0,A0A2J9UXT5,6,pdb:downloaded;afdb:downloaded
tbdt_a0a1d8s9f8,tbdt_a0a1d8s9f8_6s3l_k,tbdt,,A0A1D8S9F8,6S3L,K,raw_af2/AF-A0A1D8S9F8-F1-model_v6.pdb,raw_pdb/6S3L.pdb,unknown,unknown,none,none,,,,false,,3.2,ELECTRON MICROSCOPY,,train,silver candidate from RCSB:mpstruc_OPM_beta_barrel; region annotation required before supervised displacement use.,silver_betaomp_displacement,silver,0.35,RCSB,RCSB:mpstruc_OPM_beta_barrel,6S3L_4,415,1.0,0,0,A0A1D8S9F8,6,pdb:downloaded;afdb:downloaded
tbdt_q07335,tbdt_q07335_8b4i_c,tbdt,,Q07335,8B4I,C,raw_af2/AF-Q07335-F1-model_v6.pdb,raw_pdb/8B4I.pdb,unknown,unknown,none,none,,,,false,,3.32,ELECTRON MICROSCOPY,,train,silver candidate from RCSB:mpstruc_OPM_beta_barrel; region annotation required before supervised displacement use.,silver_betaomp_displacement,silver,0.35,RCSB,RCSB:mpstruc_OPM_beta_barrel,8B4I_2,160,1.0,0,0,Q07335,6,pdb:downloaded;afdb:downloaded
tbdt_a0a753a8n9,tbdt_a0a753a8n9_7oko_0,tbdt,,A0A753A8N9,7OKO,0,raw_af2/AF-A0A753A8N9-F1-model_v6.pdb,raw_pdb/7OKO.cif,unknown,unknown,none,none,,,,false,,3.4,ELECTRON MICROSCOPY,,train,silver candidate from RCSB:mpstruc_OPM_beta_barrel; region annotation required before supervised displacement use.,silver_betaomp_displacement,silver,0.35,RCSB,RCSB:mpstruc_OPM_beta_barrel,7OKO_1,204,1.0,0,0,A0A753A8N9,6,cif:downloaded;afdb:downloaded
tbdt_q8a6w4,tbdt_q8a6w4_6z8i_a,tbdt,,Q8A6W4,6Z8I,A,raw_af2/AF-Q8A6W4-F1-model_v6.pdb,raw_pdb/6Z8I.pdb,unknown,unknown,none,none,MG,,,false,,2.62,X-RAY DIFFRACTION,,val,silver candidate from RCSB:mpstruc_OPM_beta_barrel; region annotation required before supervised displacement use.,silver_betaomp_displacement,silver,0.35,RCSB,RCSB:mpstruc_OPM_beta_barrel,6Z8I_1,580,1.0,0,0,Q8A6W4,6,pdb:downloaded;afdb:exists
tbdt_a0a734hny4,tbdt_a0a734hny4_7oko_3,tbdt,,A0A734HNY4,7OKO,3,raw_af2/AF-A0A734HNY4-F1-model_v6.pdb,raw_pdb/7OKO.cif,unknown,unknown,none,none,,,,false,,3.4,ELECTRON MICROSCOPY,,train,silver candidate from RCSB:mpstruc_OPM_beta_barrel; region annotation required before supervised displacement use.,silver_betaomp_displacement,silver,0.35,RCSB,RCSB:mpstruc_OPM_beta_barrel,7OKO_3,216,0.8780487804878049,0,0,A0A734HNY4,6,cif:downloaded;afdb:downloaded
tbdt_q8a5h6,tbdt_q8a5h6_5fq8_a,tbdt,,Q8A5H6,5FQ8,A,raw_af2/AF-Q8A5H6-F1-model_v6.pdb,raw_pdb/5FQ8.pdb,unknown,unknown,none,none,CA;KR0;MG,,,false,,2.75,X-RAY DIFFRACTION,,test,silver candidate from RCSB:mpstruc_OPM_beta_barrel; region annotation required before supervised displacement use.,silver_betaomp_displacement,silver,0.35,RCSB,RCSB:mpstruc_OPM_beta_barrel,5FQ8_1,480,0.963855421686747,0,0,Q8A5H6,6,pdb:exists;afdb:exists
tbdt_q8a5h8,tbdt_q8a5h8_5fq8_e,tbdt,,Q8A5H8,5FQ8,E,raw_af2/AF-Q8A5H8-F1-model_v6.pdb,raw_pdb/5FQ8.pdb,unknown,unknown,none,none,CA;KR0;MG,,,false,,2.75,X-RAY DIFFRACTION,,test,silver candidate from RCSB:mpstruc_OPM_beta_barrel; region annotation required before supervised displacement use.,silver_betaomp_displacement,silver,0.35,RCSB,RCSB:mpstruc_OPM_beta_barrel,5FQ8_3,148,0.891566265060241,0,0,Q8A5H8,6,pdb:exists;afdb:downloaded
tbdt_o52184,tbdt_o52184_6x62_ac,tbdt,,O52184,6X62,AC,raw_af2/AF-O52184-F1-model_v6.pdb,raw_pdb/6X62.cif,unknown,unknown,none,none,,,,false,,3.5,ELECTRON MICROSCOPY,,train,silver candidate from RCSB:mpstruc_OPM_beta_barrel; region annotation required before supervised displacement use.,silver_betaomp_displacement,silver,0.35,RCSB,RCSB:mpstruc_OPM_beta_barrel,6X62_1,303,1.0,0,0,O52184,6,cif:downloaded;afdb:downloaded
tbdt_o52183,tbdt_o52183_6x62_ad,tbdt,,O52183,6X62,AD,raw_af2/AF-O52183-F1-model_v6.pdb,raw_pdb/6X62.cif,unknown,unknown,none,none,,,,false,,3.5,ELECTRON MICROSCOPY,,train,silver candidate from RCSB:mpstruc_OPM_beta_barrel; region annotation required before supervised displacement use.,silver_betaomp_displacement,silver,0.35,RCSB,RCSB:mpstruc_OPM_beta_barrel,6X62_5,163,1.0,0,0,O52183,6,cif:downloaded;afdb:downloaded
tbdt_d0mfq0,tbdt_d0mfq0_3qky_a,tbdt,,D0MFQ0,3QKY,A,raw_af2/AF-D0MFQ0-F1-model_v6.pdb,raw_pdb/3QKY.pdb,unknown,unknown,none,none,,,,false,,2.15,X-RAY DIFFRACTION,,test,silver candidate from RCSB:mpstruc_OPM_beta_barrel; region annotation required before supervised displacement use.,silver_betaomp_displacement,silver,0.35,RCSB,RCSB:mpstruc_OPM_beta_barrel,3QKY_1,261,0.9178571428571428,0,0,D0MFQ0,6,pdb:downloaded;afdb:downloaded
tbdt_o53086,tbdt_o53086_6x62_ak,tbdt,,O53086,6X62,AK,raw_af2/AF-O53086-F1-model_v6.pdb,raw_pdb/6X62.cif,unknown,unknown,none,none,,,,false,,3.5,ELECTRON MICROSCOPY,,test,silver candidate from RCSB:mpstruc_OPM_beta_barrel; region annotation required before supervised displacement use.,silver_betaomp_displacement,silver,0.35,RCSB,RCSB:mpstruc_OPM_beta_barrel,6X62_3,189,1.0,0,0,O53086,6,cif:downloaded;afdb:downloaded
tbdt_p0a903,tbdt_p0a903_8pzu_c,tbdt,,P0A903,8PZU,C,raw_af2/AF-P0A903-F1-model_v6.pdb,raw_pdb/8PZU.pdb,unknown,unknown,none,none,MG,,,false,,3.5,ELECTRON MICROSCOPY,,train,silver candidate from RCSB:mpstruc_OPM_beta_barrel; region annotation required before supervised displacement use.,silver_betaomp_displacement,silver,0.35,RCSB,RCSB:mpstruc_OPM_beta_barrel,8PZU_3,320,0.9302325581395349,0,0,P0A903,6,pdb:downloaded;afdb:downloaded
tbdt_p0abz6,tbdt_p0abz6_8pzu_f,tbdt,,P0ABZ6,8PZU,F,raw_af2/AF-P0ABZ6-F1-model_v6.pdb,raw_pdb/8PZU.pdb,unknown,unknown,none,none,MG,,,false,,3.5,ELECTRON MICROSCOPY,,train,silver candidate from RCSB:mpstruc_OPM_beta_barrel; region annotation required before supervised displacement use.,silver_betaomp_displacement,silver,0.35,RCSB,RCSB:mpstruc_OPM_beta_barrel,8PZU_6,450,0.9532710280373832,1,0,P0ABZ6,6,pdb:downloaded;afdb:downloaded
tbdt_p0a940,tbdt_p0a940_9hg7_a,tbdt,,P0A940,9HG7,A,raw_af2/AF-P0A940-F1-model_v6.pdb,raw_pdb/9HG7.pdb,unknown,unknown,none,none,,,,false,,2.83,ELECTRON MICROSCOPY,,train,silver candidate from RCSB:mpstruc_OPM_beta_barrel; region annotation required before supervised displacement use.,silver_betaomp_displacement,silver,0.35,RCSB,RCSB:mpstruc_OPM_beta_barrel,9HG7_1,790,0.9753086419753086,0,0,P0A940,6,pdb:downloaded;afdb:downloaded
tbdt_p0ac02,tbdt_p0ac02_9hg7_d,tbdt,,P0AC02,9HG7,D,raw_af2/AF-P0AC02-F1-model_v6.pdb,raw_pdb/9HG7.pdb,unknown,unknown,none,none,,,,false,,2.83,ELECTRON MICROSCOPY,,train,silver candidate from RCSB:mpstruc_OPM_beta_barrel; region annotation required before supervised displacement use.,silver_betaomp_displacement,silver,0.35,RCSB,RCSB:mpstruc_OPM_beta_barrel,9HG7_4,226,0.9224489795918367,0,0,P0AC02,6,pdb:downloaded;afdb:downloaded
tbdt_p77774,tbdt_p77774_9hg9_b,tbdt,,P77774,9HG9,B,raw_af2/AF-P77774-F1-model_v6.pdb,raw_pdb/9HG9.pdb,unknown,unknown,none,none,MG,,,false,,2.88,ELECTRON MICROSCOPY,,train,silver candidate from RCSB:mpstruc_OPM_beta_barrel; region annotation required before supervised displacement use.,silver_betaomp_displacement,silver,0.35,RCSB,RCSB:mpstruc_OPM_beta_barrel,9HG9_2,381,0.951530612244898,0,0,P77774,6,pdb:downloaded;afdb:downloaded
tbdt_p0abz6,tbdt_p0abz6_9hg9_f,tbdt,,P0ABZ6,9HG9,F,raw_af2/AF-P0ABZ6-F1-model_v6.pdb,raw_pdb/9HG9.pdb,unknown,unknown,none,none,MG,,,false,,2.88,ELECTRON MICROSCOPY,,train,silver candidate from RCSB:mpstruc_OPM_beta_barrel; region annotation required before supervised displacement use.,silver_betaomp_displacement,silver,0.35,RCSB,RCSB:mpstruc_OPM_beta_barrel,9HG9_6,412,0.9532710280373832,0,0,P0ABZ6,6,pdb:downloaded;afdb:downloaded
tbdt_p0ac02,tbdt_p0ac02_8pzu_d,tbdt,,P0AC02,8PZU,D,raw_af2/AF-P0AC02-F1-model_v6.pdb,raw_pdb/8PZU.pdb,unknown,unknown,none,none,MG,,,false,,3.5,ELECTRON MICROSCOPY,,train,silver candidate from RCSB:mpstruc_OPM_beta_barrel; region annotation required before supervised displacement use.,silver_betaomp_displacement,silver,0.35,RCSB,RCSB:mpstruc_OPM_beta_barrel,8PZU_4,226,0.9224489795918367,0,0,P0AC02,6,pdb:downloaded;afdb:downloaded
tbdt_p77774,tbdt_p77774_9hg5_b,tbdt,,P77774,9HG5,B,raw_af2/AF-P77774-F1-model_v6.pdb,raw_pdb/9HG5.pdb,unknown,unknown,none,none,,,,false,,2.82,ELECTRON MICROSCOPY,,train,silver candidate from RCSB:mpstruc_OPM_beta_barrel; region annotation required before supervised displacement use.,silver_betaomp_displacement,silver,0.35,RCSB,RCSB:mpstruc_OPM_beta_barrel,9HG5_2,381,0.951530612244898,0,0,P77774,6,pdb:downloaded;afdb:downloaded
tbdt_p0a903,tbdt_p0a903_9hg5_c,tbdt,,P0A903,9HG5,C,raw_af2/AF-P0A903-F1-model_v6.pdb,raw_pdb/9HG5.pdb,unknown,unknown,none,none,,,,false,,2.82,ELECTRON MICROSCOPY,,train,silver candidate from RCSB:mpstruc_OPM_beta_barrel; region annotation required before supervised displacement use.,silver_betaomp_displacement,silver,0.35,RCSB,RCSB:mpstruc_OPM_beta_barrel,9HG5_3,320,0.9302325581395349,0,0,P0A903,6,pdb:downloaded;afdb:downloaded
tbdt_p0ac02,tbdt_p0ac02_9hg5_d,tbdt,,P0AC02,9HG5,D,raw_af2/AF-P0AC02-F1-model_v6.pdb,raw_pdb/9HG5.pdb,unknown,unknown,none,none,,,,false,,2.82,ELECTRON MICROSCOPY,,train,silver candidate from RCSB:mpstruc_OPM_beta_barrel; region annotation required before supervised displacement use.,silver_betaomp_displacement,silver,0.35,RCSB,RCSB:mpstruc_OPM_beta_barrel,9HG5_4,226,0.9224489795918367,0,0,P0AC02,6,pdb:downloaded;afdb:downloaded
tbdt_p77774,tbdt_p77774_9hg6_b,tbdt,,P77774,9HG6,B,raw_af2/AF-P77774-F1-model_v6.pdb,raw_pdb/9HG6.pdb,unknown,unknown,none,none,,,,false,,2.73,ELECTRON MICROSCOPY,,train,silver candidate from RCSB:mpstruc_OPM_beta_barrel; region annotation required before supervised displacement use.,silver_betaomp_displacement,silver,0.35,RCSB,RCSB:mpstruc_OPM_beta_barrel,9HG6_2,381,0.951530612244898,0,0,P77774,6,pdb:downloaded;afdb:downloaded
tbdt_p0a903,tbdt_p0a903_9hg6_c,tbdt,,P0A903,9HG6,C,raw_af2/AF-P0A903-F1-model_v6.pdb,raw_pdb/9HG6.pdb,unknown,unknown,none,none,,,,false,,2.73,ELECTRON MICROSCOPY,,train,silver candidate from RCSB:mpstruc_OPM_beta_barrel; region annotation required before supervised displacement use.,silver_betaomp_displacement,silver,0.35,RCSB,RCSB:mpstruc_OPM_beta_barrel,9HG6_3,320,0.9302325581395349,0,0,P0A903,6,pdb:downloaded;afdb:downloaded
tbdt_p0ac02,tbdt_p0ac02_9hg6_d,tbdt,,P0AC02,9HG6,D,raw_af2/AF-P0AC02-F1-model_v6.pdb,raw_pdb/9HG6.pdb,unknown,unknown,none,none,,,,false,,2.73,ELECTRON MICROSCOPY,,train,silver candidate from RCSB:mpstruc_OPM_beta_barrel; region annotation required before supervised displacement use.,silver_betaomp_displacement,silver,0.35,RCSB,RCSB:mpstruc_OPM_beta_barrel,9HG6_4,226,0.9224489795918367,0,0,P0AC02,6,pdb:downloaded;afdb:downloaded
tbdt_p77774,tbdt_p77774_9hg7_b,tbdt,,P77774,9HG7,B,raw_af2/AF-P77774-F1-model_v6.pdb,raw_pdb/9HG7.pdb,unknown,unknown,none,none,,,,false,,2.83,ELECTRON MICROSCOPY,,train,silver candidate from RCSB:mpstruc_OPM_beta_barrel; region annotation required before supervised displacement use.,silver_betaomp_displacement,silver,0.35,RCSB,RCSB:mpstruc_OPM_beta_barrel,9HG7_2,381,0.951530612244898,0,0,P77774,6,pdb:downloaded;afdb:downloaded
tbdt_p0a903,tbdt_p0a903_9hg7_c,tbdt,,P0A903,9HG7,C,raw_af2/AF-P0A903-F1-model_v6.pdb,raw_pdb/9HG7.pdb,unknown,unknown,none,none,,,,false,,2.83,ELECTRON MICROSCOPY,,train,silver candidate from RCSB:mpstruc_OPM_beta_barrel; region annotation required before supervised displacement use.,silver_betaomp_displacement,silver,0.35,RCSB,RCSB:mpstruc_OPM_beta_barrel,9HG7_3,320,0.9302325581395349,0,0,P0A903,6,pdb:downloaded;afdb:downloaded
tbdt_p0abz6,tbdt_p0abz6_9hg7_f,tbdt,,P0ABZ6,9HG7,F,raw_af2/AF-P0ABZ6-F1-model_v6.pdb,raw_pdb/9HG7.pdb,unknown,unknown,none,none,,,,false,,2.83,ELECTRON MICROSCOPY,,train,silver candidate from RCSB:mpstruc_OPM_beta_barrel; region annotation required before supervised displacement use.,silver_betaomp_displacement,silver,0.35,RCSB,RCSB:mpstruc_OPM_beta_barrel,9HG7_6,412,0.9532710280373832,0,0,P0ABZ6,6,pdb:downloaded;afdb:downloaded
tbdt_p0a903,tbdt_p0a903_9hg9_c,tbdt,,P0A903,9HG9,C,raw_af2/AF-P0A903-F1-model_v6.pdb,raw_pdb/9HG9.pdb,unknown,unknown,none,none,MG,,,false,,2.88,ELECTRON MICROSCOPY,,train,silver candidate from RCSB:mpstruc_OPM_beta_barrel; region annotation required before supervised displacement use.,silver_betaomp_displacement,silver,0.35,RCSB,RCSB:mpstruc_OPM_beta_barrel,9HG9_3,320,0.9302325581395349,0,0,P0A903,6,pdb:downloaded;afdb:downloaded
tbdt_p0ac02,tbdt_p0ac02_9hg9_d,tbdt,,P0AC02,9HG9,D,raw_af2/AF-P0AC02-F1-model_v6.pdb,raw_pdb/9HG9.pdb,unknown,unknown,none,none,MG,,,false,,2.88,ELECTRON MICROSCOPY,,train,silver candidate from RCSB:mpstruc_OPM_beta_barrel; region annotation required before supervised displacement use.,silver_betaomp_displacement,silver,0.35,RCSB,RCSB:mpstruc_OPM_beta_barrel,9HG9_4,226,0.9224489795918367,0,0,P0AC02,6,pdb:downloaded;afdb:downloaded
tbdt_q8a6w4,tbdt_q8a6w4_6z9a_a,tbdt,,Q8A6W4,6Z9A,A,raw_af2/AF-Q8A6W4-F1-model_v6.pdb,raw_pdb/6Z9A.pdb,unknown,unknown,none,none,MG,,,false,,3.1,X-RAY DIFFRACTION,,val,silver candidate from RCSB:mpstruc_OPM_beta_barrel; region annotation required before supervised displacement use.,silver_betaomp_displacement,silver,0.35,RCSB,RCSB:mpstruc_OPM_beta_barrel,6Z9A_1,580,1.0,0,0,Q8A6W4,6,pdb:downloaded;afdb:exists
tbdt_q8a6w4,tbdt_q8a6w4_8aa3_b,tbdt,,Q8A6W4,8AA3,B,raw_af2/AF-Q8A6W4-F1-model_v6.pdb,raw_pdb/8AA3.pdb,unknown,unknown,none,none,MG,,,false,,2.7,ELECTRON MICROSCOPY,,val,silver candidate from RCSB:mpstruc_OPM_beta_barrel; region annotation required before supervised displacement use.,silver_betaomp_displacement,silver,0.35,RCSB,RCSB:mpstruc_OPM_beta_barrel,8AA3_1,570,1.0,0,0,Q8A6W4,6,pdb:downloaded;afdb:exists
tbdt_p0a940,tbdt_p0a940_8pzu_a,tbdt,,P0A940,8PZU,A,raw_af2/AF-P0A940-F1-model_v6.pdb,raw_pdb/8PZU.pdb,unknown,unknown,none,none,MG,,,false,,3.5,ELECTRON MICROSCOPY,,train,silver candidate from RCSB:mpstruc_OPM_beta_barrel; region annotation required before supervised displacement use.,silver_betaomp_displacement,silver,0.35,RCSB,RCSB:mpstruc_OPM_beta_barrel,8PZU_1,790,0.9753086419753086,1,0,P0A940,6,pdb:downloaded;afdb:downloaded
tbdt_p77774,tbdt_p77774_8pzu_b,tbdt,,P77774,8PZU,B,raw_af2/AF-P77774-F1-model_v6.pdb,raw_pdb/8PZU.pdb,unknown,unknown,none,none,MG,,,false,,3.5,ELECTRON MICROSCOPY,,train,silver candidate from RCSB:mpstruc_OPM_beta_barrel; region annotation required before supervised displacement use.,silver_betaomp_displacement,silver,0.35,RCSB,RCSB:mpstruc_OPM_beta_barrel,8PZU_2,373,0.951530612244898,0,0,P77774,6,pdb:downloaded;afdb:downloaded
tbdt_p0a940,tbdt_p0a940_9hg5_a,tbdt,,P0A940,9HG5,A,raw_af2/AF-P0A940-F1-model_v6.pdb,raw_pdb/9HG5.pdb,unknown,unknown,none,none,,,,false,,2.82,ELECTRON MICROSCOPY,,train,silver candidate from RCSB:mpstruc_OPM_beta_barrel; region annotation required before supervised displacement use.,silver_betaomp_displacement,silver,0.35,RCSB,RCSB:mpstruc_OPM_beta_barrel,9HG5_1,790,0.9753086419753086,0,0,P0A940,6,pdb:downloaded;afdb:downloaded
tbdt_p0abz6,tbdt_p0abz6_9hg5_f,tbdt,,P0ABZ6,9HG5,F,raw_af2/AF-P0ABZ6-F1-model_v6.pdb,raw_pdb/9HG5.pdb,unknown,unknown,none,none,,,,false,,2.82,ELECTRON MICROSCOPY,,train,silver candidate from RCSB:mpstruc_OPM_beta_barrel; region annotation required before supervised displacement use.,silver_betaomp_displacement,silver,0.35,RCSB,RCSB:mpstruc_OPM_beta_barrel,9HG5_6,412,0.9532710280373832,0,0,P0ABZ6,6,pdb:downloaded;afdb:downloaded
tbdt_p0a940,tbdt_p0a940_9hg6_a,tbdt,,P0A940,9HG6,A,raw_af2/AF-P0A940-F1-model_v6.pdb,raw_pdb/9HG6.pdb,unknown,unknown,none,none,,,,false,,2.73,ELECTRON MICROSCOPY,,train,silver candidate from RCSB:mpstruc_OPM_beta_barrel; region annotation required before supervised displacement use.,silver_betaomp_displacement,silver,0.35,RCSB,RCSB:mpstruc_OPM_beta_barrel,9HG6_1,790,0.9753086419753086,0,0,P0A940,6,pdb:downloaded;afdb:downloaded
tbdt_p0abz6,tbdt_p0abz6_9hg6_f,tbdt,,P0ABZ6,9HG6,F,raw_af2/AF-P0ABZ6-F1-model_v6.pdb,raw_pdb/9HG6.pdb,unknown,unknown,none,none,,,,false,,2.73,ELECTRON MICROSCOPY,,train,silver candidate from RCSB:mpstruc_OPM_beta_barrel; region annotation required before supervised displacement use.,silver_betaomp_displacement,silver,0.35,RCSB,RCSB:mpstruc_OPM_beta_barrel,9HG6_6,412,0.9532710280373832,0,0,P0ABZ6,6,pdb:downloaded;afdb:downloaded
tbdt_p0a940,tbdt_p0a940_9hg9_a,tbdt,,P0A940,9HG9,A,raw_af2/AF-P0A940-F1-model_v6.pdb,raw_pdb/9HG9.pdb,unknown,unknown,none,none,MG,,,false,,2.88,ELECTRON MICROSCOPY,,train,silver candidate from RCSB:mpstruc_OPM_beta_barrel; region annotation required before supervised displacement use.,silver_betaomp_displacement,silver,0.35,RCSB,RCSB:mpstruc_OPM_beta_barrel,9HG9_1,790,0.9753086419753086,0,0,P0A940,6,pdb:downloaded;afdb:downloaded
tbdt_p0a1n8,tbdt_p0a1n8_7bgl_a,tbdt,,P0A1N8,7BGL,A,raw_af2/AF-P0A1N8-F1-model_v6.pdb,raw_pdb/7BGL.cif,unknown,unknown,none,none,,,,false,,2.2,ELECTRON MICROSCOPY,,train,silver candidate from RCSB:mpstruc_OPM_beta_barrel; region annotation required before supervised displacement use.,silver_betaomp_displacement,silver,0.35,RCSB,RCSB:mpstruc_OPM_beta_barrel,7BGL_1,232,1.0,0,0,P0A1N8,6,cif:downloaded;afdb:downloaded
tbdt_p15930,tbdt_p15930_7bgl_a,tbdt,,P15930,7BGL,a,raw_af2/AF-P15930-F1-model_v6.pdb,raw_pdb/7BGL.cif,unknown,unknown,none,none,,,,false,,2.2,ELECTRON MICROSCOPY,,train,silver candidate from RCSB:mpstruc_OPM_beta_barrel; region annotation required before supervised displacement use.,silver_betaomp_displacement,silver,0.35,RCSB,RCSB:mpstruc_OPM_beta_barrel,7BGL_2,365,1.0,0,0,P15930,6,cif:downloaded;afdb:downloaded
tbdt_p0a903,tbdt_p0a903_9cnw_c,tbdt,,P0A903,9CNW,C,raw_af2/AF-P0A903-F1-model_v6.pdb,raw_pdb/9CNW.pdb,unknown,unknown,none,none,,,,false,,2.6,ELECTRON MICROSCOPY,,train,silver candidate from RCSB:mpstruc_OPM_beta_barrel; region annotation required before supervised displacement use.,silver_betaomp_displacement,silver,0.35,RCSB,RCSB:mpstruc_OPM_beta_barrel,9CNW_3,344,1.0,0,0,P0A903,6,pdb:downloaded;afdb:downloaded
tbdt_p0a937,tbdt_p0a937_9cnw_e,tbdt,,P0A937,9CNW,E,raw_af2/AF-P0A937-F1-model_v6.pdb,raw_pdb/9CNW.pdb,unknown,unknown,none,none,,,,false,,2.6,ELECTRON MICROSCOPY,,test,silver candidate from RCSB:mpstruc_OPM_beta_barrel; region annotation required before supervised displacement use.,silver_betaomp_displacement,silver,0.35,RCSB,RCSB:mpstruc_OPM_beta_barrel,9CNW_5,123,1.0,0,0,P0A937,6,pdb:downloaded;afdb:downloaded
tbdt_p0a903,tbdt_p0a903_9cnz_c,tbdt,,P0A903,9CNZ,C,raw_af2/AF-P0A903-F1-model_v6.pdb,raw_pdb/9CNZ.pdb,unknown,unknown,none,none,,,,false,,3.1,ELECTRON MICROSCOPY,,train,silver candidate from RCSB:mpstruc_OPM_beta_barrel; region annotation required before supervised displacement use.,silver_betaomp_displacement,silver,0.35,RCSB,RCSB:mpstruc_OPM_beta_barrel,9CNZ_3,344,1.0,0,0,P0A903,6,pdb:downloaded;afdb:downloaded
tbdt_p0ac02,tbdt_p0ac02_9cnz_d,tbdt,,P0AC02,9CNZ,D,raw_af2/AF-P0AC02-F1-model_v6.pdb,raw_pdb/9CNZ.pdb,unknown,unknown,none,none,,,,false,,3.1,ELECTRON MICROSCOPY,,train,silver candidate from RCSB:mpstruc_OPM_beta_barrel; region annotation required before supervised displacement use.,silver_betaomp_displacement,silver,0.35,RCSB,RCSB:mpstruc_OPM_beta_barrel,9CNZ_4,245,1.0,0,0,P0AC02,6,pdb:downloaded;afdb:downloaded
tbdt_p0a940,tbdt_p0a940_9co0_a,tbdt,,P0A940,9CO0,A,raw_af2/AF-P0A940-F1-model_v6.pdb,raw_pdb/9CO0.pdb,unknown,unknown,none,none,,,,false,,3.3,ELECTRON MICROSCOPY,,train,silver candidate from RCSB:mpstruc_OPM_beta_barrel; region annotation required before supervised displacement use.,silver_betaomp_displacement,silver,0.35,RCSB,RCSB:mpstruc_OPM_beta_barrel,9CO0_1,810,1.0,0,0,P0A940,6,pdb:downloaded;afdb:downloaded
tbdt_p0a903,tbdt_p0a903_9co0_c,tbdt,,P0A903,9CO0,C,raw_af2/AF-P0A903-F1-model_v6.pdb,raw_pdb/9CO0.pdb,unknown,unknown,none,none,,,,false,,3.3,ELECTRON MICROSCOPY,,train,silver candidate from RCSB:mpstruc_OPM_beta_barrel; region annotation required before supervised displacement use.,silver_betaomp_displacement,silver,0.35,RCSB,RCSB:mpstruc_OPM_beta_barrel,9CO0_3,344,1.0,0,0,P0A903,6,pdb:downloaded;afdb:downloaded
tbdt_p0adv7,tbdt_p0adv7_8i8x_f,tbdt,,P0ADV7,8I8X,F,raw_af2/AF-P0ADV7-F1-model_v6.pdb,raw_pdb/8I8X.cif,unknown,unknown,none,none,,,,false,,3.25,ELECTRON MICROSCOPY,,train,silver candidate from RCSB:mpstruc_OPM_beta_barrel; region annotation required before supervised displacement use.,silver_betaomp_displacement,silver,0.35,RCSB,RCSB:mpstruc_OPM_beta_barrel,8I8X_3,199,0.9052132701421801,1,0,P0ADV7,6,cif:downloaded;afdb:downloaded
tbdt_p0a940,tbdt_p0a940_9cnw_a,tbdt,,P0A940,9CNW,A,raw_af2/AF-P0A940-F1-model_v6.pdb,raw_pdb/9CNW.pdb,unknown,unknown,none,none,,,,false,,2.6,ELECTRON MICROSCOPY,,train,silver candidate from RCSB:mpstruc_OPM_beta_barrel; region annotation required before supervised displacement use.,silver_betaomp_displacement,silver,0.35,RCSB,RCSB:mpstruc_OPM_beta_barrel,9CNW_1,810,1.0,0,0,P0A940,6,pdb:downloaded;afdb:downloaded
tbdt_p77774,tbdt_p77774_9cnw_b,tbdt,,P77774,9CNW,B,raw_af2/AF-P77774-F1-model_v6.pdb,raw_pdb/9CNW.pdb,unknown,unknown,none,none,,,,false,,2.6,ELECTRON MICROSCOPY,,train,silver candidate from RCSB:mpstruc_OPM_beta_barrel; region annotation required before supervised displacement use.,silver_betaomp_displacement,silver,0.35,RCSB,RCSB:mpstruc_OPM_beta_barrel,9CNW_2,392,1.0,0,0,P77774,6,pdb:downloaded;afdb:downloaded
tbdt_p77774,tbdt_p77774_9cnz_b,tbdt,,P77774,9CNZ,B,raw_af2/AF-P77774-F1-model_v6.pdb,raw_pdb/9CNZ.pdb,unknown,unknown,none,none,,,,false,,3.1,ELECTRON MICROSCOPY,,train,silver candidate from RCSB:mpstruc_OPM_beta_barrel; region annotation required before supervised displacement use.,silver_betaomp_displacement,silver,0.35,RCSB,RCSB:mpstruc_OPM_beta_barrel,9CNZ_2,392,1.0,0,0,P77774,6,pdb:downloaded;afdb:downloaded
tbdt_p77774,tbdt_p77774_9co0_b,tbdt,,P77774,9CO0,B,raw_af2/AF-P77774-F1-model_v6.pdb,raw_pdb/9CO0.pdb,unknown,unknown,none,none,,,,false,,3.3,ELECTRON MICROSCOPY,,train,silver candidate from RCSB:mpstruc_OPM_beta_barrel; region annotation required before supervised displacement use.,silver_betaomp_displacement,silver,0.35,RCSB,RCSB:mpstruc_OPM_beta_barrel,9CO0_2,392,1.0,0,0,P77774,6,pdb:downloaded;afdb:downloaded
tbdt_p0a221,tbdt_p0a221_8axn_a,tbdt,,P0A221,8AXN,A,raw_af2/AF-P0A221-F1-model_v6.pdb,raw_pdb/8AXN.cif,unknown,unknown,none,none,,,,false,,3.34,ELECTRON MICROSCOPY,,val,silver candidate from RCSB:mpstruc_OPM_beta_barrel; region annotation required before supervised displacement use.,silver_betaomp_displacement,silver,0.35,RCSB,RCSB:mpstruc_OPM_beta_barrel,8AXN_1,371,1.0,0,0,P0A221,6,cif:downloaded;afdb:downloaded
tbdt_q06081,tbdt_q06081_8axn_a,tbdt,,Q06081,8AXN,a,raw_af2/AF-Q06081-F1-model_v6.pdb,raw_pdb/8AXN.cif,unknown,unknown,none,none,,,,false,,3.34,ELECTRON MICROSCOPY,,train,silver candidate from RCSB:mpstruc_OPM_beta_barrel; region annotation required before supervised displacement use.,silver_betaomp_displacement,silver,0.35,RCSB,RCSB:mpstruc_OPM_beta_barrel,8AXN_2,241,1.0,0,0,Q06081,6,cif:downloaded;afdb:downloaded
tbdt_q04641,tbdt_q04641_8axn_0,tbdt,,Q04641,8AXN,0,raw_af2/AF-Q04641-F1-model_v6.pdb,raw_pdb/8AXN.cif,unknown,unknown,none,none,,,,false,,3.34,ELECTRON MICROSCOPY,,train,silver candidate from RCSB:mpstruc_OPM_beta_barrel; region annotation required before supervised displacement use.,silver_betaomp_displacement,silver,0.35,RCSB,RCSB:mpstruc_OPM_beta_barrel,8AXN_3,566,1.0,0,0,Q04641,6,cif:downloaded;afdb:downloaded
tbdt_p76506,tbdt_p76506_8i8x_d,tbdt,,P76506,8I8X,D,raw_af2/AF-P76506-F1-model_v6.pdb,raw_pdb/8I8X.cif,unknown,unknown,none,none,,,,false,,3.25,ELECTRON MICROSCOPY,,val,silver candidate from RCSB:mpstruc_OPM_beta_barrel; region annotation required before supervised displacement use.,silver_betaomp_displacement,silver,0.35,RCSB,RCSB:mpstruc_OPM_beta_barrel,8I8X_2,234,0.9322709163346613,1,0,P76506,6,cif:downloaded;afdb:downloaded
tbdt_p0ac02,tbdt_p0ac02_9cnw_d,tbdt,,P0AC02,9CNW,D,raw_af2/AF-P0AC02-F1-model_v6.pdb,raw_pdb/9CNW.pdb,unknown,unknown,none,none,,,,false,,2.6,ELECTRON MICROSCOPY,,train,silver candidate from RCSB:mpstruc_OPM_beta_barrel; region annotation required before supervised displacement use.,silver_betaomp_displacement,silver,0.35,RCSB,RCSB:mpstruc_OPM_beta_barrel,9CNW_4,245,1.0,0,0,P0AC02,6,pdb:downloaded;afdb:downloaded
tbdt_p0a940,tbdt_p0a940_9cnz_a,tbdt,,P0A940,9CNZ,A,raw_af2/AF-P0A940-F1-model_v6.pdb,raw_pdb/9CNZ.pdb,unknown,unknown,none,none,,,,false,,3.1,ELECTRON MICROSCOPY,,train,silver candidate from RCSB:mpstruc_OPM_beta_barrel; region annotation required before supervised displacement use.,silver_betaomp_displacement,silver,0.35,RCSB,RCSB:mpstruc_OPM_beta_barrel,9CNZ_1,810,1.0,0,0,P0A940,6,pdb:downloaded;afdb:downloaded
tbdt_p0a937,tbdt_p0a937_9cnz_e,tbdt,,P0A937,9CNZ,E,raw_af2/AF-P0A937-F1-model_v6.pdb,raw_pdb/9CNZ.pdb,unknown,unknown,none,none,,,,false,,3.1,ELECTRON MICROSCOPY,,test,silver candidate from RCSB:mpstruc_OPM_beta_barrel; region annotation required before supervised displacement use.,silver_betaomp_displacement,silver,0.35,RCSB,RCSB:mpstruc_OPM_beta_barrel,9CNZ_5,123,1.0,0,0,P0A937,6,pdb:downloaded;afdb:downloaded
tbdt_p0ac02,tbdt_p0ac02_9co0_d,tbdt,,P0AC02,9CO0,D,raw_af2/AF-P0AC02-F1-model_v6.pdb,raw_pdb/9CO0.pdb,unknown,unknown,none,none,,,,false,,3.3,ELECTRON MICROSCOPY,,train,silver candidate from RCSB:mpstruc_OPM_beta_barrel; region annotation required before supervised displacement use.,silver_betaomp_displacement,silver,0.35,RCSB,RCSB:mpstruc_OPM_beta_barrel,9CO0_4,245,1.0,0,0,P0AC02,6,pdb:downloaded;afdb:downloaded
tbdt_p0a937,tbdt_p0a937_9co0_e,tbdt,,P0A937,9CO0,E,raw_af2/AF-P0A937-F1-model_v6.pdb,raw_pdb/9CO0.pdb,unknown,unknown,none,none,,,,false,,3.3,ELECTRON MICROSCOPY,,test,silver candidate from RCSB:mpstruc_OPM_beta_barrel; region annotation required before supervised displacement use.,silver_betaomp_displacement,silver,0.35,RCSB,RCSB:mpstruc_OPM_beta_barrel,9CO0_5,123,1.0,0,0,P0A937,6,pdb:downloaded;afdb:downloaded
tbdt_p11461,tbdt_p11461_afdb_v6,tbdt,,P11461,,,raw_af2/AF-P11461-F1-model_v6.pdb,,unknown,unknown,unknown,unknown,,,,false,,,AFDB,,train,bronze AFDB-only TBDT homolog from UniProt PF00593/PF07715 query; no experimental displacement label.,bronze_pseudo_or_self_supervised,bronze,0.1,UniProt,UniProt:PF00593_AND_PF07715,,726,,,,P11461,6,afdb:downloaded
tbdt_q8yq14,tbdt_q8yq14_afdb_v6,tbdt,,Q8YQ14,,,raw_af2/AF-Q8YQ14-F1-model_v6.pdb,,unknown,unknown,unknown,unknown,,,,false,,,AFDB,,val,bronze AFDB-only TBDT homolog from UniProt PF00593/PF07715 query; no experimental displacement label.,bronze_pseudo_or_self_supervised,bronze,0.1,UniProt,UniProt:PF00593_AND_PF07715,,854,,,,Q8YQ14,6,afdb:downloaded
tbdt_a5f661,tbdt_a5f661_afdb_v6,tbdt,,A5F661,,,raw_af2/AF-A5F661-F1-model_v6.pdb,,unknown,unknown,unknown,unknown,,,,false,,,AFDB,,train,bronze AFDB-only TBDT homolog from UniProt PF00593/PF07715 query; no experimental displacement label.,bronze_pseudo_or_self_supervised,bronze,0.1,UniProt,UniProt:PF00593_AND_PF07715,,687,,,,A5F661,6,afdb:downloaded
tbdt_o87296,tbdt_o87296_afdb_v6,tbdt,,O87296,,,raw_af2/AF-O87296-F1-model_v6.pdb,,unknown,unknown,unknown,unknown,,,,false,,,AFDB,,train,bronze AFDB-only TBDT homolog from UniProt PF00593/PF07715 query; no experimental displacement label.,bronze_pseudo_or_self_supervised,bronze,0.1,UniProt,UniProt:PF00593_AND_PF07715,,999,,,,O87296,6,afdb:downloaded
tbdt_q8yzr0,tbdt_q8yzr0_afdb_v6,tbdt,,Q8YZR0,,,raw_af2/AF-Q8YZR0-F1-model_v6.pdb,,unknown,unknown,unknown,unknown,,,,false,,,AFDB,,train,bronze AFDB-only TBDT homolog from UniProt PF00593/PF07715 query; no experimental displacement label.,bronze_pseudo_or_self_supervised,bronze,0.1,UniProt,UniProt:PF00593_AND_PF07715,,867,,,,Q8YZR0,6,afdb:downloaded
btub_a1aie8,btub_a1aie8_afdb_v6,btub,btub,A1AIE8,,,raw_af2/AF-A1AIE8-F1-model_v6.pdb,,unknown,unknown,unknown,unknown,,,,false,,,AFDB,,test,bronze AFDB-only TBDT homolog from UniProt PF00593/PF07715 query; no experimental displacement label.,bronze_pseudo_or_self_supervised,bronze,0.1,UniProt,UniProt:PF00593_AND_PF07715,,614,,,,A1AIE8,6,afdb:downloaded
btub_a8a774,btub_a8a774_afdb_v6,btub,btub,A8A774,,,raw_af2/AF-A8A774-F1-model_v6.pdb,,unknown,unknown,unknown,unknown,,,,false,,,AFDB,,train,bronze AFDB-only TBDT homolog from UniProt PF00593/PF07715 query; no experimental displacement label.,bronze_pseudo_or_self_supervised,bronze,0.1,UniProt,UniProt:PF00593_AND_PF07715,,614,,,,A8A774,6,afdb:downloaded
tbdt_p14542,tbdt_p14542_afdb_v6,tbdt,,P14542,,,raw_af2/AF-P14542-F1-model_v6.pdb,,unknown,unknown,unknown,unknown,,,,false,,,AFDB,,val,bronze AFDB-only TBDT homolog from UniProt PF00593/PF07715 query; no experimental displacement label.,bronze_pseudo_or_self_supervised,bronze,0.1,UniProt,UniProt:PF00593_AND_PF07715,,732,,,,P14542,6,afdb:downloaded
btub_q1cnp0,btub_q1cnp0_afdb_v6,btub,btub,Q1CNP0,,,raw_af2/AF-Q1CNP0-F1-model_v6.pdb,,unknown,unknown,unknown,unknown,,,,false,,,AFDB,,train,bronze AFDB-only TBDT homolog from UniProt PF00593/PF07715 query; no experimental displacement label.,bronze_pseudo_or_self_supervised,bronze,0.1,UniProt,UniProt:PF00593_AND_PF07715,,625,,,,Q1CNP0,6,afdb:downloaded
tbdt_q47952,tbdt_q47952_afdb_v6,tbdt,,Q47952,,,raw_af2/AF-Q47952-F1-model_v6.pdb,,unknown,unknown,unknown,unknown,,,,false,,,AFDB,,train,bronze AFDB-only TBDT homolog from UniProt PF00593/PF07715 query; no experimental displacement label.,bronze_pseudo_or_self_supervised,bronze,0.1,UniProt,UniProt:PF00593_AND_PF07715,,972,,,,Q47952,6,afdb:downloaded
btub_q5pk67,btub_q5pk67_afdb_v6,btub,btub,Q5PK67,,,raw_af2/AF-Q5PK67-F1-model_v6.pdb,,unknown,unknown,unknown,unknown,,,,false,,,AFDB,,train,bronze AFDB-only TBDT homolog from UniProt PF00593/PF07715 query; no experimental displacement label.,bronze_pseudo_or_self_supervised,bronze,0.1,UniProt,UniProt:PF00593_AND_PF07715,,614,,,,Q5PK67,6,afdb:downloaded
btub_q8cvj0,btub_q8cvj0_afdb_v6,btub,btub,Q8CVJ0,,,raw_af2/AF-Q8CVJ0-F1-model_v6.pdb,,unknown,unknown,unknown,unknown,,,,false,,,AFDB,,train,bronze AFDB-only TBDT homolog from UniProt PF00593/PF07715 query; no experimental displacement label.,bronze_pseudo_or_self_supervised,bronze,0.1,UniProt,UniProt:PF00593_AND_PF07715,,614,,,,Q8CVJ0,6,afdb:failed
btub_a4wg45,btub_a4wg45_afdb_v6,btub,btub,A4WG45,,,raw_af2/AF-A4WG45-F1-model_v6.pdb,,unknown,unknown,unknown,unknown,,,,false,,,AFDB,,train,bronze AFDB-only TBDT homolog from UniProt PF00593/PF07715 query; no experimental displacement label.,bronze_pseudo_or_self_supervised,bronze,0.1,UniProt,UniProt:PF00593_AND_PF07715,,615,,,,A4WG45,6,afdb:downloaded
tbdt_p0c6r1,tbdt_p0c6r1_afdb_v6,tbdt,,P0C6R1,,,raw_af2/AF-P0C6R1-F1-model_v6.pdb,,unknown,unknown,unknown,unknown,,,,false,,,AFDB,,train,bronze AFDB-only TBDT homolog from UniProt PF00593/PF07715 query; no experimental displacement label.,bronze_pseudo_or_self_supervised,bronze,0.1,UniProt,UniProt:PF00593_AND_PF07715,,687,,,,P0C6R1,6,afdb:downloaded
tbdt_p31499,tbdt_p31499_afdb_v6,tbdt,,P31499,,,raw_af2/AF-P31499-F1-model_v6.pdb,,unknown,unknown,unknown,unknown,,,,false,,,AFDB,,train,bronze AFDB-only TBDT homolog from UniProt PF00593/PF07715 query; no experimental displacement label.,bronze_pseudo_or_self_supervised,bronze,0.1,UniProt,UniProt:PF00593_AND_PF07715,,687,,,,P31499,6,afdb:downloaded
tbdt_p81549,tbdt_p81549_afdb_v6,tbdt,,P81549,,,raw_af2/AF-P81549-F1-model_v6.pdb,,unknown,unknown,unknown,unknown,,,,false,,,AFDB,,train,bronze AFDB-only TBDT homolog from UniProt PF00593/PF07715 query; no experimental displacement label.,bronze_pseudo_or_self_supervised,bronze,0.1,UniProt,UniProt:PF00593_AND_PF07715,,743,,,,P81549,6,afdb:downloaded
tbdt_q01674,tbdt_q01674_afdb_v6,tbdt,,Q01674,,,raw_af2/AF-Q01674-F1-model_v6.pdb,,unknown,unknown,unknown,unknown,,,,false,,,AFDB,,train,bronze AFDB-only TBDT homolog from UniProt PF00593/PF07715 query; no experimental displacement label.,bronze_pseudo_or_self_supervised,bronze,0.1,UniProt,UniProt:PF00593_AND_PF07715,,710,,,,Q01674,6,afdb:downloaded
tbdt_q05202,tbdt_q05202_afdb_v6,tbdt,,Q05202,,,raw_af2/AF-Q05202-F1-model_v6.pdb,,unknown,unknown,unknown,unknown,,,,false,,,AFDB,,val,bronze AFDB-only TBDT homolog from UniProt PF00593/PF07715 query; no experimental displacement label.,bronze_pseudo_or_self_supervised,bronze,0.1,UniProt,UniProt:PF00593_AND_PF07715,,758,,,,Q05202,6,afdb:downloaded
btub_q0sy25,btub_q0sy25_afdb_v6,btub,btub,Q0SY25,,,raw_af2/AF-Q0SY25-F1-model_v6.pdb,,unknown,unknown,unknown,unknown,,,,false,,,AFDB,,train,bronze AFDB-only TBDT homolog from UniProt PF00593/PF07715 query; no experimental displacement label.,bronze_pseudo_or_self_supervised,bronze,0.1,UniProt,UniProt:PF00593_AND_PF07715,,614,,,,Q0SY25,6,afdb:downloaded
btub_q0ta90,btub_q0ta90_afdb_v6,btub,btub,Q0TA90,,,raw_af2/AF-Q0TA90-F1-model_v6.pdb,,unknown,unknown,unknown,unknown,,,,false,,,AFDB,,train,bronze AFDB-only TBDT homolog from UniProt PF00593/PF07715 query; no experimental displacement label.,bronze_pseudo_or_self_supervised,bronze,0.1,UniProt,UniProt:PF00593_AND_PF07715,,614,,,,Q0TA90,6,afdb:downloaded
btub_q1r3u1,btub_q1r3u1_afdb_v6,btub,btub,Q1R3U1,,,raw_af2/AF-Q1R3U1-F1-model_v6.pdb,,unknown,unknown,unknown,unknown,,,,false,,,AFDB,,train,bronze AFDB-only TBDT homolog from UniProt PF00593/PF07715 query; no experimental displacement label.,bronze_pseudo_or_self_supervised,bronze,0.1,UniProt,UniProt:PF00593_AND_PF07715,,614,,,,Q1R3U1,6,afdb:downloaded
tbdt_q2yjb2,tbdt_q2yjb2_afdb_v6,tbdt,,Q2YJB2,,,raw_af2/AF-Q2YJB2-F1-model_v6.pdb,,unknown,unknown,unknown,unknown,,,,false,,,AFDB,,train,bronze AFDB-only TBDT homolog from UniProt PF00593/PF07715 query; no experimental displacement label.,bronze_pseudo_or_self_supervised,bronze,0.1,UniProt,UniProt:PF00593_AND_PF07715,,661,,,,Q2YJB2,6,afdb:downloaded
tbdt_q47162,tbdt_q47162_afdb_v6,tbdt,,Q47162,,,raw_af2/AF-Q47162-F1-model_v6.pdb,,unknown,unknown,unknown,unknown,,,,false,,,AFDB,,val,bronze AFDB-only TBDT homolog from UniProt PF00593/PF07715 query; no experimental displacement label.,bronze_pseudo_or_self_supervised,bronze,0.1,UniProt,UniProt:PF00593_AND_PF07715,,735,,,,Q47162,6,afdb:downloaded
btub_q57h87,btub_q57h87_afdb_v6,btub,btub,Q57H87,,,raw_af2/AF-Q57H87-F1-model_v6.pdb,,unknown,unknown,unknown,unknown,,,,false,,,AFDB,,train,bronze AFDB-only TBDT homolog from UniProt PF00593/PF07715 query; no experimental displacement label.,bronze_pseudo_or_self_supervised,bronze,0.1,UniProt,UniProt:PF00593_AND_PF07715,,614,,,,Q57H87,6,afdb:downloaded
btub_q6czb5,btub_q6czb5_afdb_v6,btub,btub,Q6CZB5,,,raw_af2/AF-Q6CZB5-F1-model_v6.pdb,,unknown,unknown,unknown,unknown,,,,false,,,AFDB,,train,bronze AFDB-only TBDT homolog from UniProt PF00593/PF07715 query; no experimental displacement label.,bronze_pseudo_or_self_supervised,bronze,0.1,UniProt,UniProt:PF00593_AND_PF07715,,615,,,,Q6CZB5,6,afdb:downloaded
btub_q8x714,btub_q8x714_afdb_v6,btub,btub,Q8X714,,,raw_af2/AF-Q8X714-F1-model_v6.pdb,,unknown,unknown,unknown,unknown,,,,false,,,AFDB,,test,bronze AFDB-only TBDT homolog from UniProt PF00593/PF07715 query; no experimental displacement label.,bronze_pseudo_or_self_supervised,bronze,0.1,UniProt,UniProt:PF00593_AND_PF07715,,614,,,,Q8X714,6,afdb:downloaded
tbdt_q9kiv0,tbdt_q9kiv0_afdb_v6,tbdt,,Q9KIV0,,,raw_af2/AF-Q9KIV0-F1-model_v6.pdb,,unknown,unknown,unknown,unknown,,,,false,,,AFDB,,val,bronze AFDB-only TBDT homolog from UniProt PF00593/PF07715 query; no experimental displacement label.,bronze_pseudo_or_self_supervised,bronze,0.1,UniProt,UniProt:PF00593_AND_PF07715,,993,,,,Q9KIV0,6,afdb:downloaded
btub_o52903,btub_o52903_afdb_v6,btub,btub,O52903,,,raw_af2/AF-O52903-F1-model_v6.pdb,,unknown,unknown,unknown,unknown,,,,false,,,AFDB,,train,bronze AFDB-only TBDT homolog from UniProt PF00593/PF07715 query; no experimental displacement label.,bronze_pseudo_or_self_supervised,bronze,0.1,UniProt,UniProt:PF00593_AND_PF07715,,612,,,,O52903,6,afdb:downloaded
fyua_p0c2m9,fyua_p0c2m9_afdb_v6,fyua,fyua,P0C2M9,,,raw_af2/AF-P0C2M9-F1-model_v6.pdb,,unknown,unknown,unknown,unknown,,,,false,,,AFDB,,train,bronze AFDB-only TBDT homolog from UniProt PF00593/PF07715 query; no experimental displacement label.,bronze_pseudo_or_self_supervised,bronze,0.1,UniProt,UniProt:PF00593_AND_PF07715,,673,,,,P0C2M9,6,afdb:downloaded
tbdt_p44809,tbdt_p44809_afdb_v6,tbdt,,P44809,,,raw_af2/AF-P44809-F1-model_v6.pdb,,unknown,unknown,unknown,unknown,,,,false,,,AFDB,,train,bronze AFDB-only TBDT homolog from UniProt PF00593/PF07715 query; no experimental displacement label.,bronze_pseudo_or_self_supervised,bronze,0.1,UniProt,UniProt:PF00593_AND_PF07715,,999,,,,P44809,6,afdb:downloaded
tbdt_q06987,tbdt_q06987_afdb_v6,tbdt,,Q06987,,,raw_af2/AF-Q06987-F1-model_v6.pdb,,unknown,unknown,unknown,unknown,,,,false,,,AFDB,,test,bronze AFDB-only TBDT homolog from UniProt PF00593/PF07715 query; no experimental displacement label.,bronze_pseudo_or_self_supervised,bronze,0.1,UniProt,UniProt:PF00593_AND_PF07715,,908,,,,Q06987,6,afdb:downloaded
btub_q32ae6,btub_q32ae6_afdb_v6,btub,btub,Q32AE6,,,raw_af2/AF-Q32AE6-F1-model_v6.pdb,,unknown,unknown,unknown,unknown,,,,false,,,AFDB,,val,bronze AFDB-only TBDT homolog from UniProt PF00593/PF07715 query; no experimental displacement label.,bronze_pseudo_or_self_supervised,bronze,0.1,UniProt,UniProt:PF00593_AND_PF07715,,614,,,,Q32AE6,6,afdb:downloaded
btub_q3yv10,btub_q3yv10_afdb_v6,btub,btub,Q3YV10,,,raw_af2/AF-Q3YV10-F1-model_v6.pdb,,unknown,unknown,unknown,unknown,,,,false,,,AFDB,,val,bronze AFDB-only TBDT homolog from UniProt PF00593/PF07715 query; no experimental displacement label.,bronze_pseudo_or_self_supervised,bronze,0.1,UniProt,UniProt:PF00593_AND_PF07715,,614,,,,Q3YV10,6,afdb:downloaded
tbdt_q56989,tbdt_q56989_afdb_v6,tbdt,,Q56989,,,raw_af2/AF-Q56989-F1-model_v6.pdb,,unknown,unknown,unknown,unknown,,,,false,,,AFDB,,test,bronze AFDB-only TBDT homolog from UniProt PF00593/PF07715 query; no experimental displacement label.,bronze_pseudo_or_self_supervised,bronze,0.1,UniProt,UniProt:PF00593_AND_PF07715,,676,,,,Q56989,6,afdb:downloaded
tbdt_q6u607,tbdt_q6u607_afdb_v6,tbdt,,Q6U607,,,raw_af2/AF-Q6U607-F1-model_v6.pdb,,unknown,unknown,unknown,unknown,,,,false,,,AFDB,,train,bronze AFDB-only TBDT homolog from UniProt PF00593/PF07715 query; no experimental displacement label.,bronze_pseudo_or_self_supervised,bronze,0.1,UniProt,UniProt:PF00593_AND_PF07715,,733,,,,Q6U607,6,afdb:downloaded
btub_q7mye3,btub_q7mye3_afdb_v6,btub,btub,Q7MYE3,,,raw_af2/AF-Q7MYE3-F1-model_v6.pdb,,unknown,unknown,unknown,unknown,,,,false,,,AFDB,,train,bronze AFDB-only TBDT homolog from UniProt PF00593/PF07715 query; no experimental displacement label.,bronze_pseudo_or_self_supervised,bronze,0.1,UniProt,UniProt:PF00593_AND_PF07715,,619,,,,Q7MYE3,6,afdb:downloaded
tbdt_q9hux3,tbdt_q9hux3_afdb_v6,tbdt,,Q9HUX3,,,raw_af2/AF-Q9HUX3-F1-model_v6.pdb,,unknown,unknown,unknown,unknown,,,,false,,,AFDB,,train,bronze AFDB-only TBDT homolog from UniProt PF00593/PF07715 query; no experimental displacement label.,bronze_pseudo_or_self_supervised,bronze,0.1,UniProt,UniProt:PF00593_AND_PF07715,,708,,,,Q9HUX3,6,afdb:downloaded
tbdt_a0a0h2zi93,tbdt_a0a0h2zi93_afdb_v6,tbdt,,A0A0H2ZI93,,,raw_af2/AF-A0A0H2ZI93-F1-model_v6.pdb,,unknown,unknown,unknown,unknown,,,,false,,,AFDB,,test,bronze AFDB-only TBDT homolog from UniProt PF00593/PF07715 query; no experimental displacement label.,bronze_pseudo_or_self_supervised,bronze,0.1,UniProt,UniProt:PF00593_AND_PF07715,,708,,,,A0A0H2ZI93,6,afdb:downloaded
btub_a4trg0,btub_a4trg0_afdb_v6,btub,btub,A4TRG0,,,raw_af2/AF-A4TRG0-F1-model_v6.pdb,,unknown,unknown,unknown,unknown,,,,false,,,AFDB,,train,bronze AFDB-only TBDT homolog from UniProt PF00593/PF07715 query; no experimental displacement label.,bronze_pseudo_or_self_supervised,bronze,0.1,UniProt,UniProt:PF00593_AND_PF07715,,625,,,,A4TRG0,6,afdb:downloaded
btub_a7fd14,btub_a7fd14_afdb_v6,btub,btub,A7FD14,,,raw_af2/AF-A7FD14-F1-model_v6.pdb,,unknown,unknown,unknown,unknown,,,,false,,,AFDB,,train,bronze AFDB-only TBDT homolog from UniProt PF00593/PF07715 query; no experimental displacement label.,bronze_pseudo_or_self_supervised,bronze,0.1,UniProt,UniProt:PF00593_AND_PF07715,,624,,,,A7FD14,6,afdb:downloaded
btub_a7zui6,btub_a7zui6_afdb_v6,btub,btub,A7ZUI6,,,raw_af2/AF-A7ZUI6-F1-model_v6.pdb,,unknown,unknown,unknown,unknown,,,,false,,,AFDB,,train,bronze AFDB-only TBDT homolog from UniProt PF00593/PF07715 query; no experimental displacement label.,bronze_pseudo_or_self_supervised,bronze,0.1,UniProt,UniProt:PF00593_AND_PF07715,,614,,,,A7ZUI6,6,afdb:downloaded
tbdt_p25184,tbdt_p25184_afdb_v6,tbdt,,P25184,,,raw_af2/AF-P25184-F1-model_v6.pdb,,unknown,unknown,unknown,unknown,,,,false,,,AFDB,,train,bronze AFDB-only TBDT homolog from UniProt PF00593/PF07715 query; no experimental displacement label.,bronze_pseudo_or_self_supervised,bronze,0.1,UniProt,UniProt:PF00593_AND_PF07715,,819,,,,P25184,6,afdb:downloaded
tbdt_p38047,tbdt_p38047_afdb_v6,tbdt,,P38047,,,raw_af2/AF-P38047-F1-model_v6.pdb,,unknown,unknown,unknown,unknown,,,,false,,,AFDB,,train,bronze AFDB-only TBDT homolog from UniProt PF00593/PF07715 query; no experimental displacement label.,bronze_pseudo_or_self_supervised,bronze,0.1,UniProt,UniProt:PF00593_AND_PF07715,,809,,,,P38047,6,afdb:downloaded
tbdt_q06379,tbdt_q06379_afdb_v6,tbdt,,Q06379,,,raw_af2/AF-Q06379-F1-model_v6.pdb,,unknown,unknown,unknown,unknown,,,,false,,,AFDB,,train,bronze AFDB-only TBDT homolog from UniProt PF00593/PF07715 query; no experimental displacement label.,bronze_pseudo_or_self_supervised,bronze,0.1,UniProt,UniProt:PF00593_AND_PF07715,,943,,,,Q06379,6,afdb:downloaded
tbdt_q09056,tbdt_q09056_afdb_v6,tbdt,,Q09056,,,raw_af2/AF-Q09056-F1-model_v6.pdb,,unknown,unknown,unknown,unknown,,,,false,,,AFDB,,train,bronze AFDB-only TBDT homolog from UniProt PF00593/PF07715 query; no experimental displacement label.,bronze_pseudo_or_self_supervised,bronze,0.1,UniProt,UniProt:PF00593_AND_PF07715,,911,,,,Q09056,6,afdb:downloaded
btub_q1cbu1,btub_q1cbu1_afdb_v6,btub,btub,Q1CBU1,,,raw_af2/AF-Q1CBU1-F1-model_v6.pdb,,unknown,unknown,unknown,unknown,,,,false,,,AFDB,,train,bronze AFDB-only TBDT homolog from UniProt PF00593/PF07715 query; no experimental displacement label.,bronze_pseudo_or_self_supervised,bronze,0.1,UniProt,UniProt:PF00593_AND_PF07715,,625,,,,Q1CBU1,6,afdb:downloaded
btub_q8z314,btub_q8z314_afdb_v6,btub,btub,Q8Z314,,,raw_af2/AF-Q8Z314-F1-model_v6.pdb,,unknown,unknown,unknown,unknown,,,,false,,,AFDB,,train,bronze AFDB-only TBDT homolog from UniProt PF00593/PF07715 query; no experimental displacement label.,bronze_pseudo_or_self_supervised,bronze,0.1,UniProt,UniProt:PF00593_AND_PF07715,,614,,,,Q8Z314,6,afdb:downloaded
btub_q9kvi9,btub_q9kvi9_afdb_v6,btub,btub,Q9KVI9,,,raw_af2/AF-Q9KVI9-F1-model_v6.pdb,,unknown,unknown,unknown,unknown,,,,false,,,AFDB,,train,bronze AFDB-only TBDT homolog from UniProt PF00593/PF07715 query; no experimental displacement label.,bronze_pseudo_or_self_supervised,bronze,0.1,UniProt,UniProt:PF00593_AND_PF07715,,611,,,,Q9KVI9,6,afdb:downloaded
btub_a7ml93,btub_a7ml93_afdb_v6,btub,btub,A7ML93,,,raw_af2/AF-A7ML93-F1-model_v6.pdb,,unknown,unknown,unknown,unknown,,,,false,,,AFDB,,train,bronze AFDB-only TBDT homolog from UniProt PF00593/PF07715 query; no experimental displacement label.,bronze_pseudo_or_self_supervised,bronze,0.1,UniProt,UniProt:PF00593_AND_PF07715,,616,,,,A7ML93,6,afdb:downloaded
btub_p37409,btub_p37409_afdb_v6,btub,btub,P37409,,,raw_af2/AF-P37409-F1-model_v6.pdb,,unknown,unknown,unknown,unknown,,,,false,,,AFDB,,train,bronze AFDB-only TBDT homolog from UniProt PF00593/PF07715 query; no experimental displacement label.,bronze_pseudo_or_self_supervised,bronze,0.1,UniProt,UniProt:PF00593_AND_PF07715,,614,,,,P37409,6,afdb:downloaded
tbdt_q01996,tbdt_q01996_afdb_v6,tbdt,,Q01996,,,raw_af2/AF-Q01996-F1-model_v6.pdb,,unknown,unknown,unknown,unknown,,,,false,,,AFDB,,train,bronze AFDB-only TBDT homolog from UniProt PF00593/PF07715 query; no experimental displacement label.,bronze_pseudo_or_self_supervised,bronze,0.1,UniProt,UniProt:PF00593_AND_PF07715,,915,,,,Q01996,6,afdb:downloaded
tbdt_q57408,tbdt_q57408_afdb_v6,tbdt,,Q57408,,,raw_af2/AF-Q57408-F1-model_v6.pdb,,unknown,unknown,unknown,unknown,,,,false,,,AFDB,,train,bronze AFDB-only TBDT homolog from UniProt PF00593/PF07715 query; no experimental displacement label.,bronze_pseudo_or_self_supervised,bronze,0.1,UniProt,UniProt:PF00593_AND_PF07715,,999,,,,Q57408,6,afdb:downloaded
btub_q66g57,btub_q66g57_afdb_v6,btub,btub,Q66G57,,,raw_af2/AF-Q66G57-F1-model_v6.pdb,,unknown,unknown,unknown,unknown,,,,false,,,AFDB,,train,bronze AFDB-only TBDT homolog from UniProt PF00593/PF07715 query; no experimental displacement label.,bronze_pseudo_or_self_supervised,bronze,0.1,UniProt,UniProt:PF00593_AND_PF07715,,624,,,,Q66G57,6,afdb:downloaded
btub_q83is4,btub_q83is4_afdb_v6,btub,btub,Q83IS4,,,raw_af2/AF-Q83IS4-F1-model_v6.pdb,,unknown,unknown,unknown,unknown,,,,false,,,AFDB,,test,bronze AFDB-only TBDT homolog from UniProt PF00593/PF07715 query; no experimental displacement label.,bronze_pseudo_or_self_supervised,bronze,0.1,UniProt,UniProt:PF00593_AND_PF07715,,614,,,,Q83IS4,6,afdb:downloaded
btub_q8zaa1,btub_q8zaa1_afdb_v6,btub,btub,Q8ZAA1,,,raw_af2/AF-Q8ZAA1-F1-model_v6.pdb,,unknown,unknown,unknown,unknown,,,,false,,,AFDB,,train,bronze AFDB-only TBDT homolog from UniProt PF00593/PF07715 query; no experimental displacement label.,bronze_pseudo_or_self_supervised,bronze,0.1,UniProt,UniProt:PF00593_AND_PF07715,,625,,,,Q8ZAA1,6,afdb:downloaded
btub_q93se0,btub_q93se0_afdb_v6,btub,btub,Q93SE0,,,raw_af2/AF-Q93SE0-F1-model_v6.pdb,,unknown,unknown,unknown,unknown,,,,false,,,AFDB,,train,bronze AFDB-only TBDT homolog from UniProt PF00593/PF07715 query; no experimental displacement label.,bronze_pseudo_or_self_supervised,bronze,0.1,UniProt,UniProt:PF00593_AND_PF07715,,614,,,,Q93SE0,6,afdb:downloaded
tbdt_q9z3q5,tbdt_q9z3q5_afdb_v6,tbdt,,Q9Z3Q5,,,raw_af2/AF-Q9Z3Q5-F1-model_v6.pdb,,unknown,unknown,unknown,unknown,,,,false,,,AFDB,,train,bronze AFDB-only TBDT homolog from UniProt PF00593/PF07715 query; no experimental displacement label.,bronze_pseudo_or_self_supervised,bronze,0.1,UniProt,UniProt:PF00593_AND_PF07715,,746,,,,Q9Z3Q5,6,afdb:downloaded
tbdt_a5vw32,tbdt_a5vw32_afdb_v6,tbdt,,A5VW32,,,raw_af2/AF-A5VW32-F1-model_v6.pdb,,unknown,unknown,unknown,unknown,,,,false,,,AFDB,,train,bronze AFDB-only TBDT homolog from UniProt PF00593/PF07715 query; no experimental displacement label.,bronze_pseudo_or_self_supervised,bronze,0.1,UniProt,UniProt:PF00593_AND_PF07715,,661,,,,A5VW32,6,afdb:downloaded
btub_c3lpz6,btub_c3lpz6_afdb_v6,btub,btub,C3LPZ6,,,raw_af2/AF-C3LPZ6-F1-model_v6.pdb,,unknown,unknown,unknown,unknown,,,,false,,,AFDB,,train,bronze AFDB-only TBDT homolog from UniProt PF00593/PF07715 query; no experimental displacement label.,bronze_pseudo_or_self_supervised,bronze,0.1,UniProt,UniProt:PF00593_AND_PF07715,,611,,,,C3LPZ6,6,afdb:downloaded
tbdt_p0cl48,tbdt_p0cl48_afdb_v6,tbdt,,P0CL48,,,raw_af2/AF-P0CL48-F1-model_v6.pdb,,unknown,unknown,unknown,unknown,,,,false,,,AFDB,,test,bronze AFDB-only TBDT homolog from UniProt PF00593/PF07715 query; no experimental displacement label.,bronze_pseudo_or_self_supervised,bronze,0.1,UniProt,UniProt:PF00593_AND_PF07715,,702,,,,P0CL48,6,afdb:downloaded
tbdt_q08017,tbdt_q08017_afdb_v6,tbdt,,Q08017,,,raw_af2/AF-Q08017-F1-model_v6.pdb,,unknown,unknown,unknown,unknown,,,,false,,,AFDB,,train,bronze AFDB-only TBDT homolog from UniProt PF00593/PF07715 query; no experimental displacement label.,bronze_pseudo_or_self_supervised,bronze,0.1,UniProt,UniProt:PF00593_AND_PF07715,,826,,,,Q08017,6,afdb:downloaded
tbdt_q4qp67,tbdt_q4qp67_afdb_v6,tbdt,,Q4QP67,,,raw_af2/AF-Q4QP67-F1-model_v6.pdb,,unknown,unknown,unknown,unknown,,,,false,,,AFDB,,train,bronze AFDB-only TBDT homolog from UniProt PF00593/PF07715 query; no experimental displacement label.,bronze_pseudo_or_self_supervised,bronze,0.1,UniProt,UniProt:PF00593_AND_PF07715,,745,,,,Q4QP67,6,afdb:downloaded
tbdt_q576d7,tbdt_q576d7_afdb_v6,tbdt,,Q576D7,,,raw_af2/AF-Q576D7-F1-model_v6.pdb,,unknown,unknown,unknown,unknown,,,,false,,,AFDB,,train,bronze AFDB-only TBDT homolog from UniProt PF00593/PF07715 query; no experimental displacement label.,bronze_pseudo_or_self_supervised,bronze,0.1,UniProt,UniProt:PF00593_AND_PF07715,,661,,,,Q576D7,6,afdb:downloaded
tbdt_q8fun0,tbdt_q8fun0_afdb_v6,tbdt,,Q8FUN0,,,raw_af2/AF-Q8FUN0-F1-model_v6.pdb,,unknown,unknown,unknown,unknown,,,,false,,,AFDB,,test,bronze AFDB-only TBDT homolog from UniProt PF00593/PF07715 query; no experimental displacement label.,bronze_pseudo_or_self_supervised,bronze,0.1,UniProt,UniProt:PF00593_AND_PF07715,,661,,,,Q8FUN0,6,afdb:downloaded
tbdt_q8yds0,tbdt_q8yds0_afdb_v6,tbdt,,Q8YDS0,,,raw_af2/AF-Q8YDS0-F1-model_v6.pdb,,unknown,unknown,unknown,unknown,,,,false,,,AFDB,,val,bronze AFDB-only TBDT homolog from UniProt PF00593/PF07715 query; no experimental displacement label.,bronze_pseudo_or_self_supervised,bronze,0.1,UniProt,UniProt:PF00593_AND_PF07715,,661,,,,Q8YDS0,6,afdb:downloaded
tbdt_q9jtk4,tbdt_q9jtk4_afdb_v6,tbdt,,Q9JTK4,,,raw_af2/AF-Q9JTK4-F1-model_v6.pdb,,unknown,unknown,unknown,unknown,,,,false,,,AFDB,,train,bronze AFDB-only TBDT homolog from UniProt PF00593/PF07715 query; no experimental displacement label.,bronze_pseudo_or_self_supervised,bronze,0.1,UniProt,UniProt:PF00593_AND_PF07715,,944,,,,Q9JTK4,6,afdb:downloaded
tbdt_a5f9g0,tbdt_a5f9g0_afdb_v6,tbdt,,A5F9G0,,,raw_af2/AF-A5F9G0-F1-model_v6.pdb,,unknown,unknown,unknown,unknown,,,,false,,,AFDB,,train,bronze AFDB-only TBDT homolog from UniProt PF00593/PF07715 query; no experimental displacement label.,bronze_pseudo_or_self_supervised,bronze,0.1,UniProt,UniProt:PF00593_AND_PF07715,,652,,,,A5F9G0,6,afdb:downloaded
tbdt_p45114,tbdt_p45114_afdb_v6,tbdt,,P45114,,,raw_af2/AF-P45114-F1-model_v6.pdb,,unknown,unknown,unknown,unknown,,,,false,,,AFDB,,train,bronze AFDB-only TBDT homolog from UniProt PF00593/PF07715 query; no experimental displacement label.,bronze_pseudo_or_self_supervised,bronze,0.1,UniProt,UniProt:PF00593_AND_PF07715,,913,,,,P45114,6,afdb:downloaded
tbdt_q7ddb6,tbdt_q7ddb6_afdb_v6,tbdt,,Q7DDB6,,,raw_af2/AF-Q7DDB6-F1-model_v6.pdb,,unknown,unknown,unknown,unknown,,,,false,,,AFDB,,test,bronze AFDB-only TBDT homolog from UniProt PF00593/PF07715 query; no experimental displacement label.,bronze_pseudo_or_self_supervised,bronze,0.1,UniProt,UniProt:PF00593_AND_PF07715,,921,,,,Q7DDB6,6,afdb:downloaded
tbdt_p96949,tbdt_p96949_afdb_v6,tbdt,,P96949,,,raw_af2/AF-P96949-F1-model_v6.pdb,,unknown,unknown,unknown,unknown,,,,false,,,AFDB,,train,bronze AFDB-only TBDT homolog from UniProt PF00593/PF07715 query; no experimental displacement label.,bronze_pseudo_or_self_supervised,bronze,0.1,UniProt,UniProt:PF00593_AND_PF07715,,810,,,,P96949,6,afdb:downloaded
tbdt_q1rec0,tbdt_q1rec0_afdb_v6,tbdt,,Q1REC0,,,raw_af2/AF-Q1REC0-F1-model_v6.pdb,,unknown,unknown,unknown,unknown,,,,false,,,AFDB,,train,bronze AFDB-only TBDT homolog from UniProt PF00593/PF07715 query; no experimental displacement label.,bronze_pseudo_or_self_supervised,bronze,0.1,UniProt,UniProt:PF00593_AND_PF07715,,760,,,,Q1REC0,6,afdb:downloaded
tbdt_q9jwa2,tbdt_q9jwa2_afdb_v6,tbdt,,Q9JWA2,,,raw_af2/AF-Q9JWA2-F1-model_v6.pdb,,unknown,unknown,unknown,unknown,,,,false,,,AFDB,,test,bronze AFDB-only TBDT homolog from UniProt PF00593/PF07715 query; no experimental displacement label.,bronze_pseudo_or_self_supervised,bronze,0.1,UniProt,UniProt:PF00593_AND_PF07715,,810,,,,Q9JWA2,6,afdb:downloaded
fyua_a1jtg3,fyua_a1jtg3_afdb_v6,fyua,fyua,A1JTG3,,,raw_af2/AF-A1JTG3-F1-model_v6.pdb,,unknown,unknown,unknown,unknown,,,,false,,,AFDB,,test,bronze AFDB-only TBDT homolog from UniProt PF00593/PF07715 query; no experimental displacement label.,bronze_pseudo_or_self_supervised,bronze,0.1,UniProt,UniProt:PF00593_AND_PF07715,,673,,,,A1JTG3,6,afdb:downloaded
btub_a7mxy8,btub_a7mxy8_afdb_v6,btub,btub,A7MXY8,,,raw_af2/AF-A7MXY8-F1-model_v6.pdb,,unknown,unknown,unknown,unknown,,,,false,,,AFDB,,train,bronze AFDB-only TBDT homolog from UniProt PF00593/PF07715 query; no experimental displacement label.,bronze_pseudo_or_self_supervised,bronze,0.1,UniProt,UniProt:PF00593_AND_PF07715,,617,,,,A7MXY8,6,afdb:downloaded
tbdt_e1w8m5,tbdt_e1w8m5_afdb_v6,tbdt,,E1W8M5,,,raw_af2/AF-E1W8M5-F1-model_v6.pdb,,unknown,unknown,unknown,unknown,,,,false,,,AFDB,,train,bronze AFDB-only TBDT homolog from UniProt PF00593/PF07715 query; no experimental displacement label.,bronze_pseudo_or_self_supervised,bronze,0.1,UniProt,UniProt:PF00593_AND_PF07715,,702,,,,E1W8M5,6,afdb:downloaded
tbdt_p0c6r0,tbdt_p0c6r0_afdb_v6,tbdt,,P0C6R0,,,raw_af2/AF-P0C6R0-F1-model_v6.pdb,,unknown,unknown,unknown,unknown,,,,false,,,AFDB,,test,bronze AFDB-only TBDT homolog from UniProt PF00593/PF07715 query; no experimental displacement label.,bronze_pseudo_or_self_supervised,bronze,0.1,UniProt,UniProt:PF00593_AND_PF07715,,652,,,,P0C6R0,6,afdb:downloaded
tbdt_p44600,tbdt_p44600_afdb_v6,tbdt,,P44600,,,raw_af2/AF-P44600-F1-model_v6.pdb,,unknown,unknown,unknown,unknown,,,,false,,,AFDB,,train,bronze AFDB-only TBDT homolog from UniProt PF00593/PF07715 query; no experimental displacement label.,bronze_pseudo_or_self_supervised,bronze,0.1,UniProt,UniProt:PF00593_AND_PF07715,,723,,,,P44600,6,afdb:downloaded
tbdt_p45357,tbdt_p45357_afdb_v6,tbdt,,P45357,,,raw_af2/AF-P45357-F1-model_v6.pdb,,unknown,unknown,unknown,unknown,,,,false,,,AFDB,,train,bronze AFDB-only TBDT homolog from UniProt PF00593/PF07715 query; no experimental displacement label.,bronze_pseudo_or_self_supervised,bronze,0.1,UniProt,UniProt:PF00593_AND_PF07715,,725,,,,P45357,6,afdb:downloaded
btub_q7mq42,btub_q7mq42_afdb_v6,btub,btub,Q7MQ42,,,raw_af2/AF-Q7MQ42-F1-model_v6.pdb,,unknown,unknown,unknown,unknown,,,,false,,,AFDB,,train,bronze AFDB-only TBDT homolog from UniProt PF00593/PF07715 query; no experimental displacement label.,bronze_pseudo_or_self_supervised,bronze,0.1,UniProt,UniProt:PF00593_AND_PF07715,,613,,,,Q7MQ42,6,afdb:downloaded
btub_q87kn9,btub_q87kn9_afdb_v6,btub,btub,Q87KN9,,,raw_af2/AF-Q87KN9-F1-model_v6.pdb,,unknown,unknown,unknown,unknown,,,,false,,,AFDB,,train,bronze AFDB-only TBDT homolog from UniProt PF00593/PF07715 query; no experimental displacement label.,bronze_pseudo_or_self_supervised,bronze,0.1,UniProt,UniProt:PF00593_AND_PF07715,,624,,,,Q87KN9,6,afdb:downloaded
btub_a5f4p6,btub_a5f4p6_afdb_v6,btub,btub,A5F4P6,,,raw_af2/AF-A5F4P6-F1-model_v6.pdb,,unknown,unknown,unknown,unknown,,,,false,,,AFDB,,train,bronze AFDB-only TBDT homolog from UniProt PF00593/PF07715 query; no experimental displacement label.,bronze_pseudo_or_self_supervised,bronze,0.1,UniProt,UniProt:PF00593_AND_PF07715,,611,,,,A5F4P6,6,afdb:downloaded
tbdt_p44523,tbdt_p44523_afdb_v6,tbdt,,P44523,,,raw_af2/AF-P44523-F1-model_v6.pdb,,unknown,unknown,unknown,unknown,,,,false,,,AFDB,,train,bronze AFDB-only TBDT homolog from UniProt PF00593/PF07715 query; no experimental displacement label.,bronze_pseudo_or_self_supervised,bronze,0.1,UniProt,UniProt:PF00593_AND_PF07715,,744,,,,P44523,6,afdb:failed
tbdt_p44970,tbdt_p44970_afdb_v6,tbdt,,P44970,,,raw_af2/AF-P44970-F1-model_v6.pdb,,unknown,unknown,unknown,unknown,,,,false,,,AFDB,,train,bronze AFDB-only TBDT homolog from UniProt PF00593/PF07715 query; no experimental displacement label.,bronze_pseudo_or_self_supervised,bronze,0.1,UniProt,UniProt:PF00593_AND_PF07715,,912,,,,P44970,6,afdb:downloaded
tbdt_q4qns6,tbdt_q4qns6_afdb_v6,tbdt,,Q4QNS6,,,raw_af2/AF-Q4QNS6-F1-model_v6.pdb,,unknown,unknown,unknown,unknown,,,,false,,,AFDB,,val,bronze AFDB-only TBDT homolog from UniProt PF00593/PF07715 query; no experimental displacement label.,bronze_pseudo_or_self_supervised,bronze,0.1,UniProt,UniProt:PF00593_AND_PF07715,,709,,,,Q4QNS6,6,afdb:downloaded
btub_q6llu3,btub_q6llu3_afdb_v6,btub,btub,Q6LLU3,,,raw_af2/AF-Q6LLU3-F1-model_v6.pdb,,unknown,unknown,unknown,unknown,,,,false,,,AFDB,,train,bronze AFDB-only TBDT homolog from UniProt PF00593/PF07715 query; no experimental displacement label.,bronze_pseudo_or_self_supervised,bronze,0.1,UniProt,UniProt:PF00593_AND_PF07715,,606,,,,Q6LLU3,6,afdb:downloaded
tbdt_q7vnu1,tbdt_q7vnu1_afdb_v6,tbdt,,Q7VNU1,,,raw_af2/AF-Q7VNU1-F1-model_v6.pdb,,unknown,unknown,unknown,unknown,,,,false,,,AFDB,,train,bronze AFDB-only TBDT homolog from UniProt PF00593/PF07715 query; no experimental displacement label.,bronze_pseudo_or_self_supervised,bronze,0.1,UniProt,UniProt:PF00593_AND_PF07715,,739,,,,Q7VNU1,6,afdb:downloaded
tbdt_q8cw90,tbdt_q8cw90_afdb_v6,tbdt,,Q8CW90,,,raw_af2/AF-Q8CW90-F1-model_v6.pdb,,unknown,unknown,unknown,unknown,,,,false,,,AFDB,,test,bronze AFDB-only TBDT homolog from UniProt PF00593/PF07715 query; no experimental displacement label.,bronze_pseudo_or_self_supervised,bronze,0.1,UniProt,UniProt:PF00593_AND_PF07715,,760,,,,Q8CW90,6,afdb:downloaded
btub_q8dd41,btub_q8dd41_afdb_v6,btub,btub,Q8DD41,,,raw_af2/AF-Q8DD41-F1-model_v6.pdb,,unknown,unknown,unknown,unknown,,,,false,,,AFDB,,train,bronze AFDB-only TBDT homolog from UniProt PF00593/PF07715 query; no experimental displacement label.,bronze_pseudo_or_self_supervised,bronze,0.1,UniProt,UniProt:PF00593_AND_PF07715,,606,,,,Q8DD41,6,afdb:downloaded
tbdt_q8x7w7,tbdt_q8x7w7_afdb_v6,tbdt,,Q8X7W7,,,raw_af2/AF-Q8X7W7-F1-model_v6.pdb,,unknown,unknown,unknown,unknown,,,,false,,,AFDB,,train,bronze AFDB-only TBDT homolog from UniProt PF00593/PF07715 query; no experimental displacement label.,bronze_pseudo_or_self_supervised,bronze,0.1,UniProt,UniProt:PF00593_AND_PF07715,,760,,,,Q8X7W7,6,afdb:downloaded
tbdt_t2km18,tbdt_t2km18_afdb_v6,tbdt,,T2KM18,,,raw_af2/AF-T2KM18-F1-model_v6.pdb,,unknown,unknown,unknown,unknown,,,,false,,,AFDB,,train,bronze AFDB-only TBDT homolog from UniProt PF00593/PF07715 query; no experimental displacement label.,bronze_pseudo_or_self_supervised,bronze,0.1,UniProt,UniProt:PF00593_AND_PF07715,,990,,,,T2KM18,6,afdb:downloaded
tbdt_a0a3m5jef3,tbdt_a0a3m5jef3_afdb_v6,tbdt,,A0A3M5JEF3,,,raw_af2/AF-A0A3M5JEF3-F1-model_v6.pdb,,unknown,unknown,unknown,unknown,,,,false,,,AFDB,,val,bronze AFDB-only TBDT homolog from UniProt PF00593/PF07715 query; no experimental displacement label.,bronze_pseudo_or_self_supervised,bronze,0.1,UniProt,UniProt:PF00593_AND_PF07715,,989,,,,A0A3M5JEF3,6,afdb:downloaded
tbdt_a0a3m5fqe9,tbdt_a0a3m5fqe9_afdb_v6,tbdt,,A0A3M5FQE9,,,raw_af2/AF-A0A3M5FQE9-F1-model_v6.pdb,,unknown,unknown,unknown,unknown,,,,false,,,AFDB,,train,bronze AFDB-only TBDT homolog from UniProt PF00593/PF07715 query; no experimental displacement label.,bronze_pseudo_or_self_supervised,bronze,0.1,UniProt,UniProt:PF00593_AND_PF07715,,989,,,,A0A3M5FQE9,6,afdb:downloaded
btub_a0a024l604,btub_a0a024l604_afdb_v6,btub,btub,A0A024L604,,,raw_af2/AF-A0A024L604-F1-model_v6.pdb,,unknown,unknown,unknown,unknown,,,,false,,,AFDB,,train,bronze AFDB-only TBDT homolog from UniProt PF00593/PF07715 query; no experimental displacement label.,bronze_pseudo_or_self_supervised,bronze,0.1,UniProt,UniProt:PF00593_AND_PF07715,,614,,,,A0A024L604,6,afdb:downloaded
btub_a0a066pv50,btub_a0a066pv50_afdb_v6,btub,btub,A0A066PV50,,,raw_af2/AF-A0A066PV50-F1-model_v6.pdb,,unknown,unknown,unknown,unknown,,,,false,,,AFDB,,val,bronze AFDB-only TBDT homolog from UniProt PF00593/PF07715 query; no experimental displacement label.,bronze_pseudo_or_self_supervised,bronze,0.1,UniProt,UniProt:PF00593_AND_PF07715,,614,,,,A0A066PV50,6,afdb:downloaded
btub_a0a068r872,btub_a0a068r872_afdb_v6,btub,btub,A0A068R872,,,raw_af2/AF-A0A068R872-F1-model_v6.pdb,,unknown,unknown,unknown,unknown,,,,false,,,AFDB,,train,bronze AFDB-only TBDT homolog from UniProt PF00593/PF07715 query; no experimental displacement label.,bronze_pseudo_or_self_supervised,bronze,0.1,UniProt,UniProt:PF00593_AND_PF07715,,612,,,,A0A068R872,6,afdb:downloaded
btub_a0a077nk00,btub_a0a077nk00_afdb_v6,btub,btub,A0A077NK00,,,raw_af2/AF-A0A077NK00-F1-model_v6.pdb,,unknown,unknown,unknown,unknown,,,,false,,,AFDB,,train,bronze AFDB-only TBDT homolog from UniProt PF00593/PF07715 query; no experimental displacement label.,bronze_pseudo_or_self_supervised,bronze,0.1,UniProt,UniProt:PF00593_AND_PF07715,,616,,,,A0A077NK00,6,afdb:downloaded
btub_a0a085fzg0,btub_a0a085fzg0_afdb_v6,btub,btub,A0A085FZG0,,,raw_af2/AF-A0A085FZG0-F1-model_v6.pdb,,unknown,unknown,unknown,unknown,,,,false,,,AFDB,,test,bronze AFDB-only TBDT homolog from UniProt PF00593/PF07715 query; no experimental displacement label.,bronze_pseudo_or_self_supervised,bronze,0.1,UniProt,UniProt:PF00593_AND_PF07715,,622,,,,A0A085FZG0,6,afdb:downloaded
btub_a0a089q220,btub_a0a089q220_afdb_v6,btub,btub,A0A089Q220,,,raw_af2/AF-A0A089Q220-F1-model_v6.pdb,,unknown,unknown,unknown,unknown,,,,false,,,AFDB,,train,bronze AFDB-only TBDT homolog from UniProt PF00593/PF07715 query; no experimental displacement label.,bronze_pseudo_or_self_supervised,bronze,0.1,UniProt,UniProt:PF00593_AND_PF07715,,615,,,,A0A089Q220,6,afdb:downloaded
btub_a0a0e2kyh3,btub_a0a0e2kyh3_afdb_v6,btub,btub,A0A0E2KYH3,,,raw_af2/AF-A0A0E2KYH3-F1-model_v6.pdb,,unknown,unknown,unknown,unknown,,,,false,,,AFDB,,train,bronze AFDB-only TBDT homolog from UniProt PF00593/PF07715 query; no experimental displacement label.,bronze_pseudo_or_self_supervised,bronze,0.1,UniProt,UniProt:PF00593_AND_PF07715,,614,,,,A0A0E2KYH3,6,afdb:downloaded
btub_a0a0f1a3w4,btub_a0a0f1a3w4_afdb_v6,btub,btub,A0A0F1A3W4,,,raw_af2/AF-A0A0F1A3W4-F1-model_v6.pdb,,unknown,unknown,unknown,unknown,,,,false,,,AFDB,,train,bronze AFDB-only TBDT homolog from UniProt PF00593/PF07715 query; no experimental displacement label.,bronze_pseudo_or_self_supervised,bronze,0.1,UniProt,UniProt:PF00593_AND_PF07715,,612,,,,A0A0F1A3W4,6,afdb:downloaded
btub_a0a0f6b9w9,btub_a0a0f6b9w9_afdb_v6,btub,btub,A0A0F6B9W9,,,raw_af2/AF-A0A0F6B9W9-F1-model_v6.pdb,,unknown,unknown,unknown,unknown,,,,false,,,AFDB,,test,bronze AFDB-only TBDT homolog from UniProt PF00593/PF07715 query; no experimental displacement label.,bronze_pseudo_or_self_supervised,bronze,0.1,UniProt,UniProt:PF00593_AND_PF07715,,614,,,,A0A0F6B9W9,6,afdb:downloaded
btub_a0a0h3duq0,btub_a0a0h3duq0_afdb_v6,btub,btub,A0A0H3DUQ0,,,raw_af2/AF-A0A0H3DUQ0-F1-model_v6.pdb,,unknown,unknown,unknown,unknown,,,,false,,,AFDB,,train,bronze AFDB-only TBDT homolog from UniProt PF00593/PF07715 query; no experimental displacement label.,bronze_pseudo_or_self_supervised,bronze,0.1,UniProt,UniProt:PF00593_AND_PF07715,,615,,,,A0A0H3DUQ0,6,afdb:downloaded
btub_a0a0h3fp11,btub_a0a0h3fp11_afdb_v6,btub,btub,A0A0H3FP11,,,raw_af2/AF-A0A0H3FP11-F1-model_v6.pdb,,unknown,unknown,unknown,unknown,,,,false,,,AFDB,,train,bronze AFDB-only TBDT homolog from UniProt PF00593/PF07715 query; no experimental displacement label.,bronze_pseudo_or_self_supervised,bronze,0.1,UniProt,UniProt:PF00593_AND_PF07715,,615,,,,A0A0H3FP11,6,afdb:downloaded
btub_a0a0h3h423,btub_a0a0h3h423_afdb_v6,btub,btub,A0A0H3H423,,,raw_af2/AF-A0A0H3H423-F1-model_v6.pdb,,unknown,unknown,unknown,unknown,,,,false,,,AFDB,,val,bronze AFDB-only TBDT homolog from UniProt PF00593/PF07715 query; no experimental displacement label.,bronze_pseudo_or_self_supervised,bronze,0.1,UniProt,UniProt:PF00593_AND_PF07715,,622,,,,A0A0H3H423,6,afdb:downloaded
btub_a0a0h3hyc6,btub_a0a0h3hyc6_afdb_v6,btub,btub,A0A0H3HYC6,,,raw_af2/AF-A0A0H3HYC6-F1-model_v6.pdb,,unknown,unknown,unknown,unknown,,,,false,,,AFDB,,train,bronze AFDB-only TBDT homolog from UniProt PF00593/PF07715 query; no experimental displacement label.,bronze_pseudo_or_self_supervised,bronze,0.1,UniProt,UniProt:PF00593_AND_PF07715,,631,,,,A0A0H3HYC6,6,afdb:downloaded
btub_a0a0h3l130,btub_a0a0h3l130_afdb_v6,btub,btub,A0A0H3L130,,,raw_af2/AF-A0A0H3L130-F1-model_v6.pdb,,unknown,unknown,unknown,unknown,,,,false,,,AFDB,,train,bronze AFDB-only TBDT homolog from UniProt PF00593/PF07715 query; no experimental displacement label.,bronze_pseudo_or_self_supervised,bronze,0.1,UniProt,UniProt:PF00593_AND_PF07715,,654,,,,A0A0H3L130,6,afdb:downloaded
btub_a0a0h3pra4,btub_a0a0h3pra4_afdb_v6,btub,btub,A0A0H3PRA4,,,raw_af2/AF-A0A0H3PRA4-F1-model_v6.pdb,,unknown,unknown,unknown,unknown,,,,false,,,AFDB,,train,bronze AFDB-only TBDT homolog from UniProt PF00593/PF07715 query; no experimental displacement label.,bronze_pseudo_or_self_supervised,bronze,0.1,UniProt,UniProt:PF00593_AND_PF07715,,614,,,,A0A0H3PRA4,6,afdb:downloaded
btub_a0a0h5hev5,btub_a0a0h5hev5_afdb_v6,btub,btub,A0A0H5HEV5,,,raw_af2/AF-A0A0H5HEV5-F1-model_v6.pdb,,unknown,unknown,unknown,unknown,,,,false,,,AFDB,,train,bronze AFDB-only TBDT homolog from UniProt PF00593/PF07715 query; no experimental displacement label.,bronze_pseudo_or_self_supervised,bronze,0.1,UniProt,UniProt:PF00593_AND_PF07715,,632,,,,A0A0H5HEV5,6,afdb:downloaded
btub_a0a0j8vsy2,btub_a0a0j8vsy2_afdb_v6,btub,btub,A0A0J8VSY2,,,raw_af2/AF-A0A0J8VSY2-F1-model_v6.pdb,,unknown,unknown,unknown,unknown,,,,false,,,AFDB,,train,bronze AFDB-only TBDT homolog from UniProt PF00593/PF07715 query; no experimental displacement label.,bronze_pseudo_or_self_supervised,bronze,0.1,UniProt,UniProt:PF00593_AND_PF07715,,614,,,,A0A0J8VSY2,6,afdb:downloaded
btub_a0a0l6npp1,btub_a0a0l6npp1_afdb_v6,btub,btub,A0A0L6NPP1,,,raw_af2/AF-A0A0L6NPP1-F1-model_v6.pdb,,unknown,unknown,unknown,unknown,,,,false,,,AFDB,,train,bronze AFDB-only TBDT homolog from UniProt PF00593/PF07715 query; no experimental displacement label.,bronze_pseudo_or_self_supervised,bronze,0.1,UniProt,UniProt:PF00593_AND_PF07715,,627,,,,A0A0L6NPP1,6,afdb:downloaded
btub_a0a0l7tdc5,btub_a0a0l7tdc5_afdb_v6,btub,btub,A0A0L7TDC5,,,raw_af2/AF-A0A0L7TDC5-F1-model_v6.pdb,,unknown,unknown,unknown,unknown,,,,false,,,AFDB,,test,bronze AFDB-only TBDT homolog from UniProt PF00593/PF07715 query; no experimental displacement label.,bronze_pseudo_or_self_supervised,bronze,0.1,UniProt,UniProt:PF00593_AND_PF07715,,627,,,,A0A0L7TDC5,6,afdb:downloaded
btub_a0a0q3iy48,btub_a0a0q3iy48_afdb_v6,btub,btub,A0A0Q3IY48,,,raw_af2/AF-A0A0Q3IY48-F1-model_v6.pdb,,unknown,unknown,unknown,unknown,,,,false,,,AFDB,,val,bronze AFDB-only TBDT homolog from UniProt PF00593/PF07715 query; no experimental displacement label.,bronze_pseudo_or_self_supervised,bronze,0.1,UniProt,UniProt:PF00593_AND_PF07715,,614,,,,A0A0Q3IY48,6,afdb:downloaded
btub_a0a0t9umg6,btub_a0a0t9umg6_afdb_v6,btub,btub,A0A0T9UMG6,,,raw_af2/AF-A0A0T9UMG6-F1-model_v6.pdb,,unknown,unknown,unknown,unknown,,,,false,,,AFDB,,val,bronze AFDB-only TBDT homolog from UniProt PF00593/PF07715 query; no experimental displacement label.,bronze_pseudo_or_self_supervised,bronze,0.1,UniProt,UniProt:PF00593_AND_PF07715,,626,,,,A0A0T9UMG6,6,afdb:downloaded
btub_a0a0t9uyu8,btub_a0a0t9uyu8_afdb_v6,btub,btub,A0A0T9UYU8,,,raw_af2/AF-A0A0T9UYU8-F1-model_v6.pdb,,unknown,unknown,unknown,unknown,,,,false,,,AFDB,,train,bronze AFDB-only TBDT homolog from UniProt PF00593/PF07715 query; no experimental displacement label.,bronze_pseudo_or_self_supervised,bronze,0.1,UniProt,UniProt:PF00593_AND_PF07715,,627,,,,A0A0T9UYU8,6,afdb:downloaded
btub_a0a0u3iy22,btub_a0a0u3iy22_afdb_v6,btub,btub,A0A0U3IY22,,,raw_af2/AF-A0A0U3IY22-F1-model_v6.pdb,,unknown,unknown,unknown,unknown,,,,false,,,AFDB,,val,bronze AFDB-only TBDT homolog from UniProt PF00593/PF07715 query; no experimental displacement label.,bronze_pseudo_or_self_supervised,bronze,0.1,UniProt,UniProt:PF00593_AND_PF07715,,612,,,,A0A0U3IY22,6,afdb:downloaded
btub_a0a0x4egn7,btub_a0a0x4egn7_afdb_v6,btub,btub,A0A0X4EGN7,,,raw_af2/AF-A0A0X4EGN7-F1-model_v6.pdb,,unknown,unknown,unknown,unknown,,,,false,,,AFDB,,train,bronze AFDB-only TBDT homolog from UniProt PF00593/PF07715 query; no experimental displacement label.,bronze_pseudo_or_self_supervised,bronze,0.1,UniProt,UniProt:PF00593_AND_PF07715,,612,,,,A0A0X4EGN7,6,afdb:downloaded
btub_a0a144sja8,btub_a0a144sja8_afdb_v6,btub,btub,A0A144SJA8,,,raw_af2/AF-A0A144SJA8-F1-model_v6.pdb,,unknown,unknown,unknown,unknown,,,,false,,,AFDB,,train,bronze AFDB-only TBDT homolog from UniProt PF00593/PF07715 query; no experimental displacement label.,bronze_pseudo_or_self_supervised,bronze,0.1,UniProt,UniProt:PF00593_AND_PF07715,,615,,,,A0A144SJA8,6,afdb:downloaded
btub_a0a157btl9,btub_a0a157btl9_afdb_v6,btub,btub,A0A157BTL9,,,raw_af2/AF-A0A157BTL9-F1-model_v6.pdb,,unknown,unknown,unknown,unknown,,,,false,,,AFDB,,train,bronze AFDB-only TBDT homolog from UniProt PF00593/PF07715 query; no experimental displacement label.,bronze_pseudo_or_self_supervised,bronze,0.1,UniProt,UniProt:PF00593_AND_PF07715,,617,,,,A0A157BTL9,6,afdb:downloaded
btub_a0a1b7hik1,btub_a0a1b7hik1_afdb_v6,btub,btub,A0A1B7HIK1,,,raw_af2/AF-A0A1B7HIK1-F1-model_v6.pdb,,unknown,unknown,unknown,unknown,,,,false,,,AFDB,,test,bronze AFDB-only TBDT homolog from UniProt PF00593/PF07715 query; no experimental displacement label.,bronze_pseudo_or_self_supervised,bronze,0.1,UniProt,UniProt:PF00593_AND_PF07715,,620,,,,A0A1B7HIK1,6,afdb:downloaded
btub_a0a1b8ypb5,btub_a0a1b8ypb5_afdb_v6,btub,btub,A0A1B8YPB5,,,raw_af2/AF-A0A1B8YPB5-F1-model_v6.pdb,,unknown,unknown,unknown,unknown,,,,false,,,AFDB,,train,bronze AFDB-only TBDT homolog from UniProt PF00593/PF07715 query; no experimental displacement label.,bronze_pseudo_or_self_supervised,bronze,0.1,UniProt,UniProt:PF00593_AND_PF07715,,619,,,,A0A1B8YPB5,6,afdb:downloaded
btub_a0a1g5rj28,btub_a0a1g5rj28_afdb_v6,btub,btub,A0A1G5RJ28,,,raw_af2/AF-A0A1G5RJ28-F1-model_v6.pdb,,unknown,unknown,unknown,unknown,,,,false,,,AFDB,,train,bronze AFDB-only TBDT homolog from UniProt PF00593/PF07715 query; no experimental displacement label.,bronze_pseudo_or_self_supervised,bronze,0.1,UniProt,UniProt:PF00593_AND_PF07715,,619,,,,A0A1G5RJ28,6,afdb:downloaded
btub_a0a1i3u1y4,btub_a0a1i3u1y4_afdb_v6,btub,btub,A0A1I3U1Y4,,,raw_af2/AF-A0A1I3U1Y4-F1-model_v6.pdb,,unknown,unknown,unknown,unknown,,,,false,,,AFDB,,val,bronze AFDB-only TBDT homolog from UniProt PF00593/PF07715 query; no experimental displacement label.,bronze_pseudo_or_self_supervised,bronze,0.1,UniProt,UniProt:PF00593_AND_PF07715,,612,,,,A0A1I3U1Y4,6,afdb:downloaded
btub_a0a1i5bj50,btub_a0a1i5bj50_afdb_v6,btub,btub,A0A1I5BJ50,,,raw_af2/AF-A0A1I5BJ50-F1-model_v6.pdb,,unknown,unknown,unknown,unknown,,,,false,,,AFDB,,train,bronze AFDB-only TBDT homolog from UniProt PF00593/PF07715 query; no experimental displacement label.,bronze_pseudo_or_self_supervised,bronze,0.1,UniProt,UniProt:PF00593_AND_PF07715,,609,,,,A0A1I5BJ50,6,afdb:downloaded
btub_a0a1s0zql6,btub_a0a1s0zql6_afdb_v6,btub,btub,A0A1S0ZQL6,,,raw_af2/AF-A0A1S0ZQL6-F1-model_v6.pdb,,unknown,unknown,unknown,unknown,,,,false,,,AFDB,,test,bronze AFDB-only TBDT homolog from UniProt PF00593/PF07715 query; no experimental displacement label.,bronze_pseudo_or_self_supervised,bronze,0.1,UniProt,UniProt:PF00593_AND_PF07715,,618,,,,A0A1S0ZQL6,6,afdb:downloaded
btub_a0a1s8cgk9,btub_a0a1s8cgk9_afdb_v6,btub,btub,A0A1S8CGK9,,,raw_af2/AF-A0A1S8CGK9-F1-model_v6.pdb,,unknown,unknown,unknown,unknown,,,,false,,,AFDB,,train,bronze AFDB-only TBDT homolog from UniProt PF00593/PF07715 query; no experimental displacement label.,bronze_pseudo_or_self_supervised,bronze,0.1,UniProt,UniProt:PF00593_AND_PF07715,,630,,,,A0A1S8CGK9,6,afdb:downloaded
btub_a0a1s8yhi1,btub_a0a1s8yhi1_afdb_v6,btub,btub,A0A1S8YHI1,,,raw_af2/AF-A0A1S8YHI1-F1-model_v6.pdb,,unknown,unknown,unknown,unknown,,,,false,,,AFDB,,test,bronze AFDB-only TBDT homolog from UniProt PF00593/PF07715 query; no experimental displacement label.,bronze_pseudo_or_self_supervised,bronze,0.1,UniProt,UniProt:PF00593_AND_PF07715,,628,,,,A0A1S8YHI1,6,afdb:downloaded
btub_a0a1v2qyn6,btub_a0a1v2qyn6_afdb_v6,btub,btub,A0A1V2QYN6,,,raw_af2/AF-A0A1V2QYN6-F1-model_v6.pdb,,unknown,unknown,unknown,unknown,,,,false,,,AFDB,,train,bronze AFDB-only TBDT homolog from UniProt PF00593/PF07715 query; no experimental displacement label.,bronze_pseudo_or_self_supervised,bronze,0.1,UniProt,UniProt:PF00593_AND_PF07715,,625,,,,A0A1V2QYN6,6,afdb:downloaded
btub_a0a1v8nve2,btub_a0a1v8nve2_afdb_v6,btub,btub,A0A1V8NVE2,,,raw_af2/AF-A0A1V8NVE2-F1-model_v6.pdb,,unknown,unknown,unknown,unknown,,,,false,,,AFDB,,train,bronze AFDB-only TBDT homolog from UniProt PF00593/PF07715 query; no experimental displacement label.,bronze_pseudo_or_self_supervised,bronze,0.1,UniProt,UniProt:PF00593_AND_PF07715,,612,,,,A0A1V8NVE2,6,afdb:downloaded
btub_a0a1v9de89,btub_a0a1v9de89_afdb_v6,btub,btub,A0A1V9DE89,,,raw_af2/AF-A0A1V9DE89-F1-model_v6.pdb,,unknown,unknown,unknown,unknown,,,,false,,,AFDB,,train,bronze AFDB-only TBDT homolog from UniProt PF00593/PF07715 query; no experimental displacement label.,bronze_pseudo_or_self_supervised,bronze,0.1,UniProt,UniProt:PF00593_AND_PF07715,,626,,,,A0A1V9DE89,6,afdb:downloaded
btub_a0a1x0wdy3,btub_a0a1x0wdy3_afdb_v6,btub,btub,A0A1X0WDY3,,,raw_af2/AF-A0A1X0WDY3-F1-model_v6.pdb,,unknown,unknown,unknown,unknown,,,,false,,,AFDB,,train,bronze AFDB-only TBDT homolog from UniProt PF00593/PF07715 query; no experimental displacement label.,bronze_pseudo_or_self_supervised,bronze,0.1,UniProt,UniProt:PF00593_AND_PF07715,,624,,,,A0A1X0WDY3,6,afdb:downloaded
btub_a0a1x1dcv3,btub_a0a1x1dcv3_afdb_v6,btub,btub,A0A1X1DCV3,,,raw_af2/AF-A0A1X1DCV3-F1-model_v6.pdb,,unknown,unknown,unknown,unknown,,,,false,,,AFDB,,train,bronze AFDB-only TBDT homolog from UniProt PF00593/PF07715 query; no experimental displacement label.,bronze_pseudo_or_self_supervised,bronze,0.1,UniProt,UniProt:PF00593_AND_PF07715,,624,,,,A0A1X1DCV3,6,afdb:downloaded
btub_a0a210g2u3,btub_a0a210g2u3_afdb_v6,btub,btub,A0A210G2U3,,,raw_af2/AF-A0A210G2U3-F1-model_v6.pdb,,unknown,unknown,unknown,unknown,,,,false,,,AFDB,,test,bronze AFDB-only TBDT homolog from UniProt PF00593/PF07715 query; no experimental displacement label.,bronze_pseudo_or_self_supervised,bronze,0.1,UniProt,UniProt:PF00593_AND_PF07715,,614,,,,A0A210G2U3,6,afdb:downloaded
btub_a0a212is16,btub_a0a212is16_afdb_v6,btub,btub,A0A212IS16,,,raw_af2/AF-A0A212IS16-F1-model_v6.pdb,,unknown,unknown,unknown,unknown,,,,false,,,AFDB,,train,bronze AFDB-only TBDT homolog from UniProt PF00593/PF07715 query; no experimental displacement label.,bronze_pseudo_or_self_supervised,bronze,0.1,UniProt,UniProt:PF00593_AND_PF07715,,618,,,,A0A212IS16,6,afdb:downloaded
btub_a0a250b8f8,btub_a0a250b8f8_afdb_v6,btub,btub,A0A250B8F8,,,raw_af2/AF-A0A250B8F8-F1-model_v6.pdb,,unknown,unknown,unknown,unknown,,,,false,,,AFDB,,train,bronze AFDB-only TBDT homolog from UniProt PF00593/PF07715 query; no experimental displacement label.,bronze_pseudo_or_self_supervised,bronze,0.1,UniProt,UniProt:PF00593_AND_PF07715,,622,,,,A0A250B8F8,6,afdb:downloaded
btub_a0a2a5mfd3,btub_a0a2a5mfd3_afdb_v6,btub,btub,A0A2A5MFD3,,,raw_af2/AF-A0A2A5MFD3-F1-model_v6.pdb,,unknown,unknown,unknown,unknown,,,,false,,,AFDB,,train,bronze AFDB-only TBDT homolog from UniProt PF00593/PF07715 query; no experimental displacement label.,bronze_pseudo_or_self_supervised,bronze,0.1,UniProt,UniProt:PF00593_AND_PF07715,,612,,,,A0A2A5MFD3,6,afdb:downloaded
btub_a0a2a6q273,btub_a0a2a6q273_afdb_v6,btub,btub,A0A2A6Q273,,,raw_af2/AF-A0A2A6Q273-F1-model_v6.pdb,,unknown,unknown,unknown,unknown,,,,false,,,AFDB,,train,bronze AFDB-only TBDT homolog from UniProt PF00593/PF07715 query; no experimental displacement label.,bronze_pseudo_or_self_supervised,bronze,0.1,UniProt,UniProt:PF00593_AND_PF07715,,614,,,,A0A2A6Q273,6,afdb:downloaded
btub_a0a2c9p5b6,btub_a0a2c9p5b6_afdb_v6,btub,btub,A0A2C9P5B6,,,raw_af2/AF-A0A2C9P5B6-F1-model_v6.pdb,,unknown,unknown,unknown,unknown,,,,false,,,AFDB,,train,bronze AFDB-only TBDT homolog from UniProt PF00593/PF07715 query; no experimental displacement label.,bronze_pseudo_or_self_supervised,bronze,0.1,UniProt,UniProt:PF00593_AND_PF07715,,614,,,,A0A2C9P5B6,6,afdb:downloaded
btub_a0a2d0kfv3,btub_a0a2d0kfv3_afdb_v6,btub,btub,A0A2D0KFV3,,,raw_af2/AF-A0A2D0KFV3-F1-model_v6.pdb,,unknown,unknown,unknown,unknown,,,,false,,,AFDB,,val,bronze AFDB-only TBDT homolog from UniProt PF00593/PF07715 query; no experimental displacement label.,bronze_pseudo_or_self_supervised,bronze,0.1,UniProt,UniProt:PF00593_AND_PF07715,,612,,,,A0A2D0KFV3,6,afdb:downloaded
btub_a0a2g0qei2,btub_a0a2g0qei2_afdb_v6,btub,btub,A0A2G0QEI2,,,raw_af2/AF-A0A2G0QEI2-F1-model_v6.pdb,,unknown,unknown,unknown,unknown,,,,false,,,AFDB,,train,bronze AFDB-only TBDT homolog from UniProt PF00593/PF07715 query; no experimental displacement label.,bronze_pseudo_or_self_supervised,bronze,0.1,UniProt,UniProt:PF00593_AND_PF07715,,657,,,,A0A2G0QEI2,6,afdb:downloaded
btub_a0a2k3trj0,btub_a0a2k3trj0_afdb_v6,btub,btub,A0A2K3TRJ0,,,raw_af2/AF-A0A2K3TRJ0-F1-model_v6.pdb,,unknown,unknown,unknown,unknown,,,,false,,,AFDB,,train,bronze AFDB-only TBDT homolog from UniProt PF00593/PF07715 query; no experimental displacement label.,bronze_pseudo_or_self_supervised,bronze,0.1,UniProt,UniProt:PF00593_AND_PF07715,,614,,,,A0A2K3TRJ0,6,afdb:downloaded
btub_a0a2n5ekz9,btub_a0a2n5ekz9_afdb_v6,btub,btub,A0A2N5EKZ9,,,raw_af2/AF-A0A2N5EKZ9-F1-model_v6.pdb,,unknown,unknown,unknown,unknown,,,,false,,,AFDB,,test,bronze AFDB-only TBDT homolog from UniProt PF00593/PF07715 query; no experimental displacement label.,bronze_pseudo_or_self_supervised,bronze,0.1,UniProt,UniProt:PF00593_AND_PF07715,,626,,,,A0A2N5EKZ9,6,afdb:downloaded
btub_a0a2p1vrx2,btub_a0a2p1vrx2_afdb_v6,btub,btub,A0A2P1VRX2,,,raw_af2/AF-A0A2P1VRX2-F1-model_v6.pdb,,unknown,unknown,unknown,unknown,,,,false,,,AFDB,,train,bronze AFDB-only TBDT homolog from UniProt PF00593/PF07715 query; no experimental displacement label.,bronze_pseudo_or_self_supervised,bronze,0.1,UniProt,UniProt:PF00593_AND_PF07715,,623,,,,A0A2P1VRX2,6,afdb:downloaded
btub_a0a2p5gld7,btub_a0a2p5gld7_afdb_v6,btub,btub,A0A2P5GLD7,,,raw_af2/AF-A0A2P5GLD7-F1-model_v6.pdb,,unknown,unknown,unknown,unknown,,,,false,,,AFDB,,train,bronze AFDB-only TBDT homolog from UniProt PF00593/PF07715 query; no experimental displacement label.,bronze_pseudo_or_self_supervised,bronze,0.1,UniProt,UniProt:PF00593_AND_PF07715,,616,,,,A0A2P5GLD7,6,afdb:downloaded
btub_a0a2s6jzx3,btub_a0a2s6jzx3_afdb_v6,btub,btub,A0A2S6JZX3,,,raw_af2/AF-A0A2S6JZX3-F1-model_v6.pdb,,unknown,unknown,unknown,unknown,,,,false,,,AFDB,,val,bronze AFDB-only TBDT homolog from UniProt PF00593/PF07715 query; no experimental displacement label.,bronze_pseudo_or_self_supervised,bronze,0.1,UniProt,UniProt:PF00593_AND_PF07715,,612,,,,A0A2S6JZX3,6,afdb:downloaded
btub_a0a2t2xyk7,btub_a0a2t2xyk7_afdb_v6,btub,btub,A0A2T2XYK7,,,raw_af2/AF-A0A2T2XYK7-F1-model_v6.pdb,,unknown,unknown,unknown,unknown,,,,false,,,AFDB,,train,bronze AFDB-only TBDT homolog from UniProt PF00593/PF07715 query; no experimental displacement label.,bronze_pseudo_or_self_supervised,bronze,0.1,UniProt,UniProt:PF00593_AND_PF07715,,618,,,,A0A2T2XYK7,6,afdb:downloaded
btub_a0a2t4xu40,btub_a0a2t4xu40_afdb_v6,btub,btub,A0A2T4XU40,,,raw_af2/AF-A0A2T4XU40-F1-model_v6.pdb,,unknown,unknown,unknown,unknown,,,,false,,,AFDB,,train,bronze AFDB-only TBDT homolog from UniProt PF00593/PF07715 query; no experimental displacement label.,bronze_pseudo_or_self_supervised,bronze,0.1,UniProt,UniProt:PF00593_AND_PF07715,,617,,,,A0A2T4XU40,6,afdb:downloaded
btub_a0a2t6wzu6,btub_a0a2t6wzu6_afdb_v6,btub,btub,A0A2T6WZU6,,,raw_af2/AF-A0A2T6WZU6-F1-model_v6.pdb,,unknown,unknown,unknown,unknown,,,,false,,,AFDB,,train,bronze AFDB-only TBDT homolog from UniProt PF00593/PF07715 query; no experimental displacement label.,bronze_pseudo_or_self_supervised,bronze,0.1,UniProt,UniProt:PF00593_AND_PF07715,,614,,,,A0A2T6WZU6,6,afdb:downloaded
btub_a0a2t9q536,btub_a0a2t9q536_afdb_v6,btub,btub,A0A2T9Q536,,,raw_af2/AF-A0A2T9Q536-F1-model_v6.pdb,,unknown,unknown,unknown,unknown,,,,false,,,AFDB,,test,bronze AFDB-only TBDT homolog from UniProt PF00593/PF07715 query; no experimental displacement label.,bronze_pseudo_or_self_supervised,bronze,0.1,UniProt,UniProt:PF00593_AND_PF07715,,614,,,,A0A2T9Q536,6,afdb:downloaded
btub_a0a2u1tjx1,btub_a0a2u1tjx1_afdb_v6,btub,btub,A0A2U1TJX1,,,raw_af2/AF-A0A2U1TJX1-F1-model_v6.pdb,,unknown,unknown,unknown,unknown,,,,false,,,AFDB,,train,bronze AFDB-only TBDT homolog from UniProt PF00593/PF07715 query; no experimental displacement label.,bronze_pseudo_or_self_supervised,bronze,0.1,UniProt,UniProt:PF00593_AND_PF07715,,625,,,,A0A2U1TJX1,6,afdb:downloaded
btub_a0a2u1uqp7,btub_a0a2u1uqp7_afdb_v6,btub,btub,A0A2U1UQP7,,,raw_af2/AF-A0A2U1UQP7-F1-model_v6.pdb,,unknown,unknown,unknown,unknown,,,,false,,,AFDB,,train,bronze AFDB-only TBDT homolog from UniProt PF00593/PF07715 query; no experimental displacement label.,bronze_pseudo_or_self_supervised,bronze,0.1,UniProt,UniProt:PF00593_AND_PF07715,,620,,,,A0A2U1UQP7,6,afdb:downloaded
btub_a0a2w6pgj8,btub_a0a2w6pgj8_afdb_v6,btub,btub,A0A2W6PGJ8,,,raw_af2/AF-A0A2W6PGJ8-F1-model_v6.pdb,,unknown,unknown,unknown,unknown,,,,false,,,AFDB,,val,bronze AFDB-only TBDT homolog from UniProt PF00593/PF07715 query; no experimental displacement label.,bronze_pseudo_or_self_supervised,bronze,0.1,UniProt,UniProt:PF00593_AND_PF07715,,627,,,,A0A2W6PGJ8,6,afdb:downloaded
btub_a0a318fi74,btub_a0a318fi74_afdb_v6,btub,btub,A0A318FI74,,,raw_af2/AF-A0A318FI74-F1-model_v6.pdb,,unknown,unknown,unknown,unknown,,,,false,,,AFDB,,train,bronze AFDB-only TBDT homolog from UniProt PF00593/PF07715 query; no experimental displacement label.,bronze_pseudo_or_self_supervised,bronze,0.1,UniProt,UniProt:PF00593_AND_PF07715,,618,,,,A0A318FI74,6,afdb:downloaded
btub_a0a330gdv7,btub_a0a330gdv7_afdb_v6,btub,btub,A0A330GDV7,,,raw_af2/AF-A0A330GDV7-F1-model_v6.pdb,,unknown,unknown,unknown,unknown,,,,false,,,AFDB,,train,bronze AFDB-only TBDT homolog from UniProt PF00593/PF07715 query; no experimental displacement label.,bronze_pseudo_or_self_supervised,bronze,0.1,UniProt,UniProt:PF00593_AND_PF07715,,615,,,,A0A330GDV7,6,afdb:downloaded
btub_a0a377ffw4,btub_a0a377ffw4_afdb_v6,btub,btub,A0A377FFW4,,,raw_af2/AF-A0A377FFW4-F1-model_v6.pdb,,unknown,unknown,unknown,unknown,,,,false,,,AFDB,,train,bronze AFDB-only TBDT homolog from UniProt PF00593/PF07715 query; no experimental displacement label.,bronze_pseudo_or_self_supervised,bronze,0.1,UniProt,UniProt:PF00593_AND_PF07715,,614,,,,A0A377FFW4,6,afdb:downloaded
btub_a0a379qs27,btub_a0a379qs27_afdb_v6,btub,btub,A0A379QS27,,,raw_af2/AF-A0A379QS27-F1-model_v6.pdb,,unknown,unknown,unknown,unknown,,,,false,,,AFDB,,train,bronze AFDB-only TBDT homolog from UniProt PF00593/PF07715 query; no experimental displacement label.,bronze_pseudo_or_self_supervised,bronze,0.1,UniProt,UniProt:PF00593_AND_PF07715,,614,,,,A0A379QS27,6,afdb:downloaded
btub_a0a380qeg8,btub_a0a380qeg8_afdb_v6,btub,btub,A0A380QEG8,,,raw_af2/AF-A0A380QEG8-F1-model_v6.pdb,,unknown,unknown,unknown,unknown,,,,false,,,AFDB,,train,bronze AFDB-only TBDT homolog from UniProt PF00593/PF07715 query; no experimental displacement label.,bronze_pseudo_or_self_supervised,bronze,0.1,UniProt,UniProt:PF00593_AND_PF07715,,633,,,,A0A380QEG8,6,afdb:downloaded
btub_a0a3j4miq5,btub_a0a3j4miq5_afdb_v6,btub,btub,A0A3J4MIQ5,,,raw_af2/AF-A0A3J4MIQ5-F1-model_v6.pdb,,unknown,unknown,unknown,unknown,,,,false,,,AFDB,,train,bronze AFDB-only TBDT homolog from UniProt PF00593/PF07715 query; no experimental displacement label.,bronze_pseudo_or_self_supervised,bronze,0.1,UniProt,UniProt:PF00593_AND_PF07715,,618,,,,A0A3J4MIQ5,6,afdb:downloaded
btub_a0a3l5h6q7,btub_a0a3l5h6q7_afdb_v6,btub,btub,A0A3L5H6Q7,,,raw_af2/AF-A0A3L5H6Q7-F1-model_v6.pdb,,unknown,unknown,unknown,unknown,,,,false,,,AFDB,,test,bronze AFDB-only TBDT homolog from UniProt PF00593/PF07715 query; no experimental displacement label.,bronze_pseudo_or_self_supervised,bronze,0.1,UniProt,UniProt:PF00593_AND_PF07715,,614,,,,A0A3L5H6Q7,6,afdb:downloaded
btub_a0a3n2s129,btub_a0a3n2s129_afdb_v6,btub,btub,A0A3N2S129,,,raw_af2/AF-A0A3N2S129-F1-model_v6.pdb,,unknown,unknown,unknown,unknown,,,,false,,,AFDB,,train,bronze AFDB-only TBDT homolog from UniProt PF00593/PF07715 query; no experimental displacement label.,bronze_pseudo_or_self_supervised,bronze,0.1,UniProt,UniProt:PF00593_AND_PF07715,,627,,,,A0A3N2S129,6,afdb:downloaded
btub_a0a3r1b4t9,btub_a0a3r1b4t9_afdb_v6,btub,btub,A0A3R1B4T9,,,raw_af2/AF-A0A3R1B4T9-F1-model_v6.pdb,,unknown,unknown,unknown,unknown,,,,false,,,AFDB,,train,bronze AFDB-only TBDT homolog from UniProt PF00593/PF07715 query; no experimental displacement label.,bronze_pseudo_or_self_supervised,bronze,0.1,UniProt,UniProt:PF00593_AND_PF07715,,614,,,,A0A3R1B4T9,6,afdb:downloaded
btub_a0a3r9aig8,btub_a0a3r9aig8_afdb_v6,btub,btub,A0A3R9AIG8,,,raw_af2/AF-A0A3R9AIG8-F1-model_v6.pdb,,unknown,unknown,unknown,unknown,,,,false,,,AFDB,,train,bronze AFDB-only TBDT homolog from UniProt PF00593/PF07715 query; no experimental displacement label.,bronze_pseudo_or_self_supervised,bronze,0.1,UniProt,UniProt:PF00593_AND_PF07715,,612,,,,A0A3R9AIG8,6,afdb:downloaded
btub_a0a3s4gyy1,btub_a0a3s4gyy1_afdb_v6,btub,btub,A0A3S4GYY1,,,raw_af2/AF-A0A3S4GYY1-F1-model_v6.pdb,,unknown,unknown,unknown,unknown,,,,false,,,AFDB,,train,bronze AFDB-only TBDT homolog from UniProt PF00593/PF07715 query; no experimental displacement label.,bronze_pseudo_or_self_supervised,bronze,0.1,UniProt,UniProt:PF00593_AND_PF07715,,590,,,,A0A3S4GYY1,6,afdb:downloaded
btub_a0a3s4m6q7,btub_a0a3s4m6q7_afdb_v6,btub,btub,A0A3S4M6Q7,,,raw_af2/AF-A0A3S4M6Q7-F1-model_v6.pdb,,unknown,unknown,unknown,unknown,,,,false,,,AFDB,,train,bronze AFDB-only TBDT homolog from UniProt PF00593/PF07715 query; no experimental displacement label.,bronze_pseudo_or_self_supervised,bronze,0.1,UniProt,UniProt:PF00593_AND_PF07715,,622,,,,A0A3S4M6Q7,6,afdb:downloaded
btub_a0a3u8jnr6,btub_a0a3u8jnr6_afdb_v6,btub,btub,A0A3U8JNR6,,,raw_af2/AF-A0A3U8JNR6-F1-model_v6.pdb,,unknown,unknown,unknown,unknown,,,,false,,,AFDB,,train,bronze AFDB-only TBDT homolog from UniProt PF00593/PF07715 query; no experimental displacement label.,bronze_pseudo_or_self_supervised,bronze,0.1,UniProt,UniProt:PF00593_AND_PF07715,,614,,,,A0A3U8JNR6,6,afdb:downloaded
btub_a0a3u8l4g6,btub_a0a3u8l4g6_afdb_v6,btub,btub,A0A3U8L4G6,,,raw_af2/AF-A0A3U8L4G6-F1-model_v6.pdb,,unknown,unknown,unknown,unknown,,,,false,,,AFDB,,train,bronze AFDB-only TBDT homolog from UniProt PF00593/PF07715 query; no experimental displacement label.,bronze_pseudo_or_self_supervised,bronze,0.1,UniProt,UniProt:PF00593_AND_PF07715,,614,,,,A0A3U8L4G6,6,afdb:downloaded
btub_a0a3u8mpn0,btub_a0a3u8mpn0_afdb_v6,btub,btub,A0A3U8MPN0,,,raw_af2/AF-A0A3U8MPN0-F1-model_v6.pdb,,unknown,unknown,unknown,unknown,,,,false,,,AFDB,,train,bronze AFDB-only TBDT homolog from UniProt PF00593/PF07715 query; no experimental displacement label.,bronze_pseudo_or_self_supervised,bronze,0.1,UniProt,UniProt:PF00593_AND_PF07715,,614,,,,A0A3U8MPN0,6,afdb:downloaded
btub_a0a3v3u712,btub_a0a3v3u712_afdb_v6,btub,btub,A0A3V3U712,,,raw_af2/AF-A0A3V3U712-F1-model_v6.pdb,,unknown,unknown,unknown,unknown,,,,false,,,AFDB,,train,bronze AFDB-only TBDT homolog from UniProt PF00593/PF07715 query; no experimental displacement label.,bronze_pseudo_or_self_supervised,bronze,0.1,UniProt,UniProt:PF00593_AND_PF07715,,614,,,,A0A3V3U712,6,afdb:downloaded
btub_a0a3v4r1h0,btub_a0a3v4r1h0_afdb_v6,btub,btub,A0A3V4R1H0,,,raw_af2/AF-A0A3V4R1H0-F1-model_v6.pdb,,unknown,unknown,unknown,unknown,,,,false,,,AFDB,,train,bronze AFDB-only TBDT homolog from UniProt PF00593/PF07715 query; no experimental displacement label.,bronze_pseudo_or_self_supervised,bronze,0.1,UniProt,UniProt:PF00593_AND_PF07715,,618,,,,A0A3V4R1H0,6,afdb:downloaded
btub_a0a3v8kqz3,btub_a0a3v8kqz3_afdb_v6,btub,btub,A0A3V8KQZ3,,,raw_af2/AF-A0A3V8KQZ3-F1-model_v6.pdb,,unknown,unknown,unknown,unknown,,,,false,,,AFDB,,train,bronze AFDB-only TBDT homolog from UniProt PF00593/PF07715 query; no experimental displacement label.,bronze_pseudo_or_self_supervised,bronze,0.1,UniProt,UniProt:PF00593_AND_PF07715,,614,,,,A0A3V8KQZ3,6,afdb:downloaded
btub_a0a3v9nqx4,btub_a0a3v9nqx4_afdb_v6,btub,btub,A0A3V9NQX4,,,raw_af2/AF-A0A3V9NQX4-F1-model_v6.pdb,,unknown,unknown,unknown,unknown,,,,false,,,AFDB,,val,bronze AFDB-only TBDT homolog from UniProt PF00593/PF07715 query; no experimental displacement label.,bronze_pseudo_or_self_supervised,bronze,0.1,UniProt,UniProt:PF00593_AND_PF07715,,614,,,,A0A3V9NQX4,6,afdb:downloaded
btub_a0a3y2dfx9,btub_a0a3y2dfx9_afdb_v6,btub,btub,A0A3Y2DFX9,,,raw_af2/AF-A0A3Y2DFX9-F1-model_v6.pdb,,unknown,unknown,unknown,unknown,,,,false,,,AFDB,,test,bronze AFDB-only TBDT homolog from UniProt PF00593/PF07715 query; no experimental displacement label.,bronze_pseudo_or_self_supervised,bronze,0.1,UniProt,UniProt:PF00593_AND_PF07715,,614,,,,A0A3Y2DFX9,6,afdb:downloaded
btub_a0a3y4qcp1,btub_a0a3y4qcp1_afdb_v6,btub,btub,A0A3Y4QCP1,,,raw_af2/AF-A0A3Y4QCP1-F1-model_v6.pdb,,unknown,unknown,unknown,unknown,,,,false,,,AFDB,,train,bronze AFDB-only TBDT homolog from UniProt PF00593/PF07715 query; no experimental displacement label.,bronze_pseudo_or_self_supervised,bronze,0.1,UniProt,UniProt:PF00593_AND_PF07715,,614,,,,A0A3Y4QCP1,6,afdb:downloaded
btub_a0a3z4jmz7,btub_a0a3z4jmz7_afdb_v6,btub,btub,A0A3Z4JMZ7,,,raw_af2/AF-A0A3Z4JMZ7-F1-model_v6.pdb,,unknown,unknown,unknown,unknown,,,,false,,,AFDB,,train,bronze AFDB-only TBDT homolog from UniProt PF00593/PF07715 query; no experimental displacement label.,bronze_pseudo_or_self_supervised,bronze,0.1,UniProt,UniProt:PF00593_AND_PF07715,,614,,,,A0A3Z4JMZ7,6,afdb:downloaded
btub_a0a3z7whb5,btub_a0a3z7whb5_afdb_v6,btub,btub,A0A3Z7WHB5,,,raw_af2/AF-A0A3Z7WHB5-F1-model_v6.pdb,,unknown,unknown,unknown,unknown,,,,false,,,AFDB,,train,bronze AFDB-only TBDT homolog from UniProt PF00593/PF07715 query; no experimental displacement label.,bronze_pseudo_or_self_supervised,bronze,0.1,UniProt,UniProt:PF00593_AND_PF07715,,614,,,,A0A3Z7WHB5,6,afdb:downloaded
btub_a0a402suz8,btub_a0a402suz8_afdb_v6,btub,btub,A0A402SUZ8,,,raw_af2/AF-A0A402SUZ8-F1-model_v6.pdb,,unknown,unknown,unknown,unknown,,,,false,,,AFDB,,test,bronze AFDB-only TBDT homolog from UniProt PF00593/PF07715 query; no experimental displacement label.,bronze_pseudo_or_self_supervised,bronze,0.1,UniProt,UniProt:PF00593_AND_PF07715,,614,,,,A0A402SUZ8,6,afdb:downloaded
btub_a0a482ps23,btub_a0a482ps23_afdb_v6,btub,btub,A0A482PS23,,,raw_af2/AF-A0A482PS23-F1-model_v6.pdb,,unknown,unknown,unknown,unknown,,,,false,,,AFDB,,val,bronze AFDB-only TBDT homolog from UniProt PF00593/PF07715 query; no experimental displacement label.,bronze_pseudo_or_self_supervised,bronze,0.1,UniProt,UniProt:PF00593_AND_PF07715,,612,,,,A0A482PS23,6,afdb:downloaded
btub_a0a486tw11,btub_a0a486tw11_afdb_v6,btub,btub,A0A486TW11,,,raw_af2/AF-A0A486TW11-F1-model_v6.pdb,,unknown,unknown,unknown,unknown,,,,false,,,AFDB,,train,bronze AFDB-only TBDT homolog from UniProt PF00593/PF07715 query; no experimental displacement label.,bronze_pseudo_or_self_supervised,bronze,0.1,UniProt,UniProt:PF00593_AND_PF07715,,612,,,,A0A486TW11,6,afdb:downloaded
btub_a0a486uv04,btub_a0a486uv04_afdb_v6,btub,btub,A0A486UV04,,,raw_af2/AF-A0A486UV04-F1-model_v6.pdb,,unknown,unknown,unknown,unknown,,,,false,,,AFDB,,train,bronze AFDB-only TBDT homolog from UniProt PF00593/PF07715 query; no experimental displacement label.,bronze_pseudo_or_self_supervised,bronze,0.1,UniProt,UniProt:PF00593_AND_PF07715,,612,,,,A0A486UV04,6,afdb:downloaded
btub_a0a486w1d3,btub_a0a486w1d3_afdb_v6,btub,btub,A0A486W1D3,,,raw_af2/AF-A0A486W1D3-F1-model_v6.pdb,,unknown,unknown,unknown,unknown,,,,false,,,AFDB,,train,bronze AFDB-only TBDT homolog from UniProt PF00593/PF07715 query; no experimental displacement label.,bronze_pseudo_or_self_supervised,bronze,0.1,UniProt,UniProt:PF00593_AND_PF07715,,612,,,,A0A486W1D3,6,afdb:downloaded
btub_a0a486x1h0,btub_a0a486x1h0_afdb_v6,btub,btub,A0A486X1H0,,,raw_af2/AF-A0A486X1H0-F1-model_v6.pdb,,unknown,unknown,unknown,unknown,,,,false,,,AFDB,,train,bronze AFDB-only TBDT homolog from UniProt PF00593/PF07715 query; no experimental displacement label.,bronze_pseudo_or_self_supervised,bronze,0.1,UniProt,UniProt:PF00593_AND_PF07715,,614,,,,A0A486X1H0,6,afdb:downloaded
btub_a0a4d6pbv9,btub_a0a4d6pbv9_afdb_v6,btub,btub,A0A4D6PBV9,,,raw_af2/AF-A0A4D6PBV9-F1-model_v6.pdb,,unknown,unknown,unknown,unknown,,,,false,,,AFDB,,train,bronze AFDB-only TBDT homolog from UniProt PF00593/PF07715 query; no experimental displacement label.,bronze_pseudo_or_self_supervised,bronze,0.1,UniProt,UniProt:PF00593_AND_PF07715,,614,,,,A0A4D6PBV9,6,afdb:downloaded
btub_a0a4r4ir58,btub_a0a4r4ir58_afdb_v6,btub,btub,A0A4R4IR58,,,raw_af2/AF-A0A4R4IR58-F1-model_v6.pdb,,unknown,unknown,unknown,unknown,,,,false,,,AFDB,,test,bronze AFDB-only TBDT homolog from UniProt PF00593/PF07715 query; no experimental displacement label.,bronze_pseudo_or_self_supervised,bronze,0.1,UniProt,UniProt:PF00593_AND_PF07715,,621,,,,A0A4R4IR58,6,afdb:downloaded
btub_a0a4u8ihn0,btub_a0a4u8ihn0_afdb_v6,btub,btub,A0A4U8IHN0,,,raw_af2/AF-A0A4U8IHN0-F1-model_v6.pdb,,unknown,unknown,unknown,unknown,,,,false,,,AFDB,,train,bronze AFDB-only TBDT homolog from UniProt PF00593/PF07715 query; no experimental displacement label.,bronze_pseudo_or_self_supervised,bronze,0.1,UniProt,UniProt:PF00593_AND_PF07715,,614,,,,A0A4U8IHN0,6,afdb:downloaded
btub_a0a4u8lg34,btub_a0a4u8lg34_afdb_v6,btub,btub,A0A4U8LG34,,,raw_af2/AF-A0A4U8LG34-F1-model_v6.pdb,,unknown,unknown,unknown,unknown,,,,false,,,AFDB,,train,bronze AFDB-only TBDT homolog from UniProt PF00593/PF07715 query; no experimental displacement label.,bronze_pseudo_or_self_supervised,bronze,0.1,UniProt,UniProt:PF00593_AND_PF07715,,614,,,,A0A4U8LG34,6,afdb:downloaded
btub_a0a4y6n8u2,btub_a0a4y6n8u2_afdb_v6,btub,btub,A0A4Y6N8U2,,,raw_af2/AF-A0A4Y6N8U2-F1-model_v6.pdb,,unknown,unknown,unknown,unknown,,,,false,,,AFDB,,train,bronze AFDB-only TBDT homolog from UniProt PF00593/PF07715 query; no experimental displacement label.,bronze_pseudo_or_self_supervised,bronze,0.1,UniProt,UniProt:PF00593_AND_PF07715,,614,,,,A0A4Y6N8U2,6,afdb:downloaded
btub_a0a509cr00,btub_a0a509cr00_afdb_v6,btub,btub,A0A509CR00,,,raw_af2/AF-A0A509CR00-F1-model_v6.pdb,,unknown,unknown,unknown,unknown,,,,false,,,AFDB,,val,bronze AFDB-only TBDT homolog from UniProt PF00593/PF07715 query; no experimental displacement label.,bronze_pseudo_or_self_supervised,bronze,0.1,UniProt,UniProt:PF00593_AND_PF07715,,614,,,,A0A509CR00,6,afdb:downloaded
btub_a0a515d2v9,btub_a0a515d2v9_afdb_v6,btub,btub,A0A515D2V9,,,raw_af2/AF-A0A515D2V9-F1-model_v6.pdb,,unknown,unknown,unknown,unknown,,,,false,,,AFDB,,test,bronze AFDB-only TBDT homolog from UniProt PF00593/PF07715 query; no experimental displacement label.,bronze_pseudo_or_self_supervised,bronze,0.1,UniProt,UniProt:PF00593_AND_PF07715,,623,,,,A0A515D2V9,6,afdb:downloaded
btub_a0a5d1vu27,btub_a0a5d1vu27_afdb_v6,btub,btub,A0A5D1VU27,,,raw_af2/AF-A0A5D1VU27-F1-model_v6.pdb,,unknown,unknown,unknown,unknown,,,,false,,,AFDB,,train,bronze AFDB-only TBDT homolog from UniProt PF00593/PF07715 query; no experimental displacement label.,bronze_pseudo_or_self_supervised,bronze,0.1,UniProt,UniProt:PF00593_AND_PF07715,,622,,,,A0A5D1VU27,6,afdb:downloaded
btub_a0a5h7d6s3,btub_a0a5h7d6s3_afdb_v6,btub,btub,A0A5H7D6S3,,,raw_af2/AF-A0A5H7D6S3-F1-model_v6.pdb,,unknown,unknown,unknown,unknown,,,,false,,,AFDB,,val,bronze AFDB-only TBDT homolog from UniProt PF00593/PF07715 query; no experimental displacement label.,bronze_pseudo_or_self_supervised,bronze,0.1,UniProt,UniProt:PF00593_AND_PF07715,,614,,,,A0A5H7D6S3,6,afdb:downloaded
btub_a0a5h8hh13,btub_a0a5h8hh13_afdb_v6,btub,btub,A0A5H8HH13,,,raw_af2/AF-A0A5H8HH13-F1-model_v6.pdb,,unknown,unknown,unknown,unknown,,,,false,,,AFDB,,train,bronze AFDB-only TBDT homolog from UniProt PF00593/PF07715 query; no experimental displacement label.,bronze_pseudo_or_self_supervised,bronze,0.1,UniProt,UniProt:PF00593_AND_PF07715,,614,,,,A0A5H8HH13,6,afdb:downloaded
btub_a0a5h8nky7,btub_a0a5h8nky7_afdb_v6,btub,btub,A0A5H8NKY7,,,raw_af2/AF-A0A5H8NKY7-F1-model_v6.pdb,,unknown,unknown,unknown,unknown,,,,false,,,AFDB,,train,bronze AFDB-only TBDT homolog from UniProt PF00593/PF07715 query; no experimental displacement label.,bronze_pseudo_or_self_supervised,bronze,0.1,UniProt,UniProt:PF00593_AND_PF07715,,614,,,,A0A5H8NKY7,6,afdb:downloaded
btub_a0a5i0cxr7,btub_a0a5i0cxr7_afdb_v6,btub,btub,A0A5I0CXR7,,,raw_af2/AF-A0A5I0CXR7-F1-model_v6.pdb,,unknown,unknown,unknown,unknown,,,,false,,,AFDB,,train,bronze AFDB-only TBDT homolog from UniProt PF00593/PF07715 query; no experimental displacement label.,bronze_pseudo_or_self_supervised,bronze,0.1,UniProt,UniProt:PF00593_AND_PF07715,,614,,,,A0A5I0CXR7,6,afdb:downloaded
btub_a0a5i0miz5,btub_a0a5i0miz5_afdb_v6,btub,btub,A0A5I0MIZ5,,,raw_af2/AF-A0A5I0MIZ5-F1-model_v6.pdb,,unknown,unknown,unknown,unknown,,,,false,,,AFDB,,train,bronze AFDB-only TBDT homolog from UniProt PF00593/PF07715 query; no experimental displacement label.,bronze_pseudo_or_self_supervised,bronze,0.1,UniProt,UniProt:PF00593_AND_PF07715,,614,,,,A0A5I0MIZ5,6,afdb:downloaded
btub_a0a5i2u9a2,btub_a0a5i2u9a2_afdb_v6,btub,btub,A0A5I2U9A2,,,raw_af2/AF-A0A5I2U9A2-F1-model_v6.pdb,,unknown,unknown,unknown,unknown,,,,false,,,AFDB,,train,bronze AFDB-only TBDT homolog from UniProt PF00593/PF07715 query; no experimental displacement label.,bronze_pseudo_or_self_supervised,bronze,0.1,UniProt,UniProt:PF00593_AND_PF07715,,614,,,,A0A5I2U9A2,6,afdb:downloaded
btub_a0a5i3f0g1,btub_a0a5i3f0g1_afdb_v6,btub,btub,A0A5I3F0G1,,,raw_af2/AF-A0A5I3F0G1-F1-model_v6.pdb,,unknown,unknown,unknown,unknown,,,,false,,,AFDB,,test,bronze AFDB-only TBDT homolog from UniProt PF00593/PF07715 query; no experimental displacement label.,bronze_pseudo_or_self_supervised,bronze,0.1,UniProt,UniProt:PF00593_AND_PF07715,,614,,,,A0A5I3F0G1,6,afdb:downloaded
btub_a0a5i3rcl1,btub_a0a5i3rcl1_afdb_v6,btub,btub,A0A5I3RCL1,,,raw_af2/AF-A0A5I3RCL1-F1-model_v6.pdb,,unknown,unknown,unknown,unknown,,,,false,,,AFDB,,train,bronze AFDB-only TBDT homolog from UniProt PF00593/PF07715 query; no experimental displacement label.,bronze_pseudo_or_self_supervised,bronze,0.1,UniProt,UniProt:PF00593_AND_PF07715,,614,,,,A0A5I3RCL1,6,afdb:downloaded
btub_a0a5i3wcg9,btub_a0a5i3wcg9_afdb_v6,btub,btub,A0A5I3WCG9,,,raw_af2/AF-A0A5I3WCG9-F1-model_v6.pdb,,unknown,unknown,unknown,unknown,,,,false,,,AFDB,,test,bronze AFDB-only TBDT homolog from UniProt PF00593/PF07715 query; no experimental displacement label.,bronze_pseudo_or_self_supervised,bronze,0.1,UniProt,UniProt:PF00593_AND_PF07715,,614,,,,A0A5I3WCG9,6,afdb:downloaded
btub_a0a5i5dyw1,btub_a0a5i5dyw1_afdb_v6,btub,btub,A0A5I5DYW1,,,raw_af2/AF-A0A5I5DYW1-F1-model_v6.pdb,,unknown,unknown,unknown,unknown,,,,false,,,AFDB,,train,bronze AFDB-only TBDT homolog from UniProt PF00593/PF07715 query; no experimental displacement label.,bronze_pseudo_or_self_supervised,bronze,0.1,UniProt,UniProt:PF00593_AND_PF07715,,614,,,,A0A5I5DYW1,6,afdb:downloaded
btub_a0a5i8gxu5,btub_a0a5i8gxu5_afdb_v6,btub,btub,A0A5I8GXU5,,,raw_af2/AF-A0A5I8GXU5-F1-model_v6.pdb,,unknown,unknown,unknown,unknown,,,,false,,,AFDB,,val,bronze AFDB-only TBDT homolog from UniProt PF00593/PF07715 query; no experimental displacement label.,bronze_pseudo_or_self_supervised,bronze,0.1,UniProt,UniProt:PF00593_AND_PF07715,,618,,,,A0A5I8GXU5,6,afdb:downloaded
btub_a0a5m9qxn0,btub_a0a5m9qxn0_afdb_v6,btub,btub,A0A5M9QXN0,,,raw_af2/AF-A0A5M9QXN0-F1-model_v6.pdb,,unknown,unknown,unknown,unknown,,,,false,,,AFDB,,test,bronze AFDB-only TBDT homolog from UniProt PF00593/PF07715 query; no experimental displacement label.,bronze_pseudo_or_self_supervised,bronze,0.1,UniProt,UniProt:PF00593_AND_PF07715,,627,,,,A0A5M9QXN0,6,afdb:downloaded
btub_a0a5t9r9t5,btub_a0a5t9r9t5_afdb_v6,btub,btub,A0A5T9R9T5,,,raw_af2/AF-A0A5T9R9T5-F1-model_v6.pdb,,unknown,unknown,unknown,unknown,,,,false,,,AFDB,,train,bronze AFDB-only TBDT homolog from UniProt PF00593/PF07715 query; no experimental displacement label.,bronze_pseudo_or_self_supervised,bronze,0.1,UniProt,UniProt:PF00593_AND_PF07715,,614,,,,A0A5T9R9T5,6,afdb:downloaded
btub_a0a5v0jva9,btub_a0a5v0jva9_afdb_v6,btub,btub,A0A5V0JVA9,,,raw_af2/AF-A0A5V0JVA9-F1-model_v6.pdb,,unknown,unknown,unknown,unknown,,,,false,,,AFDB,,train,bronze AFDB-only TBDT homolog from UniProt PF00593/PF07715 query; no experimental displacement label.,bronze_pseudo_or_self_supervised,bronze,0.1,UniProt,UniProt:PF00593_AND_PF07715,,614,,,,A0A5V0JVA9,6,afdb:downloaded
btub_a0a5v6q0u6,btub_a0a5v6q0u6_afdb_v6,btub,btub,A0A5V6Q0U6,,,raw_af2/AF-A0A5V6Q0U6-F1-model_v6.pdb,,unknown,unknown,unknown,unknown,,,,false,,,AFDB,,train,bronze AFDB-only TBDT homolog from UniProt PF00593/PF07715 query; no experimental displacement label.,bronze_pseudo_or_self_supervised,bronze,0.1,UniProt,UniProt:PF00593_AND_PF07715,,614,,,,A0A5V6Q0U6,6,afdb:downloaded
btub_a0a5v9glb5,btub_a0a5v9glb5_afdb_v6,btub,btub,A0A5V9GLB5,,,raw_af2/AF-A0A5V9GLB5-F1-model_v6.pdb,,unknown,unknown,unknown,unknown,,,,false,,,AFDB,,train,bronze AFDB-only TBDT homolog from UniProt PF00593/PF07715 query; no experimental displacement label.,bronze_pseudo_or_self_supervised,bronze,0.1,UniProt,UniProt:PF00593_AND_PF07715,,614,,,,A0A5V9GLB5,6,afdb:downloaded
btub_a0a5w0wk77,btub_a0a5w0wk77_afdb_v6,btub,btub,A0A5W0WK77,,,raw_af2/AF-A0A5W0WK77-F1-model_v6.pdb,,unknown,unknown,unknown,unknown,,,,false,,,AFDB,,train,bronze AFDB-only TBDT homolog from UniProt PF00593/PF07715 query; no experimental displacement label.,bronze_pseudo_or_self_supervised,bronze,0.1,UniProt,UniProt:PF00593_AND_PF07715,,614,,,,A0A5W0WK77,6,afdb:downloaded
btub_a0a5w2ab24,btub_a0a5w2ab24_afdb_v6,btub,btub,A0A5W2AB24,,,raw_af2/AF-A0A5W2AB24-F1-model_v6.pdb,,unknown,unknown,unknown,unknown,,,,false,,,AFDB,,val,bronze AFDB-only TBDT homolog from UniProt PF00593/PF07715 query; no experimental displacement label.,bronze_pseudo_or_self_supervised,bronze,0.1,UniProt,UniProt:PF00593_AND_PF07715,,614,,,,A0A5W2AB24,6,afdb:downloaded
btub_a0a5w3e7a2,btub_a0a5w3e7a2_afdb_v6,btub,btub,A0A5W3E7A2,,,raw_af2/AF-A0A5W3E7A2-F1-model_v6.pdb,,unknown,unknown,unknown,unknown,,,,false,,,AFDB,,train,bronze AFDB-only TBDT homolog from UniProt PF00593/PF07715 query; no experimental displacement label.,bronze_pseudo_or_self_supervised,bronze,0.1,UniProt,UniProt:PF00593_AND_PF07715,,614,,,,A0A5W3E7A2,6,afdb:downloaded
btub_a0a5w3f0b3,btub_a0a5w3f0b3_afdb_v6,btub,btub,A0A5W3F0B3,,,raw_af2/AF-A0A5W3F0B3-F1-model_v6.pdb,,unknown,unknown,unknown,unknown,,,,false,,,AFDB,,test,bronze AFDB-only TBDT homolog from UniProt PF00593/PF07715 query; no experimental displacement label.,bronze_pseudo_or_self_supervised,bronze,0.1,UniProt,UniProt:PF00593_AND_PF07715,,614,,,,A0A5W3F0B3,6,afdb:downloaded
btub_a0a5w6rq33,btub_a0a5w6rq33_afdb_v6,btub,btub,A0A5W6RQ33,,,raw_af2/AF-A0A5W6RQ33-F1-model_v6.pdb,,unknown,unknown,unknown,unknown,,,,false,,,AFDB,,train,bronze AFDB-only TBDT homolog from UniProt PF00593/PF07715 query; no experimental displacement label.,bronze_pseudo_or_self_supervised,bronze,0.1,UniProt,UniProt:PF00593_AND_PF07715,,614,,,,A0A5W6RQ33,6,afdb:downloaded
btub_a0a5w7yhy3,btub_a0a5w7yhy3_afdb_v6,btub,btub,A0A5W7YHY3,,,raw_af2/AF-A0A5W7YHY3-F1-model_v6.pdb,,unknown,unknown,unknown,unknown,,,,false,,,AFDB,,train,bronze AFDB-only TBDT homolog from UniProt PF00593/PF07715 query; no experimental displacement label.,bronze_pseudo_or_self_supervised,bronze,0.1,UniProt,UniProt:PF00593_AND_PF07715,,614,,,,A0A5W7YHY3,6,afdb:downloaded
btub_a0a5x6ejv5,btub_a0a5x6ejv5_afdb_v6,btub,btub,A0A5X6EJV5,,,raw_af2/AF-A0A5X6EJV5-F1-model_v6.pdb,,unknown,unknown,unknown,unknown,,,,false,,,AFDB,,test,bronze AFDB-only TBDT homolog from UniProt PF00593/PF07715 query; no experimental displacement label.,bronze_pseudo_or_self_supervised,bronze,0.1,UniProt,UniProt:PF00593_AND_PF07715,,614,,,,A0A5X6EJV5,6,afdb:downloaded
btub_a0a5y2j220,btub_a0a5y2j220_afdb_v6,btub,btub,A0A5Y2J220,,,raw_af2/AF-A0A5Y2J220-F1-model_v6.pdb,,unknown,unknown,unknown,unknown,,,,false,,,AFDB,,val,bronze AFDB-only TBDT homolog from UniProt PF00593/PF07715 query; no experimental displacement label.,bronze_pseudo_or_self_supervised,bronze,0.1,UniProt,UniProt:PF00593_AND_PF07715,,614,,,,A0A5Y2J220,6,afdb:downloaded
btub_a0a5y3a0r8,btub_a0a5y3a0r8_afdb_v6,btub,btub,A0A5Y3A0R8,,,raw_af2/AF-A0A5Y3A0R8-F1-model_v6.pdb,,unknown,unknown,unknown,unknown,,,,false,,,AFDB,,train,bronze AFDB-only TBDT homolog from UniProt PF00593/PF07715 query; no experimental displacement label.,bronze_pseudo_or_self_supervised,bronze,0.1,UniProt,UniProt:PF00593_AND_PF07715,,614,,,,A0A5Y3A0R8,6,afdb:downloaded
btub_a0a5y3buj8,btub_a0a5y3buj8_afdb_v6,btub,btub,A0A5Y3BUJ8,,,raw_af2/AF-A0A5Y3BUJ8-F1-model_v6.pdb,,unknown,unknown,unknown,unknown,,,,false,,,AFDB,,test,bronze AFDB-only TBDT homolog from UniProt PF00593/PF07715 query; no experimental displacement label.,bronze_pseudo_or_self_supervised,bronze,0.1,UniProt,UniProt:PF00593_AND_PF07715,,614,,,,A0A5Y3BUJ8,6,afdb:downloaded
btub_a0a5y4lfa5,btub_a0a5y4lfa5_afdb_v6,btub,btub,A0A5Y4LFA5,,,raw_af2/AF-A0A5Y4LFA5-F1-model_v6.pdb,,unknown,unknown,unknown,unknown,,,,false,,,AFDB,,train,bronze AFDB-only TBDT homolog from UniProt PF00593/PF07715 query; no experimental displacement label.,bronze_pseudo_or_self_supervised,bronze,0.1,UniProt,UniProt:PF00593_AND_PF07715,,614,,,,A0A5Y4LFA5,6,afdb:downloaded
btub_a0a5z7ba65,btub_a0a5z7ba65_afdb_v6,btub,btub,A0A5Z7BA65,,,raw_af2/AF-A0A5Z7BA65-F1-model_v6.pdb,,unknown,unknown,unknown,unknown,,,,false,,,AFDB,,train,bronze AFDB-only TBDT homolog from UniProt PF00593/PF07715 query; no experimental displacement label.,bronze_pseudo_or_self_supervised,bronze,0.1,UniProt,UniProt:PF00593_AND_PF07715,,614,,,,A0A5Z7BA65,6,afdb:downloaded
btub_a0a5z7u5l8,btub_a0a5z7u5l8_afdb_v6,btub,btub,A0A5Z7U5L8,,,raw_af2/AF-A0A5Z7U5L8-F1-model_v6.pdb,,unknown,unknown,unknown,unknown,,,,false,,,AFDB,,train,bronze AFDB-only TBDT homolog from UniProt PF00593/PF07715 query; no experimental displacement label.,bronze_pseudo_or_self_supervised,bronze,0.1,UniProt,UniProt:PF00593_AND_PF07715,,610,,,,A0A5Z7U5L8,6,afdb:downloaded
btub_a0a603bj96,btub_a0a603bj96_afdb_v6,btub,btub,A0A603BJ96,,,raw_af2/AF-A0A603BJ96-F1-model_v6.pdb,,unknown,unknown,unknown,unknown,,,,false,,,AFDB,,train,bronze AFDB-only TBDT homolog from UniProt PF00593/PF07715 query; no experimental displacement label.,bronze_pseudo_or_self_supervised,bronze,0.1,UniProt,UniProt:PF00593_AND_PF07715,,618,,,,A0A603BJ96,6,afdb:downloaded
btub_a0a603e3m2,btub_a0a603e3m2_afdb_v6,btub,btub,A0A603E3M2,,,raw_af2/AF-A0A603E3M2-F1-model_v6.pdb,,unknown,unknown,unknown,unknown,,,,false,,,AFDB,,train,bronze AFDB-only TBDT homolog from UniProt PF00593/PF07715 query; no experimental displacement label.,bronze_pseudo_or_self_supervised,bronze,0.1,UniProt,UniProt:PF00593_AND_PF07715,,614,,,,A0A603E3M2,6,afdb:downloaded
btub_a0a608muq9,btub_a0a608muq9_afdb_v6,btub,btub,A0A608MUQ9,,,raw_af2/AF-A0A608MUQ9-F1-model_v6.pdb,,unknown,unknown,unknown,unknown,,,,false,,,AFDB,,train,bronze AFDB-only TBDT homolog from UniProt PF00593/PF07715 query; no experimental displacement label.,bronze_pseudo_or_self_supervised,bronze,0.1,UniProt,UniProt:PF00593_AND_PF07715,,614,,,,A0A608MUQ9,6,afdb:downloaded
btub_a0a631ts67,btub_a0a631ts67_afdb_v6,btub,btub,A0A631TS67,,,raw_af2/AF-A0A631TS67-F1-model_v6.pdb,,unknown,unknown,unknown,unknown,,,,false,,,AFDB,,train,bronze AFDB-only TBDT homolog from UniProt PF00593/PF07715 query; no experimental displacement label.,bronze_pseudo_or_self_supervised,bronze,0.1,UniProt,UniProt:PF00593_AND_PF07715,,614,,,,A0A631TS67,6,afdb:downloaded
btub_a0a632esg1,btub_a0a632esg1_afdb_v6,btub,btub,A0A632ESG1,,,raw_af2/AF-A0A632ESG1-F1-model_v6.pdb,,unknown,unknown,unknown,unknown,,,,false,,,AFDB,,train,bronze AFDB-only TBDT homolog from UniProt PF00593/PF07715 query; no experimental displacement label.,bronze_pseudo_or_self_supervised,bronze,0.1,UniProt,UniProt:PF00593_AND_PF07715,,614,,,,A0A632ESG1,6,afdb:downloaded
btub_a0a637qp24,btub_a0a637qp24_afdb_v6,btub,btub,A0A637QP24,,,raw_af2/AF-A0A637QP24-F1-model_v6.pdb,,unknown,unknown,unknown,unknown,,,,false,,,AFDB,,test,bronze AFDB-only TBDT homolog from UniProt PF00593/PF07715 query; no experimental displacement label.,bronze_pseudo_or_self_supervised,bronze,0.1,UniProt,UniProt:PF00593_AND_PF07715,,614,,,,A0A637QP24,6,afdb:downloaded
btub_a0a656vne3,btub_a0a656vne3_afdb_v6,btub,btub,A0A656VNE3,,,raw_af2/AF-A0A656VNE3-F1-model_v6.pdb,,unknown,unknown,unknown,unknown,,,,false,,,AFDB,,train,bronze AFDB-only TBDT homolog from UniProt PF00593/PF07715 query; no experimental displacement label.,bronze_pseudo_or_self_supervised,bronze,0.1,UniProt,UniProt:PF00593_AND_PF07715,,625,,,,A0A656VNE3,6,afdb:downloaded
btub_a0a6a8enh3,btub_a0a6a8enh3_afdb_v6,btub,btub,A0A6A8ENH3,,,raw_af2/AF-A0A6A8ENH3-F1-model_v6.pdb,,unknown,unknown,unknown,unknown,,,,false,,,AFDB,,test,bronze AFDB-only TBDT homolog from UniProt PF00593/PF07715 query; no experimental displacement label.,bronze_pseudo_or_self_supervised,bronze,0.1,UniProt,UniProt:PF00593_AND_PF07715,,612,,,,A0A6A8ENH3,6,afdb:downloaded
btub_a0a6b2ert6,btub_a0a6b2ert6_afdb_v6,btub,btub,A0A6B2ERT6,,,raw_af2/AF-A0A6B2ERT6-F1-model_v6.pdb,,unknown,unknown,unknown,unknown,,,,false,,,AFDB,,train,bronze AFDB-only TBDT homolog from UniProt PF00593/PF07715 query; no experimental displacement label.,bronze_pseudo_or_self_supervised,bronze,0.1,UniProt,UniProt:PF00593_AND_PF07715,,618,,,,A0A6B2ERT6,6,afdb:downloaded
btub_a0a6c8f5t5,btub_a0a6c8f5t5_afdb_v6,btub,btub,A0A6C8F5T5,,,raw_af2/AF-A0A6C8F5T5-F1-model_v6.pdb,,unknown,unknown,unknown,unknown,,,,false,,,AFDB,,train,bronze AFDB-only TBDT homolog from UniProt PF00593/PF07715 query; no experimental displacement label.,bronze_pseudo_or_self_supervised,bronze,0.1,UniProt,UniProt:PF00593_AND_PF07715,,614,,,,A0A6C8F5T5,6,afdb:downloaded
btub_a0a6c8g1n0,btub_a0a6c8g1n0_afdb_v6,btub,btub,A0A6C8G1N0,,,raw_af2/AF-A0A6C8G1N0-F1-model_v6.pdb,,unknown,unknown,unknown,unknown,,,,false,,,AFDB,,val,bronze AFDB-only TBDT homolog from UniProt PF00593/PF07715 query; no experimental displacement label.,bronze_pseudo_or_self_supervised,bronze,0.1,UniProt,UniProt:PF00593_AND_PF07715,,614,,,,A0A6C8G1N0,6,afdb:downloaded
btub_a0a6m2b9c9,btub_a0a6m2b9c9_afdb_v6,btub,btub,A0A6M2B9C9,,,raw_af2/AF-A0A6M2B9C9-F1-model_v6.pdb,,unknown,unknown,unknown,unknown,,,,false,,,AFDB,,train,bronze AFDB-only TBDT homolog from UniProt PF00593/PF07715 query; no experimental displacement label.,bronze_pseudo_or_self_supervised,bronze,0.1,UniProt,UniProt:PF00593_AND_PF07715,,620,,,,A0A6M2B9C9,6,afdb:downloaded
btub_a0a6p1q3g0,btub_a0a6p1q3g0_afdb_v6,btub,btub,A0A6P1Q3G0,,,raw_af2/AF-A0A6P1Q3G0-F1-model_v6.pdb,,unknown,unknown,unknown,unknown,,,,false,,,AFDB,,val,bronze AFDB-only TBDT homolog from UniProt PF00593/PF07715 query; no experimental displacement label.,bronze_pseudo_or_self_supervised,bronze,0.1,UniProt,UniProt:PF00593_AND_PF07715,,625,,,,A0A6P1Q3G0,6,afdb:downloaded
btub_a0a6w0p0f3,btub_a0a6w0p0f3_afdb_v6,btub,btub,A0A6W0P0F3,,,raw_af2/AF-A0A6W0P0F3-F1-model_v6.pdb,,unknown,unknown,unknown,unknown,,,,false,,,AFDB,,train,bronze AFDB-only TBDT homolog from UniProt PF00593/PF07715 query; no experimental displacement label.,bronze_pseudo_or_self_supervised,bronze,0.1,UniProt,UniProt:PF00593_AND_PF07715,,614,,,,A0A6W0P0F3,6,afdb:downloaded
btub_a0a6x8mzy3,btub_a0a6x8mzy3_afdb_v6,btub,btub,A0A6X8MZY3,,,raw_af2/AF-A0A6X8MZY3-F1-model_v6.pdb,,unknown,unknown,unknown,unknown,,,,false,,,AFDB,,train,bronze AFDB-only TBDT homolog from UniProt PF00593/PF07715 query; no experimental displacement label.,bronze_pseudo_or_self_supervised,bronze,0.1,UniProt,UniProt:PF00593_AND_PF07715,,614,,,,A0A6X8MZY3,6,afdb:downloaded
btub_a0a702bpe9,btub_a0a702bpe9_afdb_v6,btub,btub,A0A702BPE9,,,raw_af2/AF-A0A702BPE9-F1-model_v6.pdb,,unknown,unknown,unknown,unknown,,,,false,,,AFDB,,train,bronze AFDB-only TBDT homolog from UniProt PF00593/PF07715 query; no experimental displacement label.,bronze_pseudo_or_self_supervised,bronze,0.1,UniProt,UniProt:PF00593_AND_PF07715,,614,,,,A0A702BPE9,6,afdb:downloaded
btub_a0a702fd30,btub_a0a702fd30_afdb_v6,btub,btub,A0A702FD30,,,raw_af2/AF-A0A702FD30-F1-model_v6.pdb,,unknown,unknown,unknown,unknown,,,,false,,,AFDB,,test,bronze AFDB-only TBDT homolog from UniProt PF00593/PF07715 query; no experimental displacement label.,bronze_pseudo_or_self_supervised,bronze,0.1,UniProt,UniProt:PF00593_AND_PF07715,,614,,,,A0A702FD30,6,afdb:downloaded
btub_a0a702kci3,btub_a0a702kci3_afdb_v6,btub,btub,A0A702KCI3,,,raw_af2/AF-A0A702KCI3-F1-model_v6.pdb,,unknown,unknown,unknown,unknown,,,,false,,,AFDB,,train,bronze AFDB-only TBDT homolog from UniProt PF00593/PF07715 query; no experimental displacement label.,bronze_pseudo_or_self_supervised,bronze,0.1,UniProt,UniProt:PF00593_AND_PF07715,,614,,,,A0A702KCI3,6,afdb:downloaded
btub_a0a706ukn2,btub_a0a706ukn2_afdb_v6,btub,btub,A0A706UKN2,,,raw_af2/AF-A0A706UKN2-F1-model_v6.pdb,,unknown,unknown,unknown,unknown,,,,false,,,AFDB,,val,bronze AFDB-only TBDT homolog from UniProt PF00593/PF07715 query; no experimental displacement label.,bronze_pseudo_or_self_supervised,bronze,0.1,UniProt,UniProt:PF00593_AND_PF07715,,614,,,,A0A706UKN2,6,afdb:downloaded
btub_a0a715kl18,btub_a0a715kl18_afdb_v6,btub,btub,A0A715KL18,,,raw_af2/AF-A0A715KL18-F1-model_v6.pdb,,unknown,unknown,unknown,unknown,,,,false,,,AFDB,,test,bronze AFDB-only TBDT homolog from UniProt PF00593/PF07715 query; no experimental displacement label.,bronze_pseudo_or_self_supervised,bronze,0.1,UniProt,UniProt:PF00593_AND_PF07715,,614,,,,A0A715KL18,6,afdb:downloaded
btub_a0a720nwg2,btub_a0a720nwg2_afdb_v6,btub,btub,A0A720NWG2,,,raw_af2/AF-A0A720NWG2-F1-model_v6.pdb,,unknown,unknown,unknown,unknown,,,,false,,,AFDB,,train,bronze AFDB-only TBDT homolog from UniProt PF00593/PF07715 query; no experimental displacement label.,bronze_pseudo_or_self_supervised,bronze,0.1,UniProt,UniProt:PF00593_AND_PF07715,,614,,,,A0A720NWG2,6,afdb:downloaded
btub_a0a721dhx2,btub_a0a721dhx2_afdb_v6,btub,btub,A0A721DHX2,,,raw_af2/AF-A0A721DHX2-F1-model_v6.pdb,,unknown,unknown,unknown,unknown,,,,false,,,AFDB,,train,bronze AFDB-only TBDT homolog from UniProt PF00593/PF07715 query; no experimental displacement label.,bronze_pseudo_or_self_supervised,bronze,0.1,UniProt,UniProt:PF00593_AND_PF07715,,614,,,,A0A721DHX2,6,afdb:downloaded
btub_a0a728lr50,btub_a0a728lr50_afdb_v6,btub,btub,A0A728LR50,,,raw_af2/AF-A0A728LR50-F1-model_v6.pdb,,unknown,unknown,unknown,unknown,,,,false,,,AFDB,,train,bronze AFDB-only TBDT homolog from UniProt PF00593/PF07715 query; no experimental displacement label.,bronze_pseudo_or_self_supervised,bronze,0.1,UniProt,UniProt:PF00593_AND_PF07715,,614,,,,A0A728LR50,6,afdb:downloaded
btub_a0a729g835,btub_a0a729g835_afdb_v6,btub,btub,A0A729G835,,,raw_af2/AF-A0A729G835-F1-model_v6.pdb,,unknown,unknown,unknown,unknown,,,,false,,,AFDB,,train,bronze AFDB-only TBDT homolog from UniProt PF00593/PF07715 query; no experimental displacement label.,bronze_pseudo_or_self_supervised,bronze,0.1,UniProt,UniProt:PF00593_AND_PF07715,,614,,,,A0A729G835,6,afdb:downloaded
btub_a0a729wf80,btub_a0a729wf80_afdb_v6,btub,btub,A0A729WF80,,,raw_af2/AF-A0A729WF80-F1-model_v6.pdb,,unknown,unknown,unknown,unknown,,,,false,,,AFDB,,train,bronze AFDB-only TBDT homolog from UniProt PF00593/PF07715 query; no experimental displacement label.,bronze_pseudo_or_self_supervised,bronze,0.1,UniProt,UniProt:PF00593_AND_PF07715,,614,,,,A0A729WF80,6,afdb:downloaded
btub_a0a730ppx2,btub_a0a730ppx2_afdb_v6,btub,btub,A0A730PPX2,,,raw_af2/AF-A0A730PPX2-F1-model_v6.pdb,,unknown,unknown,unknown,unknown,,,,false,,,AFDB,,train,bronze AFDB-only TBDT homolog from UniProt PF00593/PF07715 query; no experimental displacement label.,bronze_pseudo_or_self_supervised,bronze,0.1,UniProt,UniProt:PF00593_AND_PF07715,,614,,,,A0A730PPX2,6,afdb:downloaded
btub_a0a735at85,btub_a0a735at85_afdb_v6,btub,btub,A0A735AT85,,,raw_af2/AF-A0A735AT85-F1-model_v6.pdb,,unknown,unknown,unknown,unknown,,,,false,,,AFDB,,train,bronze AFDB-only TBDT homolog from UniProt PF00593/PF07715 query; no experimental displacement label.,bronze_pseudo_or_self_supervised,bronze,0.1,UniProt,UniProt:PF00593_AND_PF07715,,614,,,,A0A735AT85,6,afdb:downloaded
btub_a0a735jvn8,btub_a0a735jvn8_afdb_v6,btub,btub,A0A735JVN8,,,raw_af2/AF-A0A735JVN8-F1-model_v6.pdb,,unknown,unknown,unknown,unknown,,,,false,,,AFDB,,train,bronze AFDB-only TBDT homolog from UniProt PF00593/PF07715 query; no experimental displacement label.,bronze_pseudo_or_self_supervised,bronze,0.1,UniProt,UniProt:PF00593_AND_PF07715,,614,,,,A0A735JVN8,6,afdb:downloaded
btub_a0a735l4k8,btub_a0a735l4k8_afdb_v6,btub,btub,A0A735L4K8,,,raw_af2/AF-A0A735L4K8-F1-model_v6.pdb,,unknown,unknown,unknown,unknown,,,,false,,,AFDB,,train,bronze AFDB-only TBDT homolog from UniProt PF00593/PF07715 query; no experimental displacement label.,bronze_pseudo_or_self_supervised,bronze,0.1,UniProt,UniProt:PF00593_AND_PF07715,,614,,,,A0A735L4K8,6,afdb:downloaded
btub_a0a735v3d5,btub_a0a735v3d5_afdb_v6,btub,btub,A0A735V3D5,,,raw_af2/AF-A0A735V3D5-F1-model_v6.pdb,,unknown,unknown,unknown,unknown,,,,false,,,AFDB,,train,bronze AFDB-only TBDT homolog from UniProt PF00593/PF07715 query; no experimental displacement label.,bronze_pseudo_or_self_supervised,bronze,0.1,UniProt,UniProt:PF00593_AND_PF07715,,618,,,,A0A735V3D5,6,afdb:downloaded
btub_a0a736i8n3,btub_a0a736i8n3_afdb_v6,btub,btub,A0A736I8N3,,,raw_af2/AF-A0A736I8N3-F1-model_v6.pdb,,unknown,unknown,unknown,unknown,,,,false,,,AFDB,,train,bronze AFDB-only TBDT homolog from UniProt PF00593/PF07715 query; no experimental displacement label.,bronze_pseudo_or_self_supervised,bronze,0.1,UniProt,UniProt:PF00593_AND_PF07715,,614,,,,A0A736I8N3,6,afdb:downloaded
btub_a0a736nny8,btub_a0a736nny8_afdb_v6,btub,btub,A0A736NNY8,,,raw_af2/AF-A0A736NNY8-F1-model_v6.pdb,,unknown,unknown,unknown,unknown,,,,false,,,AFDB,,train,bronze AFDB-only TBDT homolog from UniProt PF00593/PF07715 query; no experimental displacement label.,bronze_pseudo_or_self_supervised,bronze,0.1,UniProt,UniProt:PF00593_AND_PF07715,,618,,,,A0A736NNY8,6,afdb:downloaded
btub_a0a738ap10,btub_a0a738ap10_afdb_v6,btub,btub,A0A738AP10,,,raw_af2/AF-A0A738AP10-F1-model_v6.pdb,,unknown,unknown,unknown,unknown,,,,false,,,AFDB,,train,bronze AFDB-only TBDT homolog from UniProt PF00593/PF07715 query; no experimental displacement label.,bronze_pseudo_or_self_supervised,bronze,0.1,UniProt,UniProt:PF00593_AND_PF07715,,614,,,,A0A738AP10,6,afdb:downloaded
btub_a0a739acb9,btub_a0a739acb9_afdb_v6,btub,btub,A0A739ACB9,,,raw_af2/AF-A0A739ACB9-F1-model_v6.pdb,,unknown,unknown,unknown,unknown,,,,false,,,AFDB,,train,bronze AFDB-only TBDT homolog from UniProt PF00593/PF07715 query; no experimental displacement label.,bronze_pseudo_or_self_supervised,bronze,0.1,UniProt,UniProt:PF00593_AND_PF07715,,607,,,,A0A739ACB9,6,afdb:downloaded
btub_a0a742tym7,btub_a0a742tym7_afdb_v6,btub,btub,A0A742TYM7,,,raw_af2/AF-A0A742TYM7-F1-model_v6.pdb,,unknown,unknown,unknown,unknown,,,,false,,,AFDB,,test,bronze AFDB-only TBDT homolog from UniProt PF00593/PF07715 query; no experimental displacement label.,bronze_pseudo_or_self_supervised,bronze,0.1,UniProt,UniProt:PF00593_AND_PF07715,,614,,,,A0A742TYM7,6,afdb:downloaded
btub_a0a744emb5,btub_a0a744emb5_afdb_v6,btub,btub,A0A744EMB5,,,raw_af2/AF-A0A744EMB5-F1-model_v6.pdb,,unknown,unknown,unknown,unknown,,,,false,,,AFDB,,train,bronze AFDB-only TBDT homolog from UniProt PF00593/PF07715 query; no experimental displacement label.,bronze_pseudo_or_self_supervised,bronze,0.1,UniProt,UniProt:PF00593_AND_PF07715,,614,,,,A0A744EMB5,6,afdb:downloaded
btub_a0a744n4w7,btub_a0a744n4w7_afdb_v6,btub,btub,A0A744N4W7,,,raw_af2/AF-A0A744N4W7-F1-model_v6.pdb,,unknown,unknown,unknown,unknown,,,,false,,,AFDB,,test,bronze AFDB-only TBDT homolog from UniProt PF00593/PF07715 query; no experimental displacement label.,bronze_pseudo_or_self_supervised,bronze,0.1,UniProt,UniProt:PF00593_AND_PF07715,,614,,,,A0A744N4W7,6,afdb:downloaded
btub_a0a747sv37,btub_a0a747sv37_afdb_v6,btub,btub,A0A747SV37,,,raw_af2/AF-A0A747SV37-F1-model_v6.pdb,,unknown,unknown,unknown,unknown,,,,false,,,AFDB,,train,bronze AFDB-only TBDT homolog from UniProt PF00593/PF07715 query; no experimental displacement label.,bronze_pseudo_or_self_supervised,bronze,0.1,UniProt,UniProt:PF00593_AND_PF07715,,614,,,,A0A747SV37,6,afdb:downloaded
btub_a0a748d801,btub_a0a748d801_afdb_v6,btub,btub,A0A748D801,,,raw_af2/AF-A0A748D801-F1-model_v6.pdb,,unknown,unknown,unknown,unknown,,,,false,,,AFDB,,train,bronze AFDB-only TBDT homolog from UniProt PF00593/PF07715 query; no experimental displacement label.,bronze_pseudo_or_self_supervised,bronze,0.1,UniProt,UniProt:PF00593_AND_PF07715,,614,,,,A0A748D801,6,afdb:downloaded
btub_a0a748hdq1,btub_a0a748hdq1_afdb_v6,btub,btub,A0A748HDQ1,,,raw_af2/AF-A0A748HDQ1-F1-model_v6.pdb,,unknown,unknown,unknown,unknown,,,,false,,,AFDB,,val,bronze AFDB-only TBDT homolog from UniProt PF00593/PF07715 query; no experimental displacement label.,bronze_pseudo_or_self_supervised,bronze,0.1,UniProt,UniProt:PF00593_AND_PF07715,,614,,,,A0A748HDQ1,6,afdb:downloaded
btub_a0a750fle5,btub_a0a750fle5_afdb_v6,btub,btub,A0A750FLE5,,,raw_af2/AF-A0A750FLE5-F1-model_v6.pdb,,unknown,unknown,unknown,unknown,,,,false,,,AFDB,,val,bronze AFDB-only TBDT homolog from UniProt PF00593/PF07715 query; no experimental displacement label.,bronze_pseudo_or_self_supervised,bronze,0.1,UniProt,UniProt:PF00593_AND_PF07715,,614,,,,A0A750FLE5,6,afdb:downloaded
btub_a0a750uh17,btub_a0a750uh17_afdb_v6,btub,btub,A0A750UH17,,,raw_af2/AF-A0A750UH17-F1-model_v6.pdb,,unknown,unknown,unknown,unknown,,,,false,,,AFDB,,train,bronze AFDB-only TBDT homolog from UniProt PF00593/PF07715 query; no experimental displacement label.,bronze_pseudo_or_self_supervised,bronze,0.1,UniProt,UniProt:PF00593_AND_PF07715,,614,,,,A0A750UH17,6,afdb:downloaded
btub_a0a759nsc1,btub_a0a759nsc1_afdb_v6,btub,btub,A0A759NSC1,,,raw_af2/AF-A0A759NSC1-F1-model_v6.pdb,,unknown,unknown,unknown,unknown,,,,false,,,AFDB,,train,bronze AFDB-only TBDT homolog from UniProt PF00593/PF07715 query; no experimental displacement label.,bronze_pseudo_or_self_supervised,bronze,0.1,UniProt,UniProt:PF00593_AND_PF07715,,614,,,,A0A759NSC1,6,afdb:downloaded
btub_a0a759rdf7,btub_a0a759rdf7_afdb_v6,btub,btub,A0A759RDF7,,,raw_af2/AF-A0A759RDF7-F1-model_v6.pdb,,unknown,unknown,unknown,unknown,,,,false,,,AFDB,,test,bronze AFDB-only TBDT homolog from UniProt PF00593/PF07715 query; no experimental displacement label.,bronze_pseudo_or_self_supervised,bronze,0.1,UniProt,UniProt:PF00593_AND_PF07715,,614,,,,A0A759RDF7,6,afdb:downloaded
btub_a0a7d8eqp1,btub_a0a7d8eqp1_afdb_v6,btub,btub,A0A7D8EQP1,,,raw_af2/AF-A0A7D8EQP1-F1-model_v6.pdb,,unknown,unknown,unknown,unknown,,,,false,,,AFDB,,train,bronze AFDB-only TBDT homolog from UniProt PF00593/PF07715 query; no experimental displacement label.,bronze_pseudo_or_self_supervised,bronze,0.1,UniProt,UniProt:PF00593_AND_PF07715,,614,,,,A0A7D8EQP1,6,afdb:downloaded
btub_a0a7h8uca2,btub_a0a7h8uca2_afdb_v6,btub,btub,A0A7H8UCA2,,,raw_af2/AF-A0A7H8UCA2-F1-model_v6.pdb,,unknown,unknown,unknown,unknown,,,,false,,,AFDB,,train,bronze AFDB-only TBDT homolog from UniProt PF00593/PF07715 query; no experimental displacement label.,bronze_pseudo_or_self_supervised,bronze,0.1,UniProt,UniProt:PF00593_AND_PF07715,,615,,,,A0A7H8UCA2,6,afdb:downloaded
btub_a0a7t0dvy6,btub_a0a7t0dvy6_afdb_v6,btub,btub,A0A7T0DVY6,,,raw_af2/AF-A0A7T0DVY6-F1-model_v6.pdb,,unknown,unknown,unknown,unknown,,,,false,,,AFDB,,train,bronze AFDB-only TBDT homolog from UniProt PF00593/PF07715 query; no experimental displacement label.,bronze_pseudo_or_self_supervised,bronze,0.1,UniProt,UniProt:PF00593_AND_PF07715,,617,,,,A0A7T0DVY6,6,afdb:downloaded
btub_a0a7u3f3r0,btub_a0a7u3f3r0_afdb_v6,btub,btub,A0A7U3F3R0,,,raw_af2/AF-A0A7U3F3R0-F1-model_v6.pdb,,unknown,unknown,unknown,unknown,,,,false,,,AFDB,,train,bronze AFDB-only TBDT homolog from UniProt PF00593/PF07715 query; no experimental displacement label.,bronze_pseudo_or_self_supervised,bronze,0.1,UniProt,UniProt:PF00593_AND_PF07715,,612,,,,A0A7U3F3R0,6,afdb:downloaded
btub_a0a7u4giv9,btub_a0a7u4giv9_afdb_v6,btub,btub,A0A7U4GIV9,,,raw_af2/AF-A0A7U4GIV9-F1-model_v6.pdb,,unknown,unknown,unknown,unknown,,,,false,,,AFDB,,val,bronze AFDB-only TBDT homolog from UniProt PF00593/PF07715 query; no experimental displacement label.,bronze_pseudo_or_self_supervised,bronze,0.1,UniProt,UniProt:PF00593_AND_PF07715,,629,,,,A0A7U4GIV9,6,afdb:downloaded
btub_a0a7w3c804,btub_a0a7w3c804_afdb_v6,btub,btub,A0A7W3C804,,,raw_af2/AF-A0A7W3C804-F1-model_v6.pdb,,unknown,unknown,unknown,unknown,,,,false,,,AFDB,,train,bronze AFDB-only TBDT homolog from UniProt PF00593/PF07715 query; no experimental displacement label.,bronze_pseudo_or_self_supervised,bronze,0.1,UniProt,UniProt:PF00593_AND_PF07715,,615,,,,A0A7W3C804,6,afdb:downloaded
btub_a0a7x1ej52,btub_a0a7x1ej52_afdb_v6,btub,btub,A0A7X1EJ52,,,raw_af2/AF-A0A7X1EJ52-F1-model_v6.pdb,,unknown,unknown,unknown,unknown,,,,false,,,AFDB,,val,bronze AFDB-only TBDT homolog from UniProt PF00593/PF07715 query; no experimental displacement label.,bronze_pseudo_or_self_supervised,bronze,0.1,UniProt,UniProt:PF00593_AND_PF07715,,612,,,,A0A7X1EJ52,6,afdb:downloaded
btub_a0a7z8zk85,btub_a0a7z8zk85_afdb_v6,btub,btub,A0A7Z8ZK85,,,raw_af2/AF-A0A7Z8ZK85-F1-model_v6.pdb,,unknown,unknown,unknown,unknown,,,,false,,,AFDB,,test,bronze AFDB-only TBDT homolog from UniProt PF00593/PF07715 query; no experimental displacement label.,bronze_pseudo_or_self_supervised,bronze,0.1,UniProt,UniProt:PF00593_AND_PF07715,,614,,,,A0A7Z8ZK85,6,afdb:downloaded
btub_a0a806x1n2,btub_a0a806x1n2_afdb_v6,btub,btub,A0A806X1N2,,,raw_af2/AF-A0A806X1N2-F1-model_v6.pdb,,unknown,unknown,unknown,unknown,,,,false,,,AFDB,,train,bronze AFDB-only TBDT homolog from UniProt PF00593/PF07715 query; no experimental displacement label.,bronze_pseudo_or_self_supervised,bronze,0.1,UniProt,UniProt:PF00593_AND_PF07715,,614,,,,A0A806X1N2,6,afdb:downloaded
btub_a0a828mw59,btub_a0a828mw59_afdb_v6,btub,btub,A0A828MW59,,,raw_af2/AF-A0A828MW59-F1-model_v6.pdb,,unknown,unknown,unknown,unknown,,,,false,,,AFDB,,val,bronze AFDB-only TBDT homolog from UniProt PF00593/PF07715 query; no experimental displacement label.,bronze_pseudo_or_self_supervised,bronze,0.1,UniProt,UniProt:PF00593_AND_PF07715,,614,,,,A0A828MW59,6,afdb:downloaded
btub_a0a828u1v7,btub_a0a828u1v7_afdb_v6,btub,btub,A0A828U1V7,,,raw_af2/AF-A0A828U1V7-F1-model_v6.pdb,,unknown,unknown,unknown,unknown,,,,false,,,AFDB,,val,bronze AFDB-only TBDT homolog from UniProt PF00593/PF07715 query; no experimental displacement label.,bronze_pseudo_or_self_supervised,bronze,0.1,UniProt,UniProt:PF00593_AND_PF07715,,627,,,,A0A828U1V7,6,afdb:downloaded
btub_a0a830v602,btub_a0a830v602_afdb_v6,btub,btub,A0A830V602,,,raw_af2/AF-A0A830V602-F1-model_v6.pdb,,unknown,unknown,unknown,unknown,,,,false,,,AFDB,,train,bronze AFDB-only TBDT homolog from UniProt PF00593/PF07715 query; no experimental displacement label.,bronze_pseudo_or_self_supervised,bronze,0.1,UniProt,UniProt:PF00593_AND_PF07715,,614,,,,A0A830V602,6,afdb:downloaded
btub_a0a855mid7,btub_a0a855mid7_afdb_v6,btub,btub,A0A855MID7,,,raw_af2/AF-A0A855MID7-F1-model_v6.pdb,,unknown,unknown,unknown,unknown,,,,false,,,AFDB,,val,bronze AFDB-only TBDT homolog from UniProt PF00593/PF07715 query; no experimental displacement label.,bronze_pseudo_or_self_supervised,bronze,0.1,UniProt,UniProt:PF00593_AND_PF07715,,634,,,,A0A855MID7,6,afdb:downloaded
btub_a0a8e5nez4,btub_a0a8e5nez4_afdb_v6,btub,btub,A0A8E5NEZ4,,,raw_af2/AF-A0A8E5NEZ4-F1-model_v6.pdb,,unknown,unknown,unknown,unknown,,,,false,,,AFDB,,val,bronze AFDB-only TBDT homolog from UniProt PF00593/PF07715 query; no experimental displacement label.,bronze_pseudo_or_self_supervised,bronze,0.1,UniProt,UniProt:PF00593_AND_PF07715,,614,,,,A0A8E5NEZ4,6,afdb:downloaded
btub_a0a8e6kre5,btub_a0a8e6kre5_afdb_v6,btub,btub,A0A8E6KRE5,,,raw_af2/AF-A0A8E6KRE5-F1-model_v6.pdb,,unknown,unknown,unknown,unknown,,,,false,,,AFDB,,train,bronze AFDB-only TBDT homolog from UniProt PF00593/PF07715 query; no experimental displacement label.,bronze_pseudo_or_self_supervised,bronze,0.1,UniProt,UniProt:PF00593_AND_PF07715,,614,,,,A0A8E6KRE5,6,afdb:downloaded
btub_a0a8e6ryd3,btub_a0a8e6ryd3_afdb_v6,btub,btub,A0A8E6RYD3,,,raw_af2/AF-A0A8E6RYD3-F1-model_v6.pdb,,unknown,unknown,unknown,unknown,,,,false,,,AFDB,,train,bronze AFDB-only TBDT homolog from UniProt PF00593/PF07715 query; no experimental displacement label.,bronze_pseudo_or_self_supervised,bronze,0.1,UniProt,UniProt:PF00593_AND_PF07715,,614,,,,A0A8E6RYD3,6,afdb:downloaded
btub_a0a8e6y3l8,btub_a0a8e6y3l8_afdb_v6,btub,btub,A0A8E6Y3L8,,,raw_af2/AF-A0A8E6Y3L8-F1-model_v6.pdb,,unknown,unknown,unknown,unknown,,,,false,,,AFDB,,train,bronze AFDB-only TBDT homolog from UniProt PF00593/PF07715 query; no experimental displacement label.,bronze_pseudo_or_self_supervised,bronze,0.1,UniProt,UniProt:PF00593_AND_PF07715,,614,,,,A0A8E6Y3L8,6,afdb:downloaded
btub_a0a8f0cei4,btub_a0a8f0cei4_afdb_v6,btub,btub,A0A8F0CEI4,,,raw_af2/AF-A0A8F0CEI4-F1-model_v6.pdb,,unknown,unknown,unknown,unknown,,,,false,,,AFDB,,train,bronze AFDB-only TBDT homolog from UniProt PF00593/PF07715 query; no experimental displacement label.,bronze_pseudo_or_self_supervised,bronze,0.1,UniProt,UniProt:PF00593_AND_PF07715,,618,,,,A0A8F0CEI4,6,afdb:downloaded
btub_a0a8f7yhr2,btub_a0a8f7yhr2_afdb_v6,btub,btub,A0A8F7YHR2,,,raw_af2/AF-A0A8F7YHR2-F1-model_v6.pdb,,unknown,unknown,unknown,unknown,,,,false,,,AFDB,,val,bronze AFDB-only TBDT homolog from UniProt PF00593/PF07715 query; no experimental displacement label.,bronze_pseudo_or_self_supervised,bronze,0.1,UniProt,UniProt:PF00593_AND_PF07715,,614,,,,A0A8F7YHR2,6,afdb:downloaded
btub_a0a8s7ts14,btub_a0a8s7ts14_afdb_v6,btub,btub,A0A8S7TS14,,,raw_af2/AF-A0A8S7TS14-F1-model_v6.pdb,,unknown,unknown,unknown,unknown,,,,false,,,AFDB,,train,bronze AFDB-only TBDT homolog from UniProt PF00593/PF07715 query; no experimental displacement label.,bronze_pseudo_or_self_supervised,bronze,0.1,UniProt,UniProt:PF00593_AND_PF07715,,614,,,,A0A8S7TS14,6,afdb:downloaded
btub_a0a8t5yci0,btub_a0a8t5yci0_afdb_v6,btub,btub,A0A8T5YCI0,,,raw_af2/AF-A0A8T5YCI0-F1-model_v6.pdb,,unknown,unknown,unknown,unknown,,,,false,,,AFDB,,train,bronze AFDB-only TBDT homolog from UniProt PF00593/PF07715 query; no experimental displacement label.,bronze_pseudo_or_self_supervised,bronze,0.1,UniProt,UniProt:PF00593_AND_PF07715,,614,,,,A0A8T5YCI0,6,afdb:downloaded
btub_a0a8t9ijf3,btub_a0a8t9ijf3_afdb_v6,btub,btub,A0A8T9IJF3,,,raw_af2/AF-A0A8T9IJF3-F1-model_v6.pdb,,unknown,unknown,unknown,unknown,,,,false,,,AFDB,,train,bronze AFDB-only TBDT homolog from UniProt PF00593/PF07715 query; no experimental displacement label.,bronze_pseudo_or_self_supervised,bronze,0.1,UniProt,UniProt:PF00593_AND_PF07715,,614,,,,A0A8T9IJF3,6,afdb:downloaded
btub_a0a8x6fm29,btub_a0a8x6fm29_afdb_v6,btub,btub,A0A8X6FM29,,,raw_af2/AF-A0A8X6FM29-F1-model_v6.pdb,,unknown,unknown,unknown,unknown,,,,false,,,AFDB,,test,bronze AFDB-only TBDT homolog from UniProt PF00593/PF07715 query; no experimental displacement label.,bronze_pseudo_or_self_supervised,bronze,0.1,UniProt,UniProt:PF00593_AND_PF07715,,614,,,,A0A8X6FM29,6,afdb:downloaded
btub_a0a9d7all6,btub_a0a9d7all6_afdb_v6,btub,btub,A0A9D7ALL6,,,raw_af2/AF-A0A9D7ALL6-F1-model_v6.pdb,,unknown,unknown,unknown,unknown,,,,false,,,AFDB,,train,bronze AFDB-only TBDT homolog from UniProt PF00593/PF07715 query; no experimental displacement label.,bronze_pseudo_or_self_supervised,bronze,0.1,UniProt,UniProt:PF00593_AND_PF07715,,615,,,,A0A9D7ALL6,6,afdb:downloaded
btub_a0a9p3z9k9,btub_a0a9p3z9k9_afdb_v6,btub,btub,A0A9P3Z9K9,,,raw_af2/AF-A0A9P3Z9K9-F1-model_v6.pdb,,unknown,unknown,unknown,unknown,,,,false,,,AFDB,,train,bronze AFDB-only TBDT homolog from UniProt PF00593/PF07715 query; no experimental displacement label.,bronze_pseudo_or_self_supervised,bronze,0.1,UniProt,UniProt:PF00593_AND_PF07715,,612,,,,A0A9P3Z9K9,6,afdb:downloaded
btub_a0a9q2wd58,btub_a0a9q2wd58_afdb_v6,btub,btub,A0A9Q2WD58,,,raw_af2/AF-A0A9Q2WD58-F1-model_v6.pdb,,unknown,unknown,unknown,unknown,,,,false,,,AFDB,,train,bronze AFDB-only TBDT homolog from UniProt PF00593/PF07715 query; no experimental displacement label.,bronze_pseudo_or_self_supervised,bronze,0.1,UniProt,UniProt:PF00593_AND_PF07715,,615,,,,A0A9Q2WD58,6,afdb:downloaded
btub_a0a9q7zmd7,btub_a0a9q7zmd7_afdb_v6,btub,btub,A0A9Q7ZMD7,,,raw_af2/AF-A0A9Q7ZMD7-F1-model_v6.pdb,,unknown,unknown,unknown,unknown,,,,false,,,AFDB,,test,bronze AFDB-only TBDT homolog from UniProt PF00593/PF07715 query; no experimental displacement label.,bronze_pseudo_or_self_supervised,bronze,0.1,UniProt,UniProt:PF00593_AND_PF07715,,612,,,,A0A9Q7ZMD7,6,afdb:downloaded
btub_a0a9x1mvm4,btub_a0a9x1mvm4_afdb_v6,btub,btub,A0A9X1MVM4,,,raw_af2/AF-A0A9X1MVM4-F1-model_v6.pdb,,unknown,unknown,unknown,unknown,,,,false,,,AFDB,,train,bronze AFDB-only TBDT homolog from UniProt PF00593/PF07715 query; no experimental displacement label.,bronze_pseudo_or_self_supervised,bronze,0.1,UniProt,UniProt:PF00593_AND_PF07715,,615,,,,A0A9X1MVM4,6,afdb:downloaded
btub_a0a9x4gr56,btub_a0a9x4gr56_afdb_v6,btub,btub,A0A9X4GR56,,,raw_af2/AF-A0A9X4GR56-F1-model_v6.pdb,,unknown,unknown,unknown,unknown,,,,false,,,AFDB,,train,bronze AFDB-only TBDT homolog from UniProt PF00593/PF07715 query; no experimental displacement label.,bronze_pseudo_or_self_supervised,bronze,0.1,UniProt,UniProt:PF00593_AND_PF07715,,617,,,,A0A9X4GR56,6,afdb:downloaded
btub_a0a9x7kzm3,btub_a0a9x7kzm3_afdb_v6,btub,btub,A0A9X7KZM3,,,raw_af2/AF-A0A9X7KZM3-F1-model_v6.pdb,,unknown,unknown,unknown,unknown,,,,false,,,AFDB,,train,bronze AFDB-only TBDT homolog from UniProt PF00593/PF07715 query; no experimental displacement label.,bronze_pseudo_or_self_supervised,bronze,0.1,UniProt,UniProt:PF00593_AND_PF07715,,615,,,,A0A9X7KZM3,6,afdb:downloaded
btub_a0a9x9byy3,btub_a0a9x9byy3_afdb_v6,btub,btub,A0A9X9BYY3,,,raw_af2/AF-A0A9X9BYY3-F1-model_v6.pdb,,unknown,unknown,unknown,unknown,,,,false,,,AFDB,,train,bronze AFDB-only TBDT homolog from UniProt PF00593/PF07715 query; no experimental displacement label.,bronze_pseudo_or_self_supervised,bronze,0.1,UniProt,UniProt:PF00593_AND_PF07715,,623,,,,A0A9X9BYY3,6,afdb:downloaded
btub_a0aa44z6s7,btub_a0aa44z6s7_afdb_v6,btub,btub,A0AA44Z6S7,,,raw_af2/AF-A0AA44Z6S7-F1-model_v6.pdb,,unknown,unknown,unknown,unknown,,,,false,,,AFDB,,train,bronze AFDB-only TBDT homolog from UniProt PF00593/PF07715 query; no experimental displacement label.,bronze_pseudo_or_self_supervised,bronze,0.1,UniProt,UniProt:PF00593_AND_PF07715,,617,,,,A0AA44Z6S7,6,afdb:downloaded
btub_a0aa91bjp5,btub_a0aa91bjp5_afdb_v6,btub,btub,A0AA91BJP5,,,raw_af2/AF-A0AA91BJP5-F1-model_v6.pdb,,unknown,unknown,unknown,unknown,,,,false,,,AFDB,,test,bronze AFDB-only TBDT homolog from UniProt PF00593/PF07715 query; no experimental displacement label.,bronze_pseudo_or_self_supervised,bronze,0.1,UniProt,UniProt:PF00593_AND_PF07715,,629,,,,A0AA91BJP5,6,afdb:downloaded
btub_a0aa92x005,btub_a0aa92x005_afdb_v6,btub,btub,A0AA92X005,,,raw_af2/AF-A0AA92X005-F1-model_v6.pdb,,unknown,unknown,unknown,unknown,,,,false,,,AFDB,,test,bronze AFDB-only TBDT homolog from UniProt PF00593/PF07715 query; no experimental displacement label.,bronze_pseudo_or_self_supervised,bronze,0.1,UniProt,UniProt:PF00593_AND_PF07715,,623,,,,A0AA92X005,6,afdb:downloaded
btub_a0aa96m3r6,btub_a0aa96m3r6_afdb_v6,btub,btub,A0AA96M3R6,,,raw_af2/AF-A0AA96M3R6-F1-model_v6.pdb,,unknown,unknown,unknown,unknown,,,,false,,,AFDB,,train,bronze AFDB-only TBDT homolog from UniProt PF00593/PF07715 query; no experimental displacement label.,bronze_pseudo_or_self_supervised,bronze,0.1,UniProt,UniProt:PF00593_AND_PF07715,,615,,,,A0AA96M3R6,6,afdb:downloaded
btub_a0aac8zsl0,btub_a0aac8zsl0_afdb_v6,btub,btub,A0AAC8ZSL0,,,raw_af2/AF-A0AAC8ZSL0-F1-model_v6.pdb,,unknown,unknown,unknown,unknown,,,,false,,,AFDB,,train,bronze AFDB-only TBDT homolog from UniProt PF00593/PF07715 query; no experimental displacement label.,bronze_pseudo_or_self_supervised,bronze,0.1,UniProt,UniProt:PF00593_AND_PF07715,,617,,,,A0AAC8ZSL0,6,afdb:downloaded
btub_a0aad2vcm5,btub_a0aad2vcm5_afdb_v6,btub,btub,A0AAD2VCM5,,,raw_af2/AF-A0AAD2VCM5-F1-model_v6.pdb,,unknown,unknown,unknown,unknown,,,,false,,,AFDB,,train,bronze AFDB-only TBDT homolog from UniProt PF00593/PF07715 query; no experimental displacement label.,bronze_pseudo_or_self_supervised,bronze,0.1,UniProt,UniProt:PF00593_AND_PF07715,,614,,,,A0AAD2VCM5,6,afdb:downloaded
btub_a0aad2zj54,btub_a0aad2zj54_afdb_v6,btub,btub,A0AAD2ZJ54,,,raw_af2/AF-A0AAD2ZJ54-F1-model_v6.pdb,,unknown,unknown,unknown,unknown,,,,false,,,AFDB,,val,bronze AFDB-only TBDT homolog from UniProt PF00593/PF07715 query; no experimental displacement label.,bronze_pseudo_or_self_supervised,bronze,0.1,UniProt,UniProt:PF00593_AND_PF07715,,635,,,,A0AAD2ZJ54,6,afdb:downloaded
btub_a0aae4jm50,btub_a0aae4jm50_afdb_v6,btub,btub,A0AAE4JM50,,,raw_af2/AF-A0AAE4JM50-F1-model_v6.pdb,,unknown,unknown,unknown,unknown,,,,false,,,AFDB,,train,bronze AFDB-only TBDT homolog from UniProt PF00593/PF07715 query; no experimental displacement label.,bronze_pseudo_or_self_supervised,bronze,0.1,UniProt,UniProt:PF00593_AND_PF07715,,636,,,,A0AAE4JM50,6,afdb:downloaded
btub_a0aae7eep0,btub_a0aae7eep0_afdb_v6,btub,btub,A0AAE7EEP0,,,raw_af2/AF-A0AAE7EEP0-F1-model_v6.pdb,,unknown,unknown,unknown,unknown,,,,false,,,AFDB,,train,bronze AFDB-only TBDT homolog from UniProt PF00593/PF07715 query; no experimental displacement label.,bronze_pseudo_or_self_supervised,bronze,0.1,UniProt,UniProt:PF00593_AND_PF07715,,628,,,,A0AAE7EEP0,6,afdb:downloaded
btub_a0aae8eqe7,btub_a0aae8eqe7_afdb_v6,btub,btub,A0AAE8EQE7,,,raw_af2/AF-A0AAE8EQE7-F1-model_v6.pdb,,unknown,unknown,unknown,unknown,,,,false,,,AFDB,,test,bronze AFDB-only TBDT homolog from UniProt PF00593/PF07715 query; no experimental displacement label.,bronze_pseudo_or_self_supervised,bronze,0.1,UniProt,UniProt:PF00593_AND_PF07715,,626,,,,A0AAE8EQE7,6,afdb:downloaded
btub_a0aai9mu43,btub_a0aai9mu43_afdb_v6,btub,btub,A0AAI9MU43,,,raw_af2/AF-A0AAI9MU43-F1-model_v6.pdb,,unknown,unknown,unknown,unknown,,,,false,,,AFDB,,val,bronze AFDB-only TBDT homolog from UniProt PF00593/PF07715 query; no experimental displacement label.,bronze_pseudo_or_self_supervised,bronze,0.1,UniProt,UniProt:PF00593_AND_PF07715,,628,,,,A0AAI9MU43,6,afdb:downloaded
btub_a0aaj1d2b8,btub_a0aaj1d2b8_afdb_v6,btub,btub,A0AAJ1D2B8,,,raw_af2/AF-A0AAJ1D2B8-F1-model_v6.pdb,,unknown,unknown,unknown,unknown,,,,false,,,AFDB,,train,bronze AFDB-only TBDT homolog from UniProt PF00593/PF07715 query; no experimental displacement label.,bronze_pseudo_or_self_supervised,bronze,0.1,UniProt,UniProt:PF00593_AND_PF07715,,618,,,,A0AAJ1D2B8,6,afdb:downloaded
btub_a0aaj1jrk7,btub_a0aaj1jrk7_afdb_v6,btub,btub,A0AAJ1JRK7,,,raw_af2/AF-A0AAJ1JRK7-F1-model_v6.pdb,,unknown,unknown,unknown,unknown,,,,false,,,AFDB,,train,bronze AFDB-only TBDT homolog from UniProt PF00593/PF07715 query; no experimental displacement label.,bronze_pseudo_or_self_supervised,bronze,0.1,UniProt,UniProt:PF00593_AND_PF07715,,618,,,,A0AAJ1JRK7,6,afdb:downloaded
btub_a0aaj4ti45,btub_a0aaj4ti45_afdb_v6,btub,btub,A0AAJ4TI45,,,raw_af2/AF-A0AAJ4TI45-F1-model_v6.pdb,,unknown,unknown,unknown,unknown,,,,false,,,AFDB,,train,bronze AFDB-only TBDT homolog from UniProt PF00593/PF07715 query; no experimental displacement label.,bronze_pseudo_or_self_supervised,bronze,0.1,UniProt,UniProt:PF00593_AND_PF07715,,623,,,,A0AAJ4TI45,6,afdb:downloaded
btub_a0aan0kd71,btub_a0aan0kd71_afdb_v6,btub,btub,A0AAN0KD71,,,raw_af2/AF-A0AAN0KD71-F1-model_v6.pdb,,unknown,unknown,unknown,unknown,,,,false,,,AFDB,,val,bronze AFDB-only TBDT homolog from UniProt PF00593/PF07715 query; no experimental displacement label.,bronze_pseudo_or_self_supervised,bronze,0.1,UniProt,UniProt:PF00593_AND_PF07715,,625,,,,A0AAN0KD71,6,afdb:downloaded
btub_a0aan1y9z3,btub_a0aan1y9z3_afdb_v6,btub,btub,A0AAN1Y9Z3,,,raw_af2/AF-A0AAN1Y9Z3-F1-model_v6.pdb,,unknown,unknown,unknown,unknown,,,,false,,,AFDB,,val,bronze AFDB-only TBDT homolog from UniProt PF00593/PF07715 query; no experimental displacement label.,bronze_pseudo_or_self_supervised,bronze,0.1,UniProt,UniProt:PF00593_AND_PF07715,,612,,,,A0AAN1Y9Z3,6,afdb:downloaded
btub_a0aan3yvr7,btub_a0aan3yvr7_afdb_v6,btub,btub,A0AAN3YVR7,,,raw_af2/AF-A0AAN3YVR7-F1-model_v6.pdb,,unknown,unknown,unknown,unknown,,,,false,,,AFDB,,test,bronze AFDB-only TBDT homolog from UniProt PF00593/PF07715 query; no experimental displacement label.,bronze_pseudo_or_self_supervised,bronze,0.1,UniProt,UniProt:PF00593_AND_PF07715,,617,,,,A0AAN3YVR7,6,afdb:downloaded
btub_a0aan4cnk6,btub_a0aan4cnk6_afdb_v6,btub,btub,A0AAN4CNK6,,,raw_af2/AF-A0AAN4CNK6-F1-model_v6.pdb,,unknown,unknown,unknown,unknown,,,,false,,,AFDB,,train,bronze AFDB-only TBDT homolog from UniProt PF00593/PF07715 query; no experimental displacement label.,bronze_pseudo_or_self_supervised,bronze,0.1,UniProt,UniProt:PF00593_AND_PF07715,,614,,,,A0AAN4CNK6,6,afdb:downloaded
btub_a0aan6avv2,btub_a0aan6avv2_afdb_v6,btub,btub,A0AAN6AVV2,,,raw_af2/AF-A0AAN6AVV2-F1-model_v6.pdb,,unknown,unknown,unknown,unknown,,,,false,,,AFDB,,val,bronze AFDB-only TBDT homolog from UniProt PF00593/PF07715 query; no experimental displacement label.,bronze_pseudo_or_self_supervised,bronze,0.1,UniProt,UniProt:PF00593_AND_PF07715,,616,,,,A0AAN6AVV2,6,afdb:downloaded
btub_a0aap1mfh4,btub_a0aap1mfh4_afdb_v6,btub,btub,A0AAP1MFH4,,,raw_af2/AF-A0AAP1MFH4-F1-model_v6.pdb,,unknown,unknown,unknown,unknown,,,,false,,,AFDB,,train,bronze AFDB-only TBDT homolog from UniProt PF00593/PF07715 query; no experimental displacement label.,bronze_pseudo_or_self_supervised,bronze,0.1,UniProt,UniProt:PF00593_AND_PF07715,,625,,,,A0AAP1MFH4,6,afdb:downloaded
btub_a0aap8phz8,btub_a0aap8phz8_afdb_v6,btub,btub,A0AAP8PHZ8,,,raw_af2/AF-A0AAP8PHZ8-F1-model_v6.pdb,,unknown,unknown,unknown,unknown,,,,false,,,AFDB,,train,bronze AFDB-only TBDT homolog from UniProt PF00593/PF07715 query; no experimental displacement label.,bronze_pseudo_or_self_supervised,bronze,0.1,UniProt,UniProt:PF00593_AND_PF07715,,625,,,,A0AAP8PHZ8,6,afdb:downloaded
btub_a0aap9kqz3,btub_a0aap9kqz3_afdb_v6,btub,btub,A0AAP9KQZ3,,,raw_af2/AF-A0AAP9KQZ3-F1-model_v6.pdb,,unknown,unknown,unknown,unknown,,,,false,,,AFDB,,train,bronze AFDB-only TBDT homolog from UniProt PF00593/PF07715 query; no experimental displacement label.,bronze_pseudo_or_self_supervised,bronze,0.1,UniProt,UniProt:PF00593_AND_PF07715,,624,,,,A0AAP9KQZ3,6,afdb:downloaded
btub_a0aap9qws6,btub_a0aap9qws6_afdb_v6,btub,btub,A0AAP9QWS6,,,raw_af2/AF-A0AAP9QWS6-F1-model_v6.pdb,,unknown,unknown,unknown,unknown,,,,false,,,AFDB,,train,bronze AFDB-only TBDT homolog from UniProt PF00593/PF07715 query; no experimental displacement label.,bronze_pseudo_or_self_supervised,bronze,0.1,UniProt,UniProt:PF00593_AND_PF07715,,615,,,,A0AAP9QWS6,6,afdb:downloaded
btub_a0aat9mre4,btub_a0aat9mre4_afdb_v6,btub,btub,A0AAT9MRE4,,,raw_af2/AF-A0AAT9MRE4-F1-model_v6.pdb,,unknown,unknown,unknown,unknown,,,,false,,,AFDB,,val,bronze AFDB-only TBDT homolog from UniProt PF00593/PF07715 query; no experimental displacement label.,bronze_pseudo_or_self_supervised,bronze,0.1,UniProt,UniProt:PF00593_AND_PF07715,,614,,,,A0AAT9MRE4,6,afdb:downloaded
btub_a0aat9n3c9,btub_a0aat9n3c9_afdb_v6,btub,btub,A0AAT9N3C9,,,raw_af2/AF-A0AAT9N3C9-F1-model_v6.pdb,,unknown,unknown,unknown,unknown,,,,false,,,AFDB,,train,bronze AFDB-only TBDT homolog from UniProt PF00593/PF07715 query; no experimental displacement label.,bronze_pseudo_or_self_supervised,bronze,0.1,UniProt,UniProt:PF00593_AND_PF07715,,614,,,,A0AAT9N3C9,6,afdb:downloaded
btub_a0aau7qa14,btub_a0aau7qa14_afdb_v6,btub,btub,A0AAU7QA14,,,raw_af2/AF-A0AAU7QA14-F1-model_v6.pdb,,unknown,unknown,unknown,unknown,,,,false,,,AFDB,,val,bronze AFDB-only TBDT homolog from UniProt PF00593/PF07715 query; no experimental displacement label.,bronze_pseudo_or_self_supervised,bronze,0.1,UniProt,UniProt:PF00593_AND_PF07715,,626,,,,A0AAU7QA14,6,afdb:downloaded
btub_a0aav3h380,btub_a0aav3h380_afdb_v6,btub,btub,A0AAV3H380,,,raw_af2/AF-A0AAV3H380-F1-model_v6.pdb,,unknown,unknown,unknown,unknown,,,,false,,,AFDB,,train,bronze AFDB-only TBDT homolog from UniProt PF00593/PF07715 query; no experimental displacement label.,bronze_pseudo_or_self_supervised,bronze,0.1,UniProt,UniProt:PF00593_AND_PF07715,,614,,,,A0AAV3H380,6,afdb:downloaded
btub_a0aaw3h9s5,btub_a0aaw3h9s5_afdb_v6,btub,btub,A0AAW3H9S5,,,raw_af2/AF-A0AAW3H9S5-F1-model_v6.pdb,,unknown,unknown,unknown,unknown,,,,false,,,AFDB,,train,bronze AFDB-only TBDT homolog from UniProt PF00593/PF07715 query; no experimental displacement label.,bronze_pseudo_or_self_supervised,bronze,0.1,UniProt,UniProt:PF00593_AND_PF07715,,617,,,,A0AAW3H9S5,6,afdb:downloaded
btub_a0aaw4p096,btub_a0aaw4p096_afdb_v6,btub,btub,A0AAW4P096,,,raw_af2/AF-A0AAW4P096-F1-model_v6.pdb,,unknown,unknown,unknown,unknown,,,,false,,,AFDB,,val,bronze AFDB-only TBDT homolog from UniProt PF00593/PF07715 query; no experimental displacement label.,bronze_pseudo_or_self_supervised,bronze,0.1,UniProt,UniProt:PF00593_AND_PF07715,,634,,,,A0AAW4P096,6,afdb:downloaded
btub_a0aaw6scf0,btub_a0aaw6scf0_afdb_v6,btub,btub,A0AAW6SCF0,,,raw_af2/AF-A0AAW6SCF0-F1-model_v6.pdb,,unknown,unknown,unknown,unknown,,,,false,,,AFDB,,train,bronze AFDB-only TBDT homolog from UniProt PF00593/PF07715 query; no experimental displacement label.,bronze_pseudo_or_self_supervised,bronze,0.1,UniProt,UniProt:PF00593_AND_PF07715,,617,,,,A0AAW6SCF0,6,afdb:downloaded
btub_a0aaw6x615,btub_a0aaw6x615_afdb_v6,btub,btub,A0AAW6X615,,,raw_af2/AF-A0AAW6X615-F1-model_v6.pdb,,unknown,unknown,unknown,unknown,,,,false,,,AFDB,,train,bronze AFDB-only TBDT homolog from UniProt PF00593/PF07715 query; no experimental displacement label.,bronze_pseudo_or_self_supervised,bronze,0.1,UniProt,UniProt:PF00593_AND_PF07715,,625,,,,A0AAW6X615,6,afdb:downloaded
btub_a0aaw7cle2,btub_a0aaw7cle2_afdb_v6,btub,btub,A0AAW7CLE2,,,raw_af2/AF-A0AAW7CLE2-F1-model_v6.pdb,,unknown,unknown,unknown,unknown,,,,false,,,AFDB,,train,bronze AFDB-only TBDT homolog from UniProt PF00593/PF07715 query; no experimental displacement label.,bronze_pseudo_or_self_supervised,bronze,0.1,UniProt,UniProt:PF00593_AND_PF07715,,618,,,,A0AAW7CLE2,6,afdb:downloaded
btub_a0aaw7ka09,btub_a0aaw7ka09_afdb_v6,btub,btub,A0AAW7KA09,,,raw_af2/AF-A0AAW7KA09-F1-model_v6.pdb,,unknown,unknown,unknown,unknown,,,,false,,,AFDB,,train,bronze AFDB-only TBDT homolog from UniProt PF00593/PF07715 query; no experimental displacement label.,bronze_pseudo_or_self_supervised,bronze,0.1,UniProt,UniProt:PF00593_AND_PF07715,,627,,,,A0AAW7KA09,6,afdb:downloaded
btub_a0aaw9x1r2,btub_a0aaw9x1r2_afdb_v6,btub,btub,A0AAW9X1R2,,,raw_af2/AF-A0AAW9X1R2-F1-model_v6.pdb,,unknown,unknown,unknown,unknown,,,,false,,,AFDB,,test,bronze AFDB-only TBDT homolog from UniProt PF00593/PF07715 query; no experimental displacement label.,bronze_pseudo_or_self_supervised,bronze,0.1,UniProt,UniProt:PF00593_AND_PF07715,,627,,,,A0AAW9X1R2,6,afdb:downloaded
btub_a0aax2hxa7,btub_a0aax2hxa7_afdb_v6,btub,btub,A0AAX2HXA7,,,raw_af2/AF-A0AAX2HXA7-F1-model_v6.pdb,,unknown,unknown,unknown,unknown,,,,false,,,AFDB,,test,bronze AFDB-only TBDT homolog from UniProt PF00593/PF07715 query; no experimental displacement label.,bronze_pseudo_or_self_supervised,bronze,0.1,UniProt,UniProt:PF00593_AND_PF07715,,631,,,,A0AAX2HXA7,6,afdb:downloaded
btub_a0aax3mnt5,btub_a0aax3mnt5_afdb_v6,btub,btub,A0AAX3MNT5,,,raw_af2/AF-A0AAX3MNT5-F1-model_v6.pdb,,unknown,unknown,unknown,unknown,,,,false,,,AFDB,,val,bronze AFDB-only TBDT homolog from UniProt PF00593/PF07715 query; no experimental displacement label.,bronze_pseudo_or_self_supervised,bronze,0.1,UniProt,UniProt:PF00593_AND_PF07715,,614,,,,A0AAX3MNT5,6,afdb:downloaded
btub_a0ab33i1f9,btub_a0ab33i1f9_afdb_v6,btub,btub,A0AB33I1F9,,,raw_af2/AF-A0AB33I1F9-F1-model_v6.pdb,,unknown,unknown,unknown,unknown,,,,false,,,AFDB,,train,bronze AFDB-only TBDT homolog from UniProt PF00593/PF07715 query; no experimental displacement label.,bronze_pseudo_or_self_supervised,bronze,0.1,UniProt,UniProt:PF00593_AND_PF07715,,614,,,,A0AB33I1F9,6,afdb:downloaded
btub_a0ab33sk27,btub_a0ab33sk27_afdb_v6,btub,btub,A0AB33SK27,,,raw_af2/AF-A0AB33SK27-F1-model_v6.pdb,,unknown,unknown,unknown,unknown,,,,false,,,AFDB,,train,bronze AFDB-only TBDT homolog from UniProt PF00593/PF07715 query; no experimental displacement label.,bronze_pseudo_or_self_supervised,bronze,0.1,UniProt,UniProt:PF00593_AND_PF07715,,614,,,,A0AB33SK27,6,afdb:downloaded
btub_a0ab37vhe4,btub_a0ab37vhe4_afdb_v6,btub,btub,A0AB37VHE4,,,raw_af2/AF-A0AB37VHE4-F1-model_v6.pdb,,unknown,unknown,unknown,unknown,,,,false,,,AFDB,,train,bronze AFDB-only TBDT homolog from UniProt PF00593/PF07715 query; no experimental displacement label.,bronze_pseudo_or_self_supervised,bronze,0.1,UniProt,UniProt:PF00593_AND_PF07715,,612,,,,A0AB37VHE4,6,afdb:downloaded
btub_a0ab38nyt0,btub_a0ab38nyt0_afdb_v6,btub,btub,A0AB38NYT0,,,raw_af2/AF-A0AB38NYT0-F1-model_v6.pdb,,unknown,unknown,unknown,unknown,,,,false,,,AFDB,,val,bronze AFDB-only TBDT homolog from UniProt PF00593/PF07715 query; no experimental displacement label.,bronze_pseudo_or_self_supervised,bronze,0.1,UniProt,UniProt:PF00593_AND_PF07715,,615,,,,A0AB38NYT0,6,afdb:downloaded
btub_a0ab39ih84,btub_a0ab39ih84_afdb_v6,btub,btub,A0AB39IH84,,,raw_af2/AF-A0AB39IH84-F1-model_v6.pdb,,unknown,unknown,unknown,unknown,,,,false,,,AFDB,,test,bronze AFDB-only TBDT homolog from UniProt PF00593/PF07715 query; no experimental displacement label.,bronze_pseudo_or_self_supervised,bronze,0.1,UniProt,UniProt:PF00593_AND_PF07715,,622,,,,A0AB39IH84,6,afdb:downloaded
btub_a0ab74qsy6,btub_a0ab74qsy6_afdb_v6,btub,btub,A0AB74QSY6,,,raw_af2/AF-A0AB74QSY6-F1-model_v6.pdb,,unknown,unknown,unknown,unknown,,,,false,,,AFDB,,train,bronze AFDB-only TBDT homolog from UniProt PF00593/PF07715 query; no experimental displacement label.,bronze_pseudo_or_self_supervised,bronze,0.1,UniProt,UniProt:PF00593_AND_PF07715,,612,,,,A0AB74QSY6,6,afdb:downloaded
btub_a0abc9ipv7,btub_a0abc9ipv7_afdb_v6,btub,btub,A0ABC9IPV7,,,raw_af2/AF-A0ABC9IPV7-F1-model_v6.pdb,,unknown,unknown,unknown,unknown,,,,false,,,AFDB,,test,bronze AFDB-only TBDT homolog from UniProt PF00593/PF07715 query; no experimental displacement label.,bronze_pseudo_or_self_supervised,bronze,0.1,UniProt,UniProt:PF00593_AND_PF07715,,625,,,,A0ABC9IPV7,6,afdb:downloaded
btub_a0abd5ip34,btub_a0abd5ip34_afdb_v6,btub,btub,A0ABD5IP34,,,raw_af2/AF-A0ABD5IP34-F1-model_v6.pdb,,unknown,unknown,unknown,unknown,,,,false,,,AFDB,,val,bronze AFDB-only TBDT homolog from UniProt PF00593/PF07715 query; no experimental displacement label.,bronze_pseudo_or_self_supervised,bronze,0.1,UniProt,UniProt:PF00593_AND_PF07715,,622,,,,A0ABD5IP34,6,afdb:downloaded
btub_a6tgf0,btub_a6tgf0_afdb_v6,btub,btub,A6TGF0,,,raw_af2/AF-A6TGF0-F1-model_v6.pdb,,unknown,unknown,unknown,unknown,,,,false,,,AFDB,,train,bronze AFDB-only TBDT homolog from UniProt PF00593/PF07715 query; no experimental displacement label.,bronze_pseudo_or_self_supervised,bronze,0.1,UniProt,UniProt:PF00593_AND_PF07715,,618,,,,A6TGF0,6,afdb:downloaded
btub_a8gl73,btub_a8gl73_afdb_v6,btub,btub,A8GL73,,,raw_af2/AF-A8GL73-F1-model_v6.pdb,,unknown,unknown,unknown,unknown,,,,false,,,AFDB,,train,bronze AFDB-only TBDT homolog from UniProt PF00593/PF07715 query; no experimental displacement label.,bronze_pseudo_or_self_supervised,bronze,0.1,UniProt,UniProt:PF00593_AND_PF07715,,623,,,,A8GL73,6,afdb:downloaded
btub_c0q482,btub_c0q482_afdb_v6,btub,btub,C0Q482,,,raw_af2/AF-C0Q482-F1-model_v6.pdb,,unknown,unknown,unknown,unknown,,,,false,,,AFDB,,train,bronze AFDB-only TBDT homolog from UniProt PF00593/PF07715 query; no experimental displacement label.,bronze_pseudo_or_self_supervised,bronze,0.1,UniProt,UniProt:PF00593_AND_PF07715,,614,,,,C0Q482,6,afdb:downloaded
btub_d3vh81,btub_d3vh81_afdb_v6,btub,btub,D3VH81,,,raw_af2/AF-D3VH81-F1-model_v6.pdb,,unknown,unknown,unknown,unknown,,,,false,,,AFDB,,train,bronze AFDB-only TBDT homolog from UniProt PF00593/PF07715 query; no experimental displacement label.,bronze_pseudo_or_self_supervised,bronze,0.1,UniProt,UniProt:PF00593_AND_PF07715,,614,,,,D3VH81,6,afdb:downloaded
btub_d4gdv9,btub_d4gdv9_afdb_v6,btub,btub,D4GDV9,,,raw_af2/AF-D4GDV9-F1-model_v6.pdb,,unknown,unknown,unknown,unknown,,,,false,,,AFDB,,test,bronze AFDB-only TBDT homolog from UniProt PF00593/PF07715 query; no experimental displacement label.,bronze_pseudo_or_self_supervised,bronze,0.1,UniProt,UniProt:PF00593_AND_PF07715,,618,,,,D4GDV9,6,afdb:downloaded
btub_h5v466,btub_h5v466_afdb_v6,btub,btub,H5V466,,,raw_af2/AF-H5V466-F1-model_v6.pdb,,unknown,unknown,unknown,unknown,,,,false,,,AFDB,,train,bronze AFDB-only TBDT homolog from UniProt PF00593/PF07715 query; no experimental displacement label.,bronze_pseudo_or_self_supervised,bronze,0.1,UniProt,UniProt:PF00593_AND_PF07715,,613,,,,H5V466,6,afdb:downloaded
btub_j7qj63,btub_j7qj63_afdb_v6,btub,btub,J7QJ63,,,raw_af2/AF-J7QJ63-F1-model_v6.pdb,,unknown,unknown,unknown,unknown,,,,false,,,AFDB,,train,bronze AFDB-only TBDT homolog from UniProt PF00593/PF07715 query; no experimental displacement label.,bronze_pseudo_or_self_supervised,bronze,0.1,UniProt,UniProt:PF00593_AND_PF07715,,614,,,,J7QJ63,6,afdb:downloaded
btub_s1p3s2,btub_s1p3s2_afdb_v6,btub,btub,S1P3S2,,,raw_af2/AF-S1P3S2-F1-model_v6.pdb,,unknown,unknown,unknown,unknown,,,,false,,,AFDB,,train,bronze AFDB-only TBDT homolog from UniProt PF00593/PF07715 query; no experimental displacement label.,bronze_pseudo_or_self_supervised,bronze,0.1,UniProt,UniProt:PF00593_AND_PF07715,,614,,,,S1P3S2,6,afdb:downloaded
btub_w1j2t0,btub_w1j2t0_afdb_v6,btub,btub,W1J2T0,,,raw_af2/AF-W1J2T0-F1-model_v6.pdb,,unknown,unknown,unknown,unknown,,,,false,,,AFDB,,train,bronze AFDB-only TBDT homolog from UniProt PF00593/PF07715 query; no experimental displacement label.,bronze_pseudo_or_self_supervised,bronze,0.1,UniProt,UniProt:PF00593_AND_PF07715,,604,,,,W1J2T0,6,afdb:downloaded
btub_a0a077qf17,btub_a0a077qf17_afdb_v6,btub,btub,A0A077QF17,,,raw_af2/AF-A0A077QF17-F1-model_v6.pdb,,unknown,unknown,unknown,unknown,,,,false,,,AFDB,,train,bronze AFDB-only TBDT homolog from UniProt PF00593/PF07715 query; no experimental displacement label.,bronze_pseudo_or_self_supervised,bronze,0.1,UniProt,UniProt:PF00593_AND_PF07715,,616,,,,A0A077QF17,6,afdb:downloaded
btub_a0a0a8vnm3,btub_a0a0a8vnm3_afdb_v6,btub,btub,A0A0A8VNM3,,,raw_af2/AF-A0A0A8VNM3-F1-model_v6.pdb,,unknown,unknown,unknown,unknown,,,,false,,,AFDB,,test,bronze AFDB-only TBDT homolog from UniProt PF00593/PF07715 query; no experimental displacement label.,bronze_pseudo_or_self_supervised,bronze,0.1,UniProt,UniProt:PF00593_AND_PF07715,,622,,,,A0A0A8VNM3,6,afdb:downloaded
btub_a0a0b6xeh9,btub_a0a0b6xeh9_afdb_v6,btub,btub,A0A0B6XEH9,,,raw_af2/AF-A0A0B6XEH9-F1-model_v6.pdb,,unknown,unknown,unknown,unknown,,,,false,,,AFDB,,train,bronze AFDB-only TBDT homolog from UniProt PF00593/PF07715 query; no experimental displacement label.,bronze_pseudo_or_self_supervised,bronze,0.1,UniProt,UniProt:PF00593_AND_PF07715,,616,,,,A0A0B6XEH9,6,afdb:downloaded
btub_a0a0i2wn25,btub_a0a0i2wn25_afdb_v6,btub,btub,A0A0I2WN25,,,raw_af2/AF-A0A0I2WN25-F1-model_v6.pdb,,unknown,unknown,unknown,unknown,,,,false,,,AFDB,,test,bronze AFDB-only TBDT homolog from UniProt PF00593/PF07715 query; no experimental displacement label.,bronze_pseudo_or_self_supervised,bronze,0.1,UniProt,UniProt:PF00593_AND_PF07715,,614,,,,A0A0I2WN25,6,afdb:downloaded
btub_a0a0j5fwz2,btub_a0a0j5fwz2_afdb_v6,btub,btub,A0A0J5FWZ2,,,raw_af2/AF-A0A0J5FWZ2-F1-model_v6.pdb,,unknown,unknown,unknown,unknown,,,,false,,,AFDB,,train,bronze AFDB-only TBDT homolog from UniProt PF00593/PF07715 query; no experimental displacement label.,bronze_pseudo_or_self_supervised,bronze,0.1,UniProt,UniProt:PF00593_AND_PF07715,,604,,,,A0A0J5FWZ2,6,afdb:downloaded
btub_a0a0j5lsr4,btub_a0a0j5lsr4_afdb_v6,btub,btub,A0A0J5LSR4,,,raw_af2/AF-A0A0J5LSR4-F1-model_v6.pdb,,unknown,unknown,unknown,unknown,,,,false,,,AFDB,,train,bronze AFDB-only TBDT homolog from UniProt PF00593/PF07715 query; no experimental displacement label.,bronze_pseudo_or_self_supervised,bronze,0.1,UniProt,UniProt:PF00593_AND_PF07715,,619,,,,A0A0J5LSR4,6,afdb:downloaded
btub_a0a0t9mpp1,btub_a0a0t9mpp1_afdb_v6,btub,btub,A0A0T9MPP1,,,raw_af2/AF-A0A0T9MPP1-F1-model_v6.pdb,,unknown,unknown,unknown,unknown,,,,false,,,AFDB,,val,bronze AFDB-only TBDT homolog from UniProt PF00593/PF07715 query; no experimental displacement label.,bronze_pseudo_or_self_supervised,bronze,0.1,UniProt,UniProt:PF00593_AND_PF07715,,627,,,,A0A0T9MPP1,6,afdb:downloaded
btub_a0a0t9py17,btub_a0a0t9py17_afdb_v6,btub,btub,A0A0T9PY17,,,raw_af2/AF-A0A0T9PY17-F1-model_v6.pdb,,unknown,unknown,unknown,unknown,,,,false,,,AFDB,,train,bronze AFDB-only TBDT homolog from UniProt PF00593/PF07715 query; no experimental displacement label.,bronze_pseudo_or_self_supervised,bronze,0.1,UniProt,UniProt:PF00593_AND_PF07715,,632,,,,A0A0T9PY17,6,afdb:downloaded
btub_a0a0t9ra27,btub_a0a0t9ra27_afdb_v6,btub,btub,A0A0T9RA27,,,raw_af2/AF-A0A0T9RA27-F1-model_v6.pdb,,unknown,unknown,unknown,unknown,,,,false,,,AFDB,,train,bronze AFDB-only TBDT homolog from UniProt PF00593/PF07715 query; no experimental displacement label.,bronze_pseudo_or_self_supervised,bronze,0.1,UniProt,UniProt:PF00593_AND_PF07715,,631,,,,A0A0T9RA27,6,afdb:downloaded
btub_a0a0w4y5n7,btub_a0a0w4y5n7_afdb_v6,btub,btub,A0A0W4Y5N7,,,raw_af2/AF-A0A0W4Y5N7-F1-model_v6.pdb,,unknown,unknown,unknown,unknown,,,,false,,,AFDB,,test,bronze AFDB-only TBDT homolog from UniProt PF00593/PF07715 query; no experimental displacement label.,bronze_pseudo_or_self_supervised,bronze,0.1,UniProt,UniProt:PF00593_AND_PF07715,,614,,,,A0A0W4Y5N7,6,afdb:downloaded
btub_a0a1c6yz40,btub_a0a1c6yz40_afdb_v6,btub,btub,A0A1C6YZ40,,,raw_af2/AF-A0A1C6YZ40-F1-model_v6.pdb,,unknown,unknown,unknown,unknown,,,,false,,,AFDB,,train,bronze AFDB-only TBDT homolog from UniProt PF00593/PF07715 query; no experimental displacement label.,bronze_pseudo_or_self_supervised,bronze,0.1,UniProt,UniProt:PF00593_AND_PF07715,,634,,,,A0A1C6YZ40,6,afdb:downloaded
btub_a0a1m0skc9,btub_a0a1m0skc9_afdb_v6,btub,btub,A0A1M0SKC9,,,raw_af2/AF-A0A1M0SKC9-F1-model_v6.pdb,,unknown,unknown,unknown,unknown,,,,false,,,AFDB,,train,bronze AFDB-only TBDT homolog from UniProt PF00593/PF07715 query; no experimental displacement label.,bronze_pseudo_or_self_supervised,bronze,0.1,UniProt,UniProt:PF00593_AND_PF07715,,612,,,,A0A1M0SKC9,6,afdb:downloaded
btub_a0a1q5tnv3,btub_a0a1q5tnv3_afdb_v6,btub,btub,A0A1Q5TNV3,,,raw_af2/AF-A0A1Q5TNV3-F1-model_v6.pdb,,unknown,unknown,unknown,unknown,,,,false,,,AFDB,,train,bronze AFDB-only TBDT homolog from UniProt PF00593/PF07715 query; no experimental displacement label.,bronze_pseudo_or_self_supervised,bronze,0.1,UniProt,UniProt:PF00593_AND_PF07715,,612,,,,A0A1Q5TNV3,6,afdb:downloaded
btub_a0a2a2m8f6,btub_a0a2a2m8f6_afdb_v6,btub,btub,A0A2A2M8F6,,,raw_af2/AF-A0A2A2M8F6-F1-model_v6.pdb,,unknown,unknown,unknown,unknown,,,,false,,,AFDB,,val,bronze AFDB-only TBDT homolog from UniProt PF00593/PF07715 query; no experimental displacement label.,bronze_pseudo_or_self_supervised,bronze,0.1,UniProt,UniProt:PF00593_AND_PF07715,,634,,,,A0A2A2M8F6,6,afdb:downloaded
btub_a0a2a6d6t1,btub_a0a2a6d6t1_afdb_v6,btub,btub,A0A2A6D6T1,,,raw_af2/AF-A0A2A6D6T1-F1-model_v6.pdb,,unknown,unknown,unknown,unknown,,,,false,,,AFDB,,train,bronze AFDB-only TBDT homolog from UniProt PF00593/PF07715 query; no experimental displacement label.,bronze_pseudo_or_self_supervised,bronze,0.1,UniProt,UniProt:PF00593_AND_PF07715,,614,,,,A0A2A6D6T1,6,afdb:downloaded
btub_a0a2d0iuy9,btub_a0a2d0iuy9_afdb_v6,btub,btub,A0A2D0IUY9,,,raw_af2/AF-A0A2D0IUY9-F1-model_v6.pdb,,unknown,unknown,unknown,unknown,,,,false,,,AFDB,,train,bronze AFDB-only TBDT homolog from UniProt PF00593/PF07715 query; no experimental displacement label.,bronze_pseudo_or_self_supervised,bronze,0.1,UniProt,UniProt:PF00593_AND_PF07715,,612,,,,A0A2D0IUY9,6,afdb:downloaded
btub_a0a2d0iwx1,btub_a0a2d0iwx1_afdb_v6,btub,btub,A0A2D0IWX1,,,raw_af2/AF-A0A2D0IWX1-F1-model_v6.pdb,,unknown,unknown,unknown,unknown,,,,false,,,AFDB,,train,bronze AFDB-only TBDT homolog from UniProt PF00593/PF07715 query; no experimental displacement label.,bronze_pseudo_or_self_supervised,bronze,0.1,UniProt,UniProt:PF00593_AND_PF07715,,604,,,,A0A2D0IWX1,6,afdb:downloaded
btub_a0a2d0jlt8,btub_a0a2d0jlt8_afdb_v6,btub,btub,A0A2D0JLT8,,,raw_af2/AF-A0A2D0JLT8-F1-model_v6.pdb,,unknown,unknown,unknown,unknown,,,,false,,,AFDB,,val,bronze AFDB-only TBDT homolog from UniProt PF00593/PF07715 query; no experimental displacement label.,bronze_pseudo_or_self_supervised,bronze,0.1,UniProt,UniProt:PF00593_AND_PF07715,,604,,,,A0A2D0JLT8,6,afdb:downloaded
btub_a0a2d0law4,btub_a0a2d0law4_afdb_v6,btub,btub,A0A2D0LAW4,,,raw_af2/AF-A0A2D0LAW4-F1-model_v6.pdb,,unknown,unknown,unknown,unknown,,,,false,,,AFDB,,train,bronze AFDB-only TBDT homolog from UniProt PF00593/PF07715 query; no experimental displacement label.,bronze_pseudo_or_self_supervised,bronze,0.1,UniProt,UniProt:PF00593_AND_PF07715,,612,,,,A0A2D0LAW4,6,afdb:downloaded
btub_a0a2f0psq3,btub_a0a2f0psq3_afdb_v6,btub,btub,A0A2F0PSQ3,,,raw_af2/AF-A0A2F0PSQ3-F1-model_v6.pdb,,unknown,unknown,unknown,unknown,,,,false,,,AFDB,,train,bronze AFDB-only TBDT homolog from UniProt PF00593/PF07715 query; no experimental displacement label.,bronze_pseudo_or_self_supervised,bronze,0.1,UniProt,UniProt:PF00593_AND_PF07715,,625,,,,A0A2F0PSQ3,6,afdb:downloaded
btub_a0a2i5hnu5,btub_a0a2i5hnu5_afdb_v6,btub,btub,A0A2I5HNU5,,,raw_af2/AF-A0A2I5HNU5-F1-model_v6.pdb,,unknown,unknown,unknown,unknown,,,,false,,,AFDB,,train,bronze AFDB-only TBDT homolog from UniProt PF00593/PF07715 query; no experimental displacement label.,bronze_pseudo_or_self_supervised,bronze,0.1,UniProt,UniProt:PF00593_AND_PF07715,,618,,,,A0A2I5HNU5,6,afdb:downloaded
btub_a0a2i5t349,btub_a0a2i5t349_afdb_v6,btub,btub,A0A2I5T349,,,raw_af2/AF-A0A2I5T349-F1-model_v6.pdb,,unknown,unknown,unknown,unknown,,,,false,,,AFDB,,train,bronze AFDB-only TBDT homolog from UniProt PF00593/PF07715 query; no experimental displacement label.,bronze_pseudo_or_self_supervised,bronze,0.1,UniProt,UniProt:PF00593_AND_PF07715,,623,,,,A0A2I5T349,6,afdb:downloaded
btub_a0a2j0phd0,btub_a0a2j0phd0_afdb_v6,btub,btub,A0A2J0PHD0,,,raw_af2/AF-A0A2J0PHD0-F1-model_v6.pdb,,unknown,unknown,unknown,unknown,,,,false,,,AFDB,,train,bronze AFDB-only TBDT homolog from UniProt PF00593/PF07715 query; no experimental displacement label.,bronze_pseudo_or_self_supervised,bronze,0.1,UniProt,UniProt:PF00593_AND_PF07715,,616,,,,A0A2J0PHD0,6,afdb:downloaded
btub_a0a2m9wc83,btub_a0a2m9wc83_afdb_v6,btub,btub,A0A2M9WC83,,,raw_af2/AF-A0A2M9WC83-F1-model_v6.pdb,,unknown,unknown,unknown,unknown,,,,false,,,AFDB,,train,bronze AFDB-only TBDT homolog from UniProt PF00593/PF07715 query; no experimental displacement label.,bronze_pseudo_or_self_supervised,bronze,0.1,UniProt,UniProt:PF00593_AND_PF07715,,623,,,,A0A2M9WC83,6,afdb:downloaded
btub_a0a2n5e0e4,btub_a0a2n5e0e4_afdb_v6,btub,btub,A0A2N5E0E4,,,raw_af2/AF-A0A2N5E0E4-F1-model_v6.pdb,,unknown,unknown,unknown,unknown,,,,false,,,AFDB,,train,bronze AFDB-only TBDT homolog from UniProt PF00593/PF07715 query; no experimental displacement label.,bronze_pseudo_or_self_supervised,bronze,0.1,UniProt,UniProt:PF00593_AND_PF07715,,623,,,,A0A2N5E0E4,6,afdb:downloaded
btub_a0a2s8jxd5,btub_a0a2s8jxd5_afdb_v6,btub,btub,A0A2S8JXD5,,,raw_af2/AF-A0A2S8JXD5-F1-model_v6.pdb,,unknown,unknown,unknown,unknown,,,,false,,,AFDB,,train,bronze AFDB-only TBDT homolog from UniProt PF00593/PF07715 query; no experimental displacement label.,bronze_pseudo_or_self_supervised,bronze,0.1,UniProt,UniProt:PF00593_AND_PF07715,,614,,,,A0A2S8JXD5,6,afdb:downloaded
btub_a0a2t8sxk3,btub_a0a2t8sxk3_afdb_v6,btub,btub,A0A2T8SXK3,,,raw_af2/AF-A0A2T8SXK3-F1-model_v6.pdb,,unknown,unknown,unknown,unknown,,,,false,,,AFDB,,train,bronze AFDB-only TBDT homolog from UniProt PF00593/PF07715 query; no experimental displacement label.,bronze_pseudo_or_self_supervised,bronze,0.1,UniProt,UniProt:PF00593_AND_PF07715,,614,,,,A0A2T8SXK3,6,afdb:downloaded
btub_a0a2v3kjl0,btub_a0a2v3kjl0_afdb_v6,btub,btub,A0A2V3KJL0,,,raw_af2/AF-A0A2V3KJL0-F1-model_v6.pdb,,unknown,unknown,unknown,unknown,,,,false,,,AFDB,,train,bronze AFDB-only TBDT homolog from UniProt PF00593/PF07715 query; no experimental displacement label.,bronze_pseudo_or_self_supervised,bronze,0.1,UniProt,UniProt:PF00593_AND_PF07715,,612,,,,A0A2V3KJL0,6,afdb:downloaded
btub_a0a2x2wq61,btub_a0a2x2wq61_afdb_v6,btub,btub,A0A2X2WQ61,,,raw_af2/AF-A0A2X2WQ61-F1-model_v6.pdb,,unknown,unknown,unknown,unknown,,,,false,,,AFDB,,test,bronze AFDB-only TBDT homolog from UniProt PF00593/PF07715 query; no experimental displacement label.,bronze_pseudo_or_self_supervised,bronze,0.1,UniProt,UniProt:PF00593_AND_PF07715,,622,,,,A0A2X2WQ61,6,afdb:downloaded
btub_a0a2y5axv3,btub_a0a2y5axv3_afdb_v6,btub,btub,A0A2Y5AXV3,,,raw_af2/AF-A0A2Y5AXV3-F1-model_v6.pdb,,unknown,unknown,unknown,unknown,,,,false,,,AFDB,,train,bronze AFDB-only TBDT homolog from UniProt PF00593/PF07715 query; no experimental displacement label.,bronze_pseudo_or_self_supervised,bronze,0.1,UniProt,UniProt:PF00593_AND_PF07715,,614,,,,A0A2Y5AXV3,6,afdb:downloaded
btub_a0a2y9u077,btub_a0a2y9u077_afdb_v6,btub,btub,A0A2Y9U077,,,raw_af2/AF-A0A2Y9U077-F1-model_v6.pdb,,unknown,unknown,unknown,unknown,,,,false,,,AFDB,,train,bronze AFDB-only TBDT homolog from UniProt PF00593/PF07715 query; no experimental displacement label.,bronze_pseudo_or_self_supervised,bronze,0.1,UniProt,UniProt:PF00593_AND_PF07715,,615,,,,A0A2Y9U077,6,afdb:downloaded
btub_a0a329vi59,btub_a0a329vi59_afdb_v6,btub,btub,A0A329VI59,,,raw_af2/AF-A0A329VI59-F1-model_v6.pdb,,unknown,unknown,unknown,unknown,,,,false,,,AFDB,,train,bronze AFDB-only TBDT homolog from UniProt PF00593/PF07715 query; no experimental displacement label.,bronze_pseudo_or_self_supervised,bronze,0.1,UniProt,UniProt:PF00593_AND_PF07715,,619,,,,A0A329VI59,6,afdb:downloaded
btub_a0a366i7b6,btub_a0a366i7b6_afdb_v6,btub,btub,A0A366I7B6,,,raw_af2/AF-A0A366I7B6-F1-model_v6.pdb,,unknown,unknown,unknown,unknown,,,,false,,,AFDB,,train,bronze AFDB-only TBDT homolog from UniProt PF00593/PF07715 query; no experimental displacement label.,bronze_pseudo_or_self_supervised,bronze,0.1,UniProt,UniProt:PF00593_AND_PF07715,,614,,,,A0A366I7B6,6,afdb:downloaded
btub_a0a376dq61,btub_a0a376dq61_afdb_v6,btub,btub,A0A376DQ61,,,raw_af2/AF-A0A376DQ61-F1-model_v6.pdb,,unknown,unknown,unknown,unknown,,,,false,,,AFDB,,train,bronze AFDB-only TBDT homolog from UniProt PF00593/PF07715 query; no experimental displacement label.,bronze_pseudo_or_self_supervised,bronze,0.1,UniProt,UniProt:PF00593_AND_PF07715,,616,,,,A0A376DQ61,6,afdb:downloaded
btub_a0a376fg32,btub_a0a376fg32_afdb_v6,btub,btub,A0A376FG32,,,raw_af2/AF-A0A376FG32-F1-model_v6.pdb,,unknown,unknown,unknown,unknown,,,,false,,,AFDB,,train,bronze AFDB-only TBDT homolog from UniProt PF00593/PF07715 query; no experimental displacement label.,bronze_pseudo_or_self_supervised,bronze,0.1,UniProt,UniProt:PF00593_AND_PF07715,,615,,,,A0A376FG32,6,afdb:downloaded
btub_a0a377pdr5,btub_a0a377pdr5_afdb_v6,btub,btub,A0A377PDR5,,,raw_af2/AF-A0A377PDR5-F1-model_v6.pdb,,unknown,unknown,unknown,unknown,,,,false,,,AFDB,,train,bronze AFDB-only TBDT homolog from UniProt PF00593/PF07715 query; no experimental displacement label.,bronze_pseudo_or_self_supervised,bronze,0.1,UniProt,UniProt:PF00593_AND_PF07715,,630,,,,A0A377PDR5,6,afdb:downloaded
btub_a0a379a9a1,btub_a0a379a9a1_afdb_v6,btub,btub,A0A379A9A1,,,raw_af2/AF-A0A379A9A1-F1-model_v6.pdb,,unknown,unknown,unknown,unknown,,,,false,,,AFDB,,train,bronze AFDB-only TBDT homolog from UniProt PF00593/PF07715 query; no experimental displacement label.,bronze_pseudo_or_self_supervised,bronze,0.1,UniProt,UniProt:PF00593_AND_PF07715,,625,,,,A0A379A9A1,6,afdb:downloaded
btub_a0a379qds3,btub_a0a379qds3_afdb_v6,btub,btub,A0A379QDS3,,,raw_af2/AF-A0A379QDS3-F1-model_v6.pdb,,unknown,unknown,unknown,unknown,,,,false,,,AFDB,,train,bronze AFDB-only TBDT homolog from UniProt PF00593/PF07715 query; no experimental displacement label.,bronze_pseudo_or_self_supervised,bronze,0.1,UniProt,UniProt:PF00593_AND_PF07715,,614,,,,A0A379QDS3,6,afdb:downloaded
btub_a0a379qxf9,btub_a0a379qxf9_afdb_v6,btub,btub,A0A379QXF9,,,raw_af2/AF-A0A379QXF9-F1-model_v6.pdb,,unknown,unknown,unknown,unknown,,,,false,,,AFDB,,train,bronze AFDB-only TBDT homolog from UniProt PF00593/PF07715 query; no experimental displacement label.,bronze_pseudo_or_self_supervised,bronze,0.1,UniProt,UniProt:PF00593_AND_PF07715,,614,,,,A0A379QXF9,6,afdb:downloaded
btub_a0a379yaa7,btub_a0a379yaa7_afdb_v6,btub,btub,A0A379YAA7,,,raw_af2/AF-A0A379YAA7-F1-model_v6.pdb,,unknown,unknown,unknown,unknown,,,,false,,,AFDB,,train,bronze AFDB-only TBDT homolog from UniProt PF00593/PF07715 query; no experimental displacement label.,bronze_pseudo_or_self_supervised,bronze,0.1,UniProt,UniProt:PF00593_AND_PF07715,,623,,,,A0A379YAA7,6,afdb:downloaded
btub_a0a386h9x8,btub_a0a386h9x8_afdb_v6,btub,btub,A0A386H9X8,,,raw_af2/AF-A0A386H9X8-F1-model_v6.pdb,,unknown,unknown,unknown,unknown,,,,false,,,AFDB,,val,bronze AFDB-only TBDT homolog from UniProt PF00593/PF07715 query; no experimental displacement label.,bronze_pseudo_or_self_supervised,bronze,0.1,UniProt,UniProt:PF00593_AND_PF07715,,630,,,,A0A386H9X8,6,afdb:downloaded
btub_a0a398pr11,btub_a0a398pr11_afdb_v6,btub,btub,A0A398PR11,,,raw_af2/AF-A0A398PR11-F1-model_v6.pdb,,unknown,unknown,unknown,unknown,,,,false,,,AFDB,,train,bronze AFDB-only TBDT homolog from UniProt PF00593/PF07715 query; no experimental displacement label.,bronze_pseudo_or_self_supervised,bronze,0.1,UniProt,UniProt:PF00593_AND_PF07715,,614,,,,A0A398PR11,6,afdb:downloaded
btub_a0a3a5jwr5,btub_a0a3a5jwr5_afdb_v6,btub,btub,A0A3A5JWR5,,,raw_af2/AF-A0A3A5JWR5-F1-model_v6.pdb,,unknown,unknown,unknown,unknown,,,,false,,,AFDB,,train,bronze AFDB-only TBDT homolog from UniProt PF00593/PF07715 query; no experimental displacement label.,bronze_pseudo_or_self_supervised,bronze,0.1,UniProt,UniProt:PF00593_AND_PF07715,,624,,,,A0A3A5JWR5,6,afdb:downloaded
btub_a0a3i8hbv0,btub_a0a3i8hbv0_afdb_v6,btub,btub,A0A3I8HBV0,,,raw_af2/AF-A0A3I8HBV0-F1-model_v6.pdb,,unknown,unknown,unknown,unknown,,,,false,,,AFDB,,train,bronze AFDB-only TBDT homolog from UniProt PF00593/PF07715 query; no experimental displacement label.,bronze_pseudo_or_self_supervised,bronze,0.1,UniProt,UniProt:PF00593_AND_PF07715,,618,,,,A0A3I8HBV0,6,afdb:downloaded
btub_a0a3j2q282,btub_a0a3j2q282_afdb_v6,btub,btub,A0A3J2Q282,,,raw_af2/AF-A0A3J2Q282-F1-model_v6.pdb,,unknown,unknown,unknown,unknown,,,,false,,,AFDB,,train,bronze AFDB-only TBDT homolog from UniProt PF00593/PF07715 query; no experimental displacement label.,bronze_pseudo_or_self_supervised,bronze,0.1,UniProt,UniProt:PF00593_AND_PF07715,,614,,,,A0A3J2Q282,6,afdb:downloaded
btub_a0a3l0wcr3,btub_a0a3l0wcr3_afdb_v6,btub,btub,A0A3L0WCR3,,,raw_af2/AF-A0A3L0WCR3-F1-model_v6.pdb,,unknown,unknown,unknown,unknown,,,,false,,,AFDB,,train,bronze AFDB-only TBDT homolog from UniProt PF00593/PF07715 query; no experimental displacement label.,bronze_pseudo_or_self_supervised,bronze,0.1,UniProt,UniProt:PF00593_AND_PF07715,,625,,,,A0A3L0WCR3,6,afdb:downloaded
btub_a0a3n0ftg9,btub_a0a3n0ftg9_afdb_v6,btub,btub,A0A3N0FTG9,,,raw_af2/AF-A0A3N0FTG9-F1-model_v6.pdb,,unknown,unknown,unknown,unknown,,,,false,,,AFDB,,train,bronze AFDB-only TBDT homolog from UniProt PF00593/PF07715 query; no experimental displacement label.,bronze_pseudo_or_self_supervised,bronze,0.1,UniProt,UniProt:PF00593_AND_PF07715,,627,,,,A0A3N0FTG9,6,afdb:downloaded
btub_a0a3s0xqz9,btub_a0a3s0xqz9_afdb_v6,btub,btub,A0A3S0XQZ9,,,raw_af2/AF-A0A3S0XQZ9-F1-model_v6.pdb,,unknown,unknown,unknown,unknown,,,,false,,,AFDB,,test,bronze AFDB-only TBDT homolog from UniProt PF00593/PF07715 query; no experimental displacement label.,bronze_pseudo_or_self_supervised,bronze,0.1,UniProt,UniProt:PF00593_AND_PF07715,,625,,,,A0A3S0XQZ9,6,afdb:downloaded
btub_a0a3t2wg78,btub_a0a3t2wg78_afdb_v6,btub,btub,A0A3T2WG78,,,raw_af2/AF-A0A3T2WG78-F1-model_v6.pdb,,unknown,unknown,unknown,unknown,,,,false,,,AFDB,,train,bronze AFDB-only TBDT homolog from UniProt PF00593/PF07715 query; no experimental displacement label.,bronze_pseudo_or_self_supervised,bronze,0.1,UniProt,UniProt:PF00593_AND_PF07715,,614,,,,A0A3T2WG78,6,afdb:downloaded
btub_a0a3u2m7g1,btub_a0a3u2m7g1_afdb_v6,btub,btub,A0A3U2M7G1,,,raw_af2/AF-A0A3U2M7G1-F1-model_v6.pdb,,unknown,unknown,unknown,unknown,,,,false,,,AFDB,,train,bronze AFDB-only TBDT homolog from UniProt PF00593/PF07715 query; no experimental displacement label.,bronze_pseudo_or_self_supervised,bronze,0.1,UniProt,UniProt:PF00593_AND_PF07715,,614,,,,A0A3U2M7G1,6,afdb:downloaded
btub_a0a3u8bmj2,btub_a0a3u8bmj2_afdb_v6,btub,btub,A0A3U8BMJ2,,,raw_af2/AF-A0A3U8BMJ2-F1-model_v6.pdb,,unknown,unknown,unknown,unknown,,,,false,,,AFDB,,train,bronze AFDB-only TBDT homolog from UniProt PF00593/PF07715 query; no experimental displacement label.,bronze_pseudo_or_self_supervised,bronze,0.1,UniProt,UniProt:PF00593_AND_PF07715,,614,,,,A0A3U8BMJ2,6,afdb:downloaded
btub_a0a3u8pge6,btub_a0a3u8pge6_afdb_v6,btub,btub,A0A3U8PGE6,,,raw_af2/AF-A0A3U8PGE6-F1-model_v6.pdb,,unknown,unknown,unknown,unknown,,,,false,,,AFDB,,train,bronze AFDB-only TBDT homolog from UniProt PF00593/PF07715 query; no experimental displacement label.,bronze_pseudo_or_self_supervised,bronze,0.1,UniProt,UniProt:PF00593_AND_PF07715,,614,,,,A0A3U8PGE6,6,afdb:downloaded
btub_a0a3u9dri3,btub_a0a3u9dri3_afdb_v6,btub,btub,A0A3U9DRI3,,,raw_af2/AF-A0A3U9DRI3-F1-model_v6.pdb,,unknown,unknown,unknown,unknown,,,,false,,,AFDB,,train,bronze AFDB-only TBDT homolog from UniProt PF00593/PF07715 query; no experimental displacement label.,bronze_pseudo_or_self_supervised,bronze,0.1,UniProt,UniProt:PF00593_AND_PF07715,,614,,,,A0A3U9DRI3,6,afdb:downloaded
btub_a0a3v3sab9,btub_a0a3v3sab9_afdb_v6,btub,btub,A0A3V3SAB9,,,raw_af2/AF-A0A3V3SAB9-F1-model_v6.pdb,,unknown,unknown,unknown,unknown,,,,false,,,AFDB,,train,bronze AFDB-only TBDT homolog from UniProt PF00593/PF07715 query; no experimental displacement label.,bronze_pseudo_or_self_supervised,bronze,0.1,UniProt,UniProt:PF00593_AND_PF07715,,618,,,,A0A3V3SAB9,6,afdb:downloaded
btub_a0a3v4sqr1,btub_a0a3v4sqr1_afdb_v6,btub,btub,A0A3V4SQR1,,,raw_af2/AF-A0A3V4SQR1-F1-model_v6.pdb,,unknown,unknown,unknown,unknown,,,,false,,,AFDB,,train,bronze AFDB-only TBDT homolog from UniProt PF00593/PF07715 query; no experimental displacement label.,bronze_pseudo_or_self_supervised,bronze,0.1,UniProt,UniProt:PF00593_AND_PF07715,,618,,,,A0A3V4SQR1,6,afdb:downloaded
btub_a0a3v7isd8,btub_a0a3v7isd8_afdb_v6,btub,btub,A0A3V7ISD8,,,raw_af2/AF-A0A3V7ISD8-F1-model_v6.pdb,,unknown,unknown,unknown,unknown,,,,false,,,AFDB,,train,bronze AFDB-only TBDT homolog from UniProt PF00593/PF07715 query; no experimental displacement label.,bronze_pseudo_or_self_supervised,bronze,0.1,UniProt,UniProt:PF00593_AND_PF07715,,614,,,,A0A3V7ISD8,6,afdb:downloaded
btub_a0a3v9pv90,btub_a0a3v9pv90_afdb_v6,btub,btub,A0A3V9PV90,,,raw_af2/AF-A0A3V9PV90-F1-model_v6.pdb,,unknown,unknown,unknown,unknown,,,,false,,,AFDB,,train,bronze AFDB-only TBDT homolog from UniProt PF00593/PF07715 query; no experimental displacement label.,bronze_pseudo_or_self_supervised,bronze,0.1,UniProt,UniProt:PF00593_AND_PF07715,,614,,,,A0A3V9PV90,6,afdb:downloaded
btub_a0a3v9x5q6,btub_a0a3v9x5q6_afdb_v6,btub,btub,A0A3V9X5Q6,,,raw_af2/AF-A0A3V9X5Q6-F1-model_v6.pdb,,unknown,unknown,unknown,unknown,,,,false,,,AFDB,,val,bronze AFDB-only TBDT homolog from UniProt PF00593/PF07715 query; no experimental displacement label.,bronze_pseudo_or_self_supervised,bronze,0.1,UniProt,UniProt:PF00593_AND_PF07715,,614,,,,A0A3V9X5Q6,6,afdb:downloaded
btub_a0a3x9u269,btub_a0a3x9u269_afdb_v6,btub,btub,A0A3X9U269,,,raw_af2/AF-A0A3X9U269-F1-model_v6.pdb,,unknown,unknown,unknown,unknown,,,,false,,,AFDB,,train,bronze AFDB-only TBDT homolog from UniProt PF00593/PF07715 query; no experimental displacement label.,bronze_pseudo_or_self_supervised,bronze,0.1,UniProt,UniProt:PF00593_AND_PF07715,,614,,,,A0A3X9U269,6,afdb:downloaded
btub_a0a3y6q7e3,btub_a0a3y6q7e3_afdb_v6,btub,btub,A0A3Y6Q7E3,,,raw_af2/AF-A0A3Y6Q7E3-F1-model_v6.pdb,,unknown,unknown,unknown,unknown,,,,false,,,AFDB,,val,bronze AFDB-only TBDT homolog from UniProt PF00593/PF07715 query; no experimental displacement label.,bronze_pseudo_or_self_supervised,bronze,0.1,UniProt,UniProt:PF00593_AND_PF07715,,614,,,,A0A3Y6Q7E3,6,afdb:downloaded
btub_a0a3y6w572,btub_a0a3y6w572_afdb_v6,btub,btub,A0A3Y6W572,,,raw_af2/AF-A0A3Y6W572-F1-model_v6.pdb,,unknown,unknown,unknown,unknown,,,,false,,,AFDB,,test,bronze AFDB-only TBDT homolog from UniProt PF00593/PF07715 query; no experimental displacement label.,bronze_pseudo_or_self_supervised,bronze,0.1,UniProt,UniProt:PF00593_AND_PF07715,,614,,,,A0A3Y6W572,6,afdb:downloaded
btub_a0a3z0y0b0,btub_a0a3z0y0b0_afdb_v6,btub,btub,A0A3Z0Y0B0,,,raw_af2/AF-A0A3Z0Y0B0-F1-model_v6.pdb,,unknown,unknown,unknown,unknown,,,,false,,,AFDB,,train,bronze AFDB-only TBDT homolog from UniProt PF00593/PF07715 query; no experimental displacement label.,bronze_pseudo_or_self_supervised,bronze,0.1,UniProt,UniProt:PF00593_AND_PF07715,,614,,,,A0A3Z0Y0B0,6,afdb:downloaded
btub_a0a401api4,btub_a0a401api4_afdb_v6,btub,btub,A0A401API4,,,raw_af2/AF-A0A401API4-F1-model_v6.pdb,,unknown,unknown,unknown,unknown,,,,false,,,AFDB,,train,bronze AFDB-only TBDT homolog from UniProt PF00593/PF07715 query; no experimental displacement label.,bronze_pseudo_or_self_supervised,bronze,0.1,UniProt,UniProt:PF00593_AND_PF07715,,614,,,,A0A401API4,6,afdb:downloaded
btub_a0a403fct7,btub_a0a403fct7_afdb_v6,btub,btub,A0A403FCT7,,,raw_af2/AF-A0A403FCT7-F1-model_v6.pdb,,unknown,unknown,unknown,unknown,,,,false,,,AFDB,,train,bronze AFDB-only TBDT homolog from UniProt PF00593/PF07715 query; no experimental displacement label.,bronze_pseudo_or_self_supervised,bronze,0.1,UniProt,UniProt:PF00593_AND_PF07715,,618,,,,A0A403FCT7,6,afdb:downloaded
btub_a0a403m3i5,btub_a0a403m3i5_afdb_v6,btub,btub,A0A403M3I5,,,raw_af2/AF-A0A403M3I5-F1-model_v6.pdb,,unknown,unknown,unknown,unknown,,,,false,,,AFDB,,val,bronze AFDB-only TBDT homolog from UniProt PF00593/PF07715 query; no experimental displacement label.,bronze_pseudo_or_self_supervised,bronze,0.1,UniProt,UniProt:PF00593_AND_PF07715,,614,,,,A0A403M3I5,6,afdb:downloaded
btub_a0a411wft4,btub_a0a411wft4_afdb_v6,btub,btub,A0A411WFT4,,,raw_af2/AF-A0A411WFT4-F1-model_v6.pdb,,unknown,unknown,unknown,unknown,,,,false,,,AFDB,,val,bronze AFDB-only TBDT homolog from UniProt PF00593/PF07715 query; no experimental displacement label.,bronze_pseudo_or_self_supervised,bronze,0.1,UniProt,UniProt:PF00593_AND_PF07715,,619,,,,A0A411WFT4,6,afdb:downloaded
btub_a0a422vra5,btub_a0a422vra5_afdb_v6,btub,btub,A0A422VRA5,,,raw_af2/AF-A0A422VRA5-F1-model_v6.pdb,,unknown,unknown,unknown,unknown,,,,false,,,AFDB,,train,bronze AFDB-only TBDT homolog from UniProt PF00593/PF07715 query; no experimental displacement label.,bronze_pseudo_or_self_supervised,bronze,0.1,UniProt,UniProt:PF00593_AND_PF07715,,612,,,,A0A422VRA5,6,afdb:downloaded
btub_a0a4p8yh99,btub_a0a4p8yh99_afdb_v6,btub,btub,A0A4P8YH99,,,raw_af2/AF-A0A4P8YH99-F1-model_v6.pdb,,unknown,unknown,unknown,unknown,,,,false,,,AFDB,,val,bronze AFDB-only TBDT homolog from UniProt PF00593/PF07715 query; no experimental displacement label.,bronze_pseudo_or_self_supervised,bronze,0.1,UniProt,UniProt:PF00593_AND_PF07715,,622,,,,A0A4P8YH99,6,afdb:downloaded
btub_a0a4q8p3q6,btub_a0a4q8p3q6_afdb_v6,btub,btub,A0A4Q8P3Q6,,,raw_af2/AF-A0A4Q8P3Q6-F1-model_v6.pdb,,unknown,unknown,unknown,unknown,,,,false,,,AFDB,,train,bronze AFDB-only TBDT homolog from UniProt PF00593/PF07715 query; no experimental displacement label.,bronze_pseudo_or_self_supervised,bronze,0.1,UniProt,UniProt:PF00593_AND_PF07715,,614,,,,A0A4Q8P3Q6,6,afdb:downloaded
btub_a0a4q9evp4,btub_a0a4q9evp4_afdb_v6,btub,btub,A0A4Q9EVP4,,,raw_af2/AF-A0A4Q9EVP4-F1-model_v6.pdb,,unknown,unknown,unknown,unknown,,,,false,,,AFDB,,train,bronze AFDB-only TBDT homolog from UniProt PF00593/PF07715 query; no experimental displacement label.,bronze_pseudo_or_self_supervised,bronze,0.1,UniProt,UniProt:PF00593_AND_PF07715,,634,,,,A0A4Q9EVP4,6,afdb:downloaded
btub_a0a4u7zt77,btub_a0a4u7zt77_afdb_v6,btub,btub,A0A4U7ZT77,,,raw_af2/AF-A0A4U7ZT77-F1-model_v6.pdb,,unknown,unknown,unknown,unknown,,,,false,,,AFDB,,val,bronze AFDB-only TBDT homolog from UniProt PF00593/PF07715 query; no experimental displacement label.,bronze_pseudo_or_self_supervised,bronze,0.1,UniProt,UniProt:PF00593_AND_PF07715,,614,,,,A0A4U7ZT77,6,afdb:downloaded
btub_a0a4v1ds89,btub_a0a4v1ds89_afdb_v6,btub,btub,A0A4V1DS89,,,raw_af2/AF-A0A4V1DS89-F1-model_v6.pdb,,unknown,unknown,unknown,unknown,,,,false,,,AFDB,,test,bronze AFDB-only TBDT homolog from UniProt PF00593/PF07715 query; no experimental displacement label.,bronze_pseudo_or_self_supervised,bronze,0.1,UniProt,UniProt:PF00593_AND_PF07715,,614,,,,A0A4V1DS89,6,afdb:downloaded
btub_a0a4v4eru9,btub_a0a4v4eru9_afdb_v6,btub,btub,A0A4V4ERU9,,,raw_af2/AF-A0A4V4ERU9-F1-model_v6.pdb,,unknown,unknown,unknown,unknown,,,,false,,,AFDB,,train,bronze AFDB-only TBDT homolog from UniProt PF00593/PF07715 query; no experimental displacement label.,bronze_pseudo_or_self_supervised,bronze,0.1,UniProt,UniProt:PF00593_AND_PF07715,,618,,,,A0A4V4ERU9,6,afdb:downloaded
btub_a0a506v5z7,btub_a0a506v5z7_afdb_v6,btub,btub,A0A506V5Z7,,,raw_af2/AF-A0A506V5Z7-F1-model_v6.pdb,,unknown,unknown,unknown,unknown,,,,false,,,AFDB,,train,bronze AFDB-only TBDT homolog from UniProt PF00593/PF07715 query; no experimental displacement label.,bronze_pseudo_or_self_supervised,bronze,0.1,UniProt,UniProt:PF00593_AND_PF07715,,625,,,,A0A506V5Z7,6,afdb:downloaded
btub_a0a518xgs8,btub_a0a518xgs8_afdb_v6,btub,btub,A0A518XGS8,,,raw_af2/AF-A0A518XGS8-F1-model_v6.pdb,,unknown,unknown,unknown,unknown,,,,false,,,AFDB,,train,bronze AFDB-only TBDT homolog from UniProt PF00593/PF07715 query; no experimental displacement label.,bronze_pseudo_or_self_supervised,bronze,0.1,UniProt,UniProt:PF00593_AND_PF07715,,626,,,,A0A518XGS8,6,afdb:downloaded
btub_a0a542bh06,btub_a0a542bh06_afdb_v6,btub,btub,A0A542BH06,,,raw_af2/AF-A0A542BH06-F1-model_v6.pdb,,unknown,unknown,unknown,unknown,,,,false,,,AFDB,,train,bronze AFDB-only TBDT homolog from UniProt PF00593/PF07715 query; no experimental displacement label.,bronze_pseudo_or_self_supervised,bronze,0.1,UniProt,UniProt:PF00593_AND_PF07715,,628,,,,A0A542BH06,6,afdb:downloaded
btub_a0a5h5wwu9,btub_a0a5h5wwu9_afdb_v6,btub,btub,A0A5H5WWU9,,,raw_af2/AF-A0A5H5WWU9-F1-model_v6.pdb,,unknown,unknown,unknown,unknown,,,,false,,,AFDB,,train,bronze AFDB-only TBDT homolog from UniProt PF00593/PF07715 query; no experimental displacement label.,bronze_pseudo_or_self_supervised,bronze,0.1,UniProt,UniProt:PF00593_AND_PF07715,,614,,,,A0A5H5WWU9,6,afdb:downloaded
btub_a0a5h6aku0,btub_a0a5h6aku0_afdb_v6,btub,btub,A0A5H6AKU0,,,raw_af2/AF-A0A5H6AKU0-F1-model_v6.pdb,,unknown,unknown,unknown,unknown,,,,false,,,AFDB,,val,bronze AFDB-only TBDT homolog from UniProt PF00593/PF07715 query; no experimental displacement label.,bronze_pseudo_or_self_supervised,bronze,0.1,UniProt,UniProt:PF00593_AND_PF07715,,614,,,,A0A5H6AKU0,6,afdb:downloaded
btub_a0a5h7bq09,btub_a0a5h7bq09_afdb_v6,btub,btub,A0A5H7BQ09,,,raw_af2/AF-A0A5H7BQ09-F1-model_v6.pdb,,unknown,unknown,unknown,unknown,,,,false,,,AFDB,,train,bronze AFDB-only TBDT homolog from UniProt PF00593/PF07715 query; no experimental displacement label.,bronze_pseudo_or_self_supervised,bronze,0.1,UniProt,UniProt:PF00593_AND_PF07715,,614,,,,A0A5H7BQ09,6,afdb:downloaded
btub_a0a5h7iia0,btub_a0a5h7iia0_afdb_v6,btub,btub,A0A5H7IIA0,,,raw_af2/AF-A0A5H7IIA0-F1-model_v6.pdb,,unknown,unknown,unknown,unknown,,,,false,,,AFDB,,train,bronze AFDB-only TBDT homolog from UniProt PF00593/PF07715 query; no experimental displacement label.,bronze_pseudo_or_self_supervised,bronze,0.1,UniProt,UniProt:PF00593_AND_PF07715,,614,,,,A0A5H7IIA0,6,afdb:downloaded
btub_a0a5i0knz7,btub_a0a5i0knz7_afdb_v6,btub,btub,A0A5I0KNZ7,,,raw_af2/AF-A0A5I0KNZ7-F1-model_v6.pdb,,unknown,unknown,unknown,unknown,,,,false,,,AFDB,,test,bronze AFDB-only TBDT homolog from UniProt PF00593/PF07715 query; no experimental displacement label.,bronze_pseudo_or_self_supervised,bronze,0.1,UniProt,UniProt:PF00593_AND_PF07715,,614,,,,A0A5I0KNZ7,6,afdb:downloaded
btub_a0a5i1mdq6,btub_a0a5i1mdq6_afdb_v6,btub,btub,A0A5I1MDQ6,,,raw_af2/AF-A0A5I1MDQ6-F1-model_v6.pdb,,unknown,unknown,unknown,unknown,,,,false,,,AFDB,,train,bronze AFDB-only TBDT homolog from UniProt PF00593/PF07715 query; no experimental displacement label.,bronze_pseudo_or_self_supervised,bronze,0.1,UniProt,UniProt:PF00593_AND_PF07715,,614,,,,A0A5I1MDQ6,6,afdb:downloaded
btub_a0a5i1rx42,btub_a0a5i1rx42_afdb_v6,btub,btub,A0A5I1RX42,,,raw_af2/AF-A0A5I1RX42-F1-model_v6.pdb,,unknown,unknown,unknown,unknown,,,,false,,,AFDB,,test,bronze AFDB-only TBDT homolog from UniProt PF00593/PF07715 query; no experimental displacement label.,bronze_pseudo_or_self_supervised,bronze,0.1,UniProt,UniProt:PF00593_AND_PF07715,,614,,,,A0A5I1RX42,6,afdb:downloaded
btub_a0a5i7zrm5,btub_a0a5i7zrm5_afdb_v6,btub,btub,A0A5I7ZRM5,,,raw_af2/AF-A0A5I7ZRM5-F1-model_v6.pdb,,unknown,unknown,unknown,unknown,,,,false,,,AFDB,,train,bronze AFDB-only TBDT homolog from UniProt PF00593/PF07715 query; no experimental displacement label.,bronze_pseudo_or_self_supervised,bronze,0.1,UniProt,UniProt:PF00593_AND_PF07715,,614,,,,A0A5I7ZRM5,6,afdb:downloaded
btub_a0a5i8uyi1,btub_a0a5i8uyi1_afdb_v6,btub,btub,A0A5I8UYI1,,,raw_af2/AF-A0A5I8UYI1-F1-model_v6.pdb,,unknown,unknown,unknown,unknown,,,,false,,,AFDB,,train,bronze AFDB-only TBDT homolog from UniProt PF00593/PF07715 query; no experimental displacement label.,bronze_pseudo_or_self_supervised,bronze,0.1,UniProt,UniProt:PF00593_AND_PF07715,,614,,,,A0A5I8UYI1,6,afdb:downloaded
btub_a0a5i9baq4,btub_a0a5i9baq4_afdb_v6,btub,btub,A0A5I9BAQ4,,,raw_af2/AF-A0A5I9BAQ4-F1-model_v6.pdb,,unknown,unknown,unknown,unknown,,,,false,,,AFDB,,train,bronze AFDB-only TBDT homolog from UniProt PF00593/PF07715 query; no experimental displacement label.,bronze_pseudo_or_self_supervised,bronze,0.1,UniProt,UniProt:PF00593_AND_PF07715,,614,,,,A0A5I9BAQ4,6,afdb:downloaded
btub_a0a5i9dq83,btub_a0a5i9dq83_afdb_v6,btub,btub,A0A5I9DQ83,,,raw_af2/AF-A0A5I9DQ83-F1-model_v6.pdb,,unknown,unknown,unknown,unknown,,,,false,,,AFDB,,test,bronze AFDB-only TBDT homolog from UniProt PF00593/PF07715 query; no experimental displacement label.,bronze_pseudo_or_self_supervised,bronze,0.1,UniProt,UniProt:PF00593_AND_PF07715,,614,,,,A0A5I9DQ83,6,afdb:downloaded
btub_a0a5j0eva8,btub_a0a5j0eva8_afdb_v6,btub,btub,A0A5J0EVA8,,,raw_af2/AF-A0A5J0EVA8-F1-model_v6.pdb,,unknown,unknown,unknown,unknown,,,,false,,,AFDB,,train,bronze AFDB-only TBDT homolog from UniProt PF00593/PF07715 query; no experimental displacement label.,bronze_pseudo_or_self_supervised,bronze,0.1,UniProt,UniProt:PF00593_AND_PF07715,,614,,,,A0A5J0EVA8,6,afdb:downloaded
btub_a0a5j0nfj4,btub_a0a5j0nfj4_afdb_v6,btub,btub,A0A5J0NFJ4,,,raw_af2/AF-A0A5J0NFJ4-F1-model_v6.pdb,,unknown,unknown,unknown,unknown,,,,false,,,AFDB,,train,bronze AFDB-only TBDT homolog from UniProt PF00593/PF07715 query; no experimental displacement label.,bronze_pseudo_or_self_supervised,bronze,0.1,UniProt,UniProt:PF00593_AND_PF07715,,614,,,,A0A5J0NFJ4,6,afdb:downloaded
btub_a0a5j0vbt2,btub_a0a5j0vbt2_afdb_v6,btub,btub,A0A5J0VBT2,,,raw_af2/AF-A0A5J0VBT2-F1-model_v6.pdb,,unknown,unknown,unknown,unknown,,,,false,,,AFDB,,train,bronze AFDB-only TBDT homolog from UniProt PF00593/PF07715 query; no experimental displacement label.,bronze_pseudo_or_self_supervised,bronze,0.1,UniProt,UniProt:PF00593_AND_PF07715,,614,,,,A0A5J0VBT2,6,afdb:downloaded
btub_a0a5p0jc25,btub_a0a5p0jc25_afdb_v6,btub,btub,A0A5P0JC25,,,raw_af2/AF-A0A5P0JC25-F1-model_v6.pdb,,unknown,unknown,unknown,unknown,,,,false,,,AFDB,,train,bronze AFDB-only TBDT homolog from UniProt PF00593/PF07715 query; no experimental displacement label.,bronze_pseudo_or_self_supervised,bronze,0.1,UniProt,UniProt:PF00593_AND_PF07715,,614,,,,A0A5P0JC25,6,afdb:downloaded
btub_a0a5q2va38,btub_a0a5q2va38_afdb_v6,btub,btub,A0A5Q2VA38,,,raw_af2/AF-A0A5Q2VA38-F1-model_v6.pdb,,unknown,unknown,unknown,unknown,,,,false,,,AFDB,,train,bronze AFDB-only TBDT homolog from UniProt PF00593/PF07715 query; no experimental displacement label.,bronze_pseudo_or_self_supervised,bronze,0.1,UniProt,UniProt:PF00593_AND_PF07715,,623,,,,A0A5Q2VA38,6,afdb:downloaded
btub_a0a5r1yh12,btub_a0a5r1yh12_afdb_v6,btub,btub,A0A5R1YH12,,,raw_af2/AF-A0A5R1YH12-F1-model_v6.pdb,,unknown,unknown,unknown,unknown,,,,false,,,AFDB,,test,bronze AFDB-only TBDT homolog from UniProt PF00593/PF07715 query; no experimental displacement label.,bronze_pseudo_or_self_supervised,bronze,0.1,UniProt,UniProt:PF00593_AND_PF07715,,614,,,,A0A5R1YH12,6,afdb:downloaded
btub_a0a5t3mcm5,btub_a0a5t3mcm5_afdb_v6,btub,btub,A0A5T3MCM5,,,raw_af2/AF-A0A5T3MCM5-F1-model_v6.pdb,,unknown,unknown,unknown,unknown,,,,false,,,AFDB,,train,bronze AFDB-only TBDT homolog from UniProt PF00593/PF07715 query; no experimental displacement label.,bronze_pseudo_or_self_supervised,bronze,0.1,UniProt,UniProt:PF00593_AND_PF07715,,614,,,,A0A5T3MCM5,6,afdb:downloaded
btub_a0a5t5i2h1,btub_a0a5t5i2h1_afdb_v6,btub,btub,A0A5T5I2H1,,,raw_af2/AF-A0A5T5I2H1-F1-model_v6.pdb,,unknown,unknown,unknown,unknown,,,,false,,,AFDB,,train,bronze AFDB-only TBDT homolog from UniProt PF00593/PF07715 query; no experimental displacement label.,bronze_pseudo_or_self_supervised,bronze,0.1,UniProt,UniProt:PF00593_AND_PF07715,,614,,,,A0A5T5I2H1,6,afdb:downloaded
btub_a0a5t6b3h2,btub_a0a5t6b3h2_afdb_v6,btub,btub,A0A5T6B3H2,,,raw_af2/AF-A0A5T6B3H2-F1-model_v6.pdb,,unknown,unknown,unknown,unknown,,,,false,,,AFDB,,train,bronze AFDB-only TBDT homolog from UniProt PF00593/PF07715 query; no experimental displacement label.,bronze_pseudo_or_self_supervised,bronze,0.1,UniProt,UniProt:PF00593_AND_PF07715,,614,,,,A0A5T6B3H2,6,afdb:downloaded
btub_a0a5u1q8m6,btub_a0a5u1q8m6_afdb_v6,btub,btub,A0A5U1Q8M6,,,raw_af2/AF-A0A5U1Q8M6-F1-model_v6.pdb,,unknown,unknown,unknown,unknown,,,,false,,,AFDB,,train,bronze AFDB-only TBDT homolog from UniProt PF00593/PF07715 query; no experimental displacement label.,bronze_pseudo_or_self_supervised,bronze,0.1,UniProt,UniProt:PF00593_AND_PF07715,,626,,,,A0A5U1Q8M6,6,afdb:downloaded
btub_a0a5u5zmy8,btub_a0a5u5zmy8_afdb_v6,btub,btub,A0A5U5ZMY8,,,raw_af2/AF-A0A5U5ZMY8-F1-model_v6.pdb,,unknown,unknown,unknown,unknown,,,,false,,,AFDB,,test,bronze AFDB-only TBDT homolog from UniProt PF00593/PF07715 query; no experimental displacement label.,bronze_pseudo_or_self_supervised,bronze,0.1,UniProt,UniProt:PF00593_AND_PF07715,,614,,,,A0A5U5ZMY8,6,afdb:downloaded
btub_a0a5u8svx4,btub_a0a5u8svx4_afdb_v6,btub,btub,A0A5U8SVX4,,,raw_af2/AF-A0A5U8SVX4-F1-model_v6.pdb,,unknown,unknown,unknown,unknown,,,,false,,,AFDB,,train,bronze AFDB-only TBDT homolog from UniProt PF00593/PF07715 query; no experimental displacement label.,bronze_pseudo_or_self_supervised,bronze,0.1,UniProt,UniProt:PF00593_AND_PF07715,,636,,,,A0A5U8SVX4,6,afdb:downloaded
btub_a0a5v0qc30,btub_a0a5v0qc30_afdb_v6,btub,btub,A0A5V0QC30,,,raw_af2/AF-A0A5V0QC30-F1-model_v6.pdb,,unknown,unknown,unknown,unknown,,,,false,,,AFDB,,train,bronze AFDB-only TBDT homolog from UniProt PF00593/PF07715 query; no experimental displacement label.,bronze_pseudo_or_self_supervised,bronze,0.1,UniProt,UniProt:PF00593_AND_PF07715,,614,,,,A0A5V0QC30,6,afdb:downloaded
btub_a0a5v4tnv4,btub_a0a5v4tnv4_afdb_v6,btub,btub,A0A5V4TNV4,,,raw_af2/AF-A0A5V4TNV4-F1-model_v6.pdb,,unknown,unknown,unknown,unknown,,,,false,,,AFDB,,train,bronze AFDB-only TBDT homolog from UniProt PF00593/PF07715 query; no experimental displacement label.,bronze_pseudo_or_self_supervised,bronze,0.1,UniProt,UniProt:PF00593_AND_PF07715,,614,,,,A0A5V4TNV4,6,afdb:downloaded
btub_a0a5v5ia23,btub_a0a5v5ia23_afdb_v6,btub,btub,A0A5V5IA23,,,raw_af2/AF-A0A5V5IA23-F1-model_v6.pdb,,unknown,unknown,unknown,unknown,,,,false,,,AFDB,,test,bronze AFDB-only TBDT homolog from UniProt PF00593/PF07715 query; no experimental displacement label.,bronze_pseudo_or_self_supervised,bronze,0.1,UniProt,UniProt:PF00593_AND_PF07715,,618,,,,A0A5V5IA23,6,afdb:downloaded
btub_a0a5w1rs66,btub_a0a5w1rs66_afdb_v6,btub,btub,A0A5W1RS66,,,raw_af2/AF-A0A5W1RS66-F1-model_v6.pdb,,unknown,unknown,unknown,unknown,,,,false,,,AFDB,,train,bronze AFDB-only TBDT homolog from UniProt PF00593/PF07715 query; no experimental displacement label.,bronze_pseudo_or_self_supervised,bronze,0.1,UniProt,UniProt:PF00593_AND_PF07715,,614,,,,A0A5W1RS66,6,afdb:downloaded
btub_a0a5w2lq17,btub_a0a5w2lq17_afdb_v6,btub,btub,A0A5W2LQ17,,,raw_af2/AF-A0A5W2LQ17-F1-model_v6.pdb,,unknown,unknown,unknown,unknown,,,,false,,,AFDB,,val,bronze AFDB-only TBDT homolog from UniProt PF00593/PF07715 query; no experimental displacement label.,bronze_pseudo_or_self_supervised,bronze,0.1,UniProt,UniProt:PF00593_AND_PF07715,,614,,,,A0A5W2LQ17,6,afdb:downloaded
btub_a0a5w7rtx2,btub_a0a5w7rtx2_afdb_v6,btub,btub,A0A5W7RTX2,,,raw_af2/AF-A0A5W7RTX2-F1-model_v6.pdb,,unknown,unknown,unknown,unknown,,,,false,,,AFDB,,train,bronze AFDB-only TBDT homolog from UniProt PF00593/PF07715 query; no experimental displacement label.,bronze_pseudo_or_self_supervised,bronze,0.1,UniProt,UniProt:PF00593_AND_PF07715,,618,,,,A0A5W7RTX2,6,afdb:downloaded
btub_a0a5w8mfg9,btub_a0a5w8mfg9_afdb_v6,btub,btub,A0A5W8MFG9,,,raw_af2/AF-A0A5W8MFG9-F1-model_v6.pdb,,unknown,unknown,unknown,unknown,,,,false,,,AFDB,,train,bronze AFDB-only TBDT homolog from UniProt PF00593/PF07715 query; no experimental displacement label.,bronze_pseudo_or_self_supervised,bronze,0.1,UniProt,UniProt:PF00593_AND_PF07715,,614,,,,A0A5W8MFG9,6,afdb:downloaded
btub_a0a5x5nq39,btub_a0a5x5nq39_afdb_v6,btub,btub,A0A5X5NQ39,,,raw_af2/AF-A0A5X5NQ39-F1-model_v6.pdb,,unknown,unknown,unknown,unknown,,,,false,,,AFDB,,val,bronze AFDB-only TBDT homolog from UniProt PF00593/PF07715 query; no experimental displacement label.,bronze_pseudo_or_self_supervised,bronze,0.1,UniProt,UniProt:PF00593_AND_PF07715,,614,,,,A0A5X5NQ39,6,afdb:downloaded
btub_a0a5x7k2s8,btub_a0a5x7k2s8_afdb_v6,btub,btub,A0A5X7K2S8,,,raw_af2/AF-A0A5X7K2S8-F1-model_v6.pdb,,unknown,unknown,unknown,unknown,,,,false,,,AFDB,,val,bronze AFDB-only TBDT homolog from UniProt PF00593/PF07715 query; no experimental displacement label.,bronze_pseudo_or_self_supervised,bronze,0.1,UniProt,UniProt:PF00593_AND_PF07715,,614,,,,A0A5X7K2S8,6,afdb:downloaded
btub_a0a5y0mp22,btub_a0a5y0mp22_afdb_v6,btub,btub,A0A5Y0MP22,,,raw_af2/AF-A0A5Y0MP22-F1-model_v6.pdb,,unknown,unknown,unknown,unknown,,,,false,,,AFDB,,train,bronze AFDB-only TBDT homolog from UniProt PF00593/PF07715 query; no experimental displacement label.,bronze_pseudo_or_self_supervised,bronze,0.1,UniProt,UniProt:PF00593_AND_PF07715,,614,,,,A0A5Y0MP22,6,afdb:downloaded
btub_a0a5y2kpz2,btub_a0a5y2kpz2_afdb_v6,btub,btub,A0A5Y2KPZ2,,,raw_af2/AF-A0A5Y2KPZ2-F1-model_v6.pdb,,unknown,unknown,unknown,unknown,,,,false,,,AFDB,,test,bronze AFDB-only TBDT homolog from UniProt PF00593/PF07715 query; no experimental displacement label.,bronze_pseudo_or_self_supervised,bronze,0.1,UniProt,UniProt:PF00593_AND_PF07715,,614,,,,A0A5Y2KPZ2,6,afdb:downloaded
btub_a0a5y3xhs5,btub_a0a5y3xhs5_afdb_v6,btub,btub,A0A5Y3XHS5,,,raw_af2/AF-A0A5Y3XHS5-F1-model_v6.pdb,,unknown,unknown,unknown,unknown,,,,false,,,AFDB,,test,bronze AFDB-only TBDT homolog from UniProt PF00593/PF07715 query; no experimental displacement label.,bronze_pseudo_or_self_supervised,bronze,0.1,UniProt,UniProt:PF00593_AND_PF07715,,614,,,,A0A5Y3XHS5,6,afdb:downloaded
btub_a0a5y5xt48,btub_a0a5y5xt48_afdb_v6,btub,btub,A0A5Y5XT48,,,raw_af2/AF-A0A5Y5XT48-F1-model_v6.pdb,,unknown,unknown,unknown,unknown,,,,false,,,AFDB,,train,bronze AFDB-only TBDT homolog from UniProt PF00593/PF07715 query; no experimental displacement label.,bronze_pseudo_or_self_supervised,bronze,0.1,UniProt,UniProt:PF00593_AND_PF07715,,614,,,,A0A5Y5XT48,6,afdb:downloaded
btub_a0a5z0rbp0,btub_a0a5z0rbp0_afdb_v6,btub,btub,A0A5Z0RBP0,,,raw_af2/AF-A0A5Z0RBP0-F1-model_v6.pdb,,unknown,unknown,unknown,unknown,,,,false,,,AFDB,,test,bronze AFDB-only TBDT homolog from UniProt PF00593/PF07715 query; no experimental displacement label.,bronze_pseudo_or_self_supervised,bronze,0.1,UniProt,UniProt:PF00593_AND_PF07715,,614,,,,A0A5Z0RBP0,6,afdb:downloaded
btub_a0a5z2ezb4,btub_a0a5z2ezb4_afdb_v6,btub,btub,A0A5Z2EZB4,,,raw_af2/AF-A0A5Z2EZB4-F1-model_v6.pdb,,unknown,unknown,unknown,unknown,,,,false,,,AFDB,,test,bronze AFDB-only TBDT homolog from UniProt PF00593/PF07715 query; no experimental displacement label.,bronze_pseudo_or_self_supervised,bronze,0.1,UniProt,UniProt:PF00593_AND_PF07715,,614,,,,A0A5Z2EZB4,6,afdb:downloaded
btub_a0a602z088,btub_a0a602z088_afdb_v6,btub,btub,A0A602Z088,,,raw_af2/AF-A0A602Z088-F1-model_v6.pdb,,unknown,unknown,unknown,unknown,,,,false,,,AFDB,,val,bronze AFDB-only TBDT homolog from UniProt PF00593/PF07715 query; no experimental displacement label.,bronze_pseudo_or_self_supervised,bronze,0.1,UniProt,UniProt:PF00593_AND_PF07715,,614,,,,A0A602Z088,6,afdb:downloaded
btub_a0a607i680,btub_a0a607i680_afdb_v6,btub,btub,A0A607I680,,,raw_af2/AF-A0A607I680-F1-model_v6.pdb,,unknown,unknown,unknown,unknown,,,,false,,,AFDB,,train,bronze AFDB-only TBDT homolog from UniProt PF00593/PF07715 query; no experimental displacement label.,bronze_pseudo_or_self_supervised,bronze,0.1,UniProt,UniProt:PF00593_AND_PF07715,,614,,,,A0A607I680,6,afdb:downloaded
btub_a0a609wc36,btub_a0a609wc36_afdb_v6,btub,btub,A0A609WC36,,,raw_af2/AF-A0A609WC36-F1-model_v6.pdb,,unknown,unknown,unknown,unknown,,,,false,,,AFDB,,train,bronze AFDB-only TBDT homolog from UniProt PF00593/PF07715 query; no experimental displacement label.,bronze_pseudo_or_self_supervised,bronze,0.1,UniProt,UniProt:PF00593_AND_PF07715,,614,,,,A0A609WC36,6,afdb:downloaded
btub_a0a618ypr3,btub_a0a618ypr3_afdb_v6,btub,btub,A0A618YPR3,,,raw_af2/AF-A0A618YPR3-F1-model_v6.pdb,,unknown,unknown,unknown,unknown,,,,false,,,AFDB,,train,bronze AFDB-only TBDT homolog from UniProt PF00593/PF07715 query; no experimental displacement label.,bronze_pseudo_or_self_supervised,bronze,0.1,UniProt,UniProt:PF00593_AND_PF07715,,614,,,,A0A618YPR3,6,afdb:downloaded
btub_a0a622p5v9,btub_a0a622p5v9_afdb_v6,btub,btub,A0A622P5V9,,,raw_af2/AF-A0A622P5V9-F1-model_v6.pdb,,unknown,unknown,unknown,unknown,,,,false,,,AFDB,,test,bronze AFDB-only TBDT homolog from UniProt PF00593/PF07715 query; no experimental displacement label.,bronze_pseudo_or_self_supervised,bronze,0.1,UniProt,UniProt:PF00593_AND_PF07715,,614,,,,A0A622P5V9,6,afdb:downloaded
btub_a0a627bnq2,btub_a0a627bnq2_afdb_v6,btub,btub,A0A627BNQ2,,,raw_af2/AF-A0A627BNQ2-F1-model_v6.pdb,,unknown,unknown,unknown,unknown,,,,false,,,AFDB,,train,bronze AFDB-only TBDT homolog from UniProt PF00593/PF07715 query; no experimental displacement label.,bronze_pseudo_or_self_supervised,bronze,0.1,UniProt,UniProt:PF00593_AND_PF07715,,614,,,,A0A627BNQ2,6,afdb:downloaded
btub_a0a628pmd8,btub_a0a628pmd8_afdb_v6,btub,btub,A0A628PMD8,,,raw_af2/AF-A0A628PMD8-F1-model_v6.pdb,,unknown,unknown,unknown,unknown,,,,false,,,AFDB,,train,bronze AFDB-only TBDT homolog from UniProt PF00593/PF07715 query; no experimental displacement label.,bronze_pseudo_or_self_supervised,bronze,0.1,UniProt,UniProt:PF00593_AND_PF07715,,614,,,,A0A628PMD8,6,afdb:downloaded
btub_a0a633ebl4,btub_a0a633ebl4_afdb_v6,btub,btub,A0A633EBL4,,,raw_af2/AF-A0A633EBL4-F1-model_v6.pdb,,unknown,unknown,unknown,unknown,,,,false,,,AFDB,,train,bronze AFDB-only TBDT homolog from UniProt PF00593/PF07715 query; no experimental displacement label.,bronze_pseudo_or_self_supervised,bronze,0.1,UniProt,UniProt:PF00593_AND_PF07715,,614,,,,A0A633EBL4,6,afdb:downloaded
btub_a0a636kbe9,btub_a0a636kbe9_afdb_v6,btub,btub,A0A636KBE9,,,raw_af2/AF-A0A636KBE9-F1-model_v6.pdb,,unknown,unknown,unknown,unknown,,,,false,,,AFDB,,test,bronze AFDB-only TBDT homolog from UniProt PF00593/PF07715 query; no experimental displacement label.,bronze_pseudo_or_self_supervised,bronze,0.1,UniProt,UniProt:PF00593_AND_PF07715,,614,,,,A0A636KBE9,6,afdb:downloaded
btub_a0a636nzj9,btub_a0a636nzj9_afdb_v6,btub,btub,A0A636NZJ9,,,raw_af2/AF-A0A636NZJ9-F1-model_v6.pdb,,unknown,unknown,unknown,unknown,,,,false,,,AFDB,,train,bronze AFDB-only TBDT homolog from UniProt PF00593/PF07715 query; no experimental displacement label.,bronze_pseudo_or_self_supervised,bronze,0.1,UniProt,UniProt:PF00593_AND_PF07715,,614,,,,A0A636NZJ9,6,afdb:downloaded
btub_a0a639nvx9,btub_a0a639nvx9_afdb_v6,btub,btub,A0A639NVX9,,,raw_af2/AF-A0A639NVX9-F1-model_v6.pdb,,unknown,unknown,unknown,unknown,,,,false,,,AFDB,,train,bronze AFDB-only TBDT homolog from UniProt PF00593/PF07715 query; no experimental displacement label.,bronze_pseudo_or_self_supervised,bronze,0.1,UniProt,UniProt:PF00593_AND_PF07715,,614,,,,A0A639NVX9,6,afdb:downloaded
btub_a0a657fxw0,btub_a0a657fxw0_afdb_v6,btub,btub,A0A657FXW0,,,raw_af2/AF-A0A657FXW0-F1-model_v6.pdb,,unknown,unknown,unknown,unknown,,,,false,,,AFDB,,train,bronze AFDB-only TBDT homolog from UniProt PF00593/PF07715 query; no experimental displacement label.,bronze_pseudo_or_self_supervised,bronze,0.1,UniProt,UniProt:PF00593_AND_PF07715,,614,,,,A0A657FXW0,6,afdb:downloaded
btub_a0a6c6zxk3,btub_a0a6c6zxk3_afdb_v6,btub,btub,A0A6C6ZXK3,,,raw_af2/AF-A0A6C6ZXK3-F1-model_v6.pdb,,unknown,unknown,unknown,unknown,,,,false,,,AFDB,,train,bronze AFDB-only TBDT homolog from UniProt PF00593/PF07715 query; no experimental displacement label.,bronze_pseudo_or_self_supervised,bronze,0.1,UniProt,UniProt:PF00593_AND_PF07715,,614,,,,A0A6C6ZXK3,6,afdb:downloaded
btub_a0a6c8lkp6,btub_a0a6c8lkp6_afdb_v6,btub,btub,A0A6C8LKP6,,,raw_af2/AF-A0A6C8LKP6-F1-model_v6.pdb,,unknown,unknown,unknown,unknown,,,,false,,,AFDB,,train,bronze AFDB-only TBDT homolog from UniProt PF00593/PF07715 query; no experimental displacement label.,bronze_pseudo_or_self_supervised,bronze,0.1,UniProt,UniProt:PF00593_AND_PF07715,,618,,,,A0A6C8LKP6,6,afdb:downloaded
btub_a0a6c8yi67,btub_a0a6c8yi67_afdb_v6,btub,btub,A0A6C8YI67,,,raw_af2/AF-A0A6C8YI67-F1-model_v6.pdb,,unknown,unknown,unknown,unknown,,,,false,,,AFDB,,train,bronze AFDB-only TBDT homolog from UniProt PF00593/PF07715 query; no experimental displacement label.,bronze_pseudo_or_self_supervised,bronze,0.1,UniProt,UniProt:PF00593_AND_PF07715,,618,,,,A0A6C8YI67,6,afdb:downloaded
btub_a0a6i6f688,btub_a0a6i6f688_afdb_v6,btub,btub,A0A6I6F688,,,raw_af2/AF-A0A6I6F688-F1-model_v6.pdb,,unknown,unknown,unknown,unknown,,,,false,,,AFDB,,train,bronze AFDB-only TBDT homolog from UniProt PF00593/PF07715 query; no experimental displacement label.,bronze_pseudo_or_self_supervised,bronze,0.1,UniProt,UniProt:PF00593_AND_PF07715,,622,,,,A0A6I6F688,6,afdb:downloaded
btub_a0a6i7d430,btub_a0a6i7d430_afdb_v6,btub,btub,A0A6I7D430,,,raw_af2/AF-A0A6I7D430-F1-model_v6.pdb,,unknown,unknown,unknown,unknown,,,,false,,,AFDB,,train,bronze AFDB-only TBDT homolog from UniProt PF00593/PF07715 query; no experimental displacement label.,bronze_pseudo_or_self_supervised,bronze,0.1,UniProt,UniProt:PF00593_AND_PF07715,,618,,,,A0A6I7D430,6,afdb:downloaded
btub_a0a6p1v1c6,btub_a0a6p1v1c6_afdb_v6,btub,btub,A0A6P1V1C6,,,raw_af2/AF-A0A6P1V1C6-F1-model_v6.pdb,,unknown,unknown,unknown,unknown,,,,false,,,AFDB,,train,bronze AFDB-only TBDT homolog from UniProt PF00593/PF07715 query; no experimental displacement label.,bronze_pseudo_or_self_supervised,bronze,0.1,UniProt,UniProt:PF00593_AND_PF07715,,615,,,,A0A6P1V1C6,6,afdb:downloaded
btub_a0a6v9xn18,btub_a0a6v9xn18_afdb_v6,btub,btub,A0A6V9XN18,,,raw_af2/AF-A0A6V9XN18-F1-model_v6.pdb,,unknown,unknown,unknown,unknown,,,,false,,,AFDB,,train,bronze AFDB-only TBDT homolog from UniProt PF00593/PF07715 query; no experimental displacement label.,bronze_pseudo_or_self_supervised,bronze,0.1,UniProt,UniProt:PF00593_AND_PF07715,,614,,,,A0A6V9XN18,6,afdb:downloaded
btub_a0a6y1xwi9,btub_a0a6y1xwi9_afdb_v6,btub,btub,A0A6Y1XWI9,,,raw_af2/AF-A0A6Y1XWI9-F1-model_v6.pdb,,unknown,unknown,unknown,unknown,,,,false,,,AFDB,,train,bronze AFDB-only TBDT homolog from UniProt PF00593/PF07715 query; no experimental displacement label.,bronze_pseudo_or_self_supervised,bronze,0.1,UniProt,UniProt:PF00593_AND_PF07715,,614,,,,A0A6Y1XWI9,6,afdb:downloaded
btub_a0a6y3t1a7,btub_a0a6y3t1a7_afdb_v6,btub,btub,A0A6Y3T1A7,,,raw_af2/AF-A0A6Y3T1A7-F1-model_v6.pdb,,unknown,unknown,unknown,unknown,,,,false,,,AFDB,,train,bronze AFDB-only TBDT homolog from UniProt PF00593/PF07715 query; no experimental displacement label.,bronze_pseudo_or_self_supervised,bronze,0.1,UniProt,UniProt:PF00593_AND_PF07715,,614,,,,A0A6Y3T1A7,6,afdb:downloaded
btub_a0a6y5ysm0,btub_a0a6y5ysm0_afdb_v6,btub,btub,A0A6Y5YSM0,,,raw_af2/AF-A0A6Y5YSM0-F1-model_v6.pdb,,unknown,unknown,unknown,unknown,,,,false,,,AFDB,,test,bronze AFDB-only TBDT homolog from UniProt PF00593/PF07715 query; no experimental displacement label.,bronze_pseudo_or_self_supervised,bronze,0.1,UniProt,UniProt:PF00593_AND_PF07715,,614,,,,A0A6Y5YSM0,6,afdb:downloaded
btub_a0a701k7k3,btub_a0a701k7k3_afdb_v6,btub,btub,A0A701K7K3,,,raw_af2/AF-A0A701K7K3-F1-model_v6.pdb,,unknown,unknown,unknown,unknown,,,,false,,,AFDB,,test,bronze AFDB-only TBDT homolog from UniProt PF00593/PF07715 query; no experimental displacement label.,bronze_pseudo_or_self_supervised,bronze,0.1,UniProt,UniProt:PF00593_AND_PF07715,,614,,,,A0A701K7K3,6,afdb:downloaded
btub_a0a702lj70,btub_a0a702lj70_afdb_v6,btub,btub,A0A702LJ70,,,raw_af2/AF-A0A702LJ70-F1-model_v6.pdb,,unknown,unknown,unknown,unknown,,,,false,,,AFDB,,train,bronze AFDB-only TBDT homolog from UniProt PF00593/PF07715 query; no experimental displacement label.,bronze_pseudo_or_self_supervised,bronze,0.1,UniProt,UniProt:PF00593_AND_PF07715,,614,,,,A0A702LJ70,6,afdb:downloaded
btub_a0a716ch53,btub_a0a716ch53_afdb_v6,btub,btub,A0A716CH53,,,raw_af2/AF-A0A716CH53-F1-model_v6.pdb,,unknown,unknown,unknown,unknown,,,,false,,,AFDB,,train,bronze AFDB-only TBDT homolog from UniProt PF00593/PF07715 query; no experimental displacement label.,bronze_pseudo_or_self_supervised,bronze,0.1,UniProt,UniProt:PF00593_AND_PF07715,,614,,,,A0A716CH53,6,afdb:downloaded
btub_a0a718rly4,btub_a0a718rly4_afdb_v6,btub,btub,A0A718RLY4,,,raw_af2/AF-A0A718RLY4-F1-model_v6.pdb,,unknown,unknown,unknown,unknown,,,,false,,,AFDB,,train,bronze AFDB-only TBDT homolog from UniProt PF00593/PF07715 query; no experimental displacement label.,bronze_pseudo_or_self_supervised,bronze,0.1,UniProt,UniProt:PF00593_AND_PF07715,,614,,,,A0A718RLY4,6,afdb:downloaded
btub_a0a719cxx3,btub_a0a719cxx3_afdb_v6,btub,btub,A0A719CXX3,,,raw_af2/AF-A0A719CXX3-F1-model_v6.pdb,,unknown,unknown,unknown,unknown,,,,false,,,AFDB,,train,bronze AFDB-only TBDT homolog from UniProt PF00593/PF07715 query; no experimental displacement label.,bronze_pseudo_or_self_supervised,bronze,0.1,UniProt,UniProt:PF00593_AND_PF07715,,614,,,,A0A719CXX3,6,afdb:downloaded
btub_a0a727mh21,btub_a0a727mh21_afdb_v6,btub,btub,A0A727MH21,,,raw_af2/AF-A0A727MH21-F1-model_v6.pdb,,unknown,unknown,unknown,unknown,,,,false,,,AFDB,,train,bronze AFDB-only TBDT homolog from UniProt PF00593/PF07715 query; no experimental displacement label.,bronze_pseudo_or_self_supervised,bronze,0.1,UniProt,UniProt:PF00593_AND_PF07715,,614,,,,A0A727MH21,6,afdb:downloaded
btub_a0a727tif2,btub_a0a727tif2_afdb_v6,btub,btub,A0A727TIF2,,,raw_af2/AF-A0A727TIF2-F1-model_v6.pdb,,unknown,unknown,unknown,unknown,,,,false,,,AFDB,,train,bronze AFDB-only TBDT homolog from UniProt PF00593/PF07715 query; no experimental displacement label.,bronze_pseudo_or_self_supervised,bronze,0.1,UniProt,UniProt:PF00593_AND_PF07715,,614,,,,A0A727TIF2,6,afdb:downloaded
btub_a0a729jvn1,btub_a0a729jvn1_afdb_v6,btub,btub,A0A729JVN1,,,raw_af2/AF-A0A729JVN1-F1-model_v6.pdb,,unknown,unknown,unknown,unknown,,,,false,,,AFDB,,train,bronze AFDB-only TBDT homolog from UniProt PF00593/PF07715 query; no experimental displacement label.,bronze_pseudo_or_self_supervised,bronze,0.1,UniProt,UniProt:PF00593_AND_PF07715,,618,,,,A0A729JVN1,6,afdb:downloaded
btub_a0a731jji1,btub_a0a731jji1_afdb_v6,btub,btub,A0A731JJI1,,,raw_af2/AF-A0A731JJI1-F1-model_v6.pdb,,unknown,unknown,unknown,unknown,,,,false,,,AFDB,,train,bronze AFDB-only TBDT homolog from UniProt PF00593/PF07715 query; no experimental displacement label.,bronze_pseudo_or_self_supervised,bronze,0.1,UniProt,UniProt:PF00593_AND_PF07715,,614,,,,A0A731JJI1,6,afdb:downloaded
btub_a0a731r962,btub_a0a731r962_afdb_v6,btub,btub,A0A731R962,,,raw_af2/AF-A0A731R962-F1-model_v6.pdb,,unknown,unknown,unknown,unknown,,,,false,,,AFDB,,train,bronze AFDB-only TBDT homolog from UniProt PF00593/PF07715 query; no experimental displacement label.,bronze_pseudo_or_self_supervised,bronze,0.1,UniProt,UniProt:PF00593_AND_PF07715,,614,,,,A0A731R962,6,afdb:downloaded
btub_a0a732cug0,btub_a0a732cug0_afdb_v6,btub,btub,A0A732CUG0,,,raw_af2/AF-A0A732CUG0-F1-model_v6.pdb,,unknown,unknown,unknown,unknown,,,,false,,,AFDB,,test,bronze AFDB-only TBDT homolog from UniProt PF00593/PF07715 query; no experimental displacement label.,bronze_pseudo_or_self_supervised,bronze,0.1,UniProt,UniProt:PF00593_AND_PF07715,,614,,,,A0A732CUG0,6,afdb:downloaded
btub_a0a732i6i7,btub_a0a732i6i7_afdb_v6,btub,btub,A0A732I6I7,,,raw_af2/AF-A0A732I6I7-F1-model_v6.pdb,,unknown,unknown,unknown,unknown,,,,false,,,AFDB,,train,bronze AFDB-only TBDT homolog from UniProt PF00593/PF07715 query; no experimental displacement label.,bronze_pseudo_or_self_supervised,bronze,0.1,UniProt,UniProt:PF00593_AND_PF07715,,614,,,,A0A732I6I7,6,afdb:downloaded
btub_a0a734hlv6,btub_a0a734hlv6_afdb_v6,btub,btub,A0A734HLV6,,,raw_af2/AF-A0A734HLV6-F1-model_v6.pdb,,unknown,unknown,unknown,unknown,,,,false,,,AFDB,,train,bronze AFDB-only TBDT homolog from UniProt PF00593/PF07715 query; no experimental displacement label.,bronze_pseudo_or_self_supervised,bronze,0.1,UniProt,UniProt:PF00593_AND_PF07715,,618,,,,A0A734HLV6,6,afdb:downloaded
btub_a0a737c4v2,btub_a0a737c4v2_afdb_v6,btub,btub,A0A737C4V2,,,raw_af2/AF-A0A737C4V2-F1-model_v6.pdb,,unknown,unknown,unknown,unknown,,,,false,,,AFDB,,train,bronze AFDB-only TBDT homolog from UniProt PF00593/PF07715 query; no experimental displacement label.,bronze_pseudo_or_self_supervised,bronze,0.1,UniProt,UniProt:PF00593_AND_PF07715,,618,,,,A0A737C4V2,6,afdb:downloaded
btub_a0a737iv85,btub_a0a737iv85_afdb_v6,btub,btub,A0A737IV85,,,raw_af2/AF-A0A737IV85-F1-model_v6.pdb,,unknown,unknown,unknown,unknown,,,,false,,,AFDB,,train,bronze AFDB-only TBDT homolog from UniProt PF00593/PF07715 query; no experimental displacement label.,bronze_pseudo_or_self_supervised,bronze,0.1,UniProt,UniProt:PF00593_AND_PF07715,,618,,,,A0A737IV85,6,afdb:downloaded
btub_a0a737nuy4,btub_a0a737nuy4_afdb_v6,btub,btub,A0A737NUY4,,,raw_af2/AF-A0A737NUY4-F1-model_v6.pdb,,unknown,unknown,unknown,unknown,,,,false,,,AFDB,,test,bronze AFDB-only TBDT homolog from UniProt PF00593/PF07715 query; no experimental displacement label.,bronze_pseudo_or_self_supervised,bronze,0.1,UniProt,UniProt:PF00593_AND_PF07715,,614,,,,A0A737NUY4,6,afdb:downloaded
btub_a0a737rnw4,btub_a0a737rnw4_afdb_v6,btub,btub,A0A737RNW4,,,raw_af2/AF-A0A737RNW4-F1-model_v6.pdb,,unknown,unknown,unknown,unknown,,,,false,,,AFDB,,train,bronze AFDB-only TBDT homolog from UniProt PF00593/PF07715 query; no experimental displacement label.,bronze_pseudo_or_self_supervised,bronze,0.1,UniProt,UniProt:PF00593_AND_PF07715,,614,,,,A0A737RNW4,6,afdb:downloaded
btub_a0a738aua9,btub_a0a738aua9_afdb_v6,btub,btub,A0A738AUA9,,,raw_af2/AF-A0A738AUA9-F1-model_v6.pdb,,unknown,unknown,unknown,unknown,,,,false,,,AFDB,,train,bronze AFDB-only TBDT homolog from UniProt PF00593/PF07715 query; no experimental displacement label.,bronze_pseudo_or_self_supervised,bronze,0.1,UniProt,UniProt:PF00593_AND_PF07715,,614,,,,A0A738AUA9,6,afdb:downloaded
btub_a0a741p9e4,btub_a0a741p9e4_afdb_v6,btub,btub,A0A741P9E4,,,raw_af2/AF-A0A741P9E4-F1-model_v6.pdb,,unknown,unknown,unknown,unknown,,,,false,,,AFDB,,val,bronze AFDB-only TBDT homolog from UniProt PF00593/PF07715 query; no experimental displacement label.,bronze_pseudo_or_self_supervised,bronze,0.1,UniProt,UniProt:PF00593_AND_PF07715,,614,,,,A0A741P9E4,6,afdb:downloaded
btub_a0a742pt29,btub_a0a742pt29_afdb_v6,btub,btub,A0A742PT29,,,raw_af2/AF-A0A742PT29-F1-model_v6.pdb,,unknown,unknown,unknown,unknown,,,,false,,,AFDB,,train,bronze AFDB-only TBDT homolog from UniProt PF00593/PF07715 query; no experimental displacement label.,bronze_pseudo_or_self_supervised,bronze,0.1,UniProt,UniProt:PF00593_AND_PF07715,,614,,,,A0A742PT29,6,afdb:downloaded
btub_a0a743cem6,btub_a0a743cem6_afdb_v6,btub,btub,A0A743CEM6,,,raw_af2/AF-A0A743CEM6-F1-model_v6.pdb,,unknown,unknown,unknown,unknown,,,,false,,,AFDB,,test,bronze AFDB-only TBDT homolog from UniProt PF00593/PF07715 query; no experimental displacement label.,bronze_pseudo_or_self_supervised,bronze,0.1,UniProt,UniProt:PF00593_AND_PF07715,,614,,,,A0A743CEM6,6,afdb:downloaded
btub_a0a744akc7,btub_a0a744akc7_afdb_v6,btub,btub,A0A744AKC7,,,raw_af2/AF-A0A744AKC7-F1-model_v6.pdb,,unknown,unknown,unknown,unknown,,,,false,,,AFDB,,train,bronze AFDB-only TBDT homolog from UniProt PF00593/PF07715 query; no experimental displacement label.,bronze_pseudo_or_self_supervised,bronze,0.1,UniProt,UniProt:PF00593_AND_PF07715,,614,,,,A0A744AKC7,6,afdb:downloaded
btub_a0a745iiw3,btub_a0a745iiw3_afdb_v6,btub,btub,A0A745IIW3,,,raw_af2/AF-A0A745IIW3-F1-model_v6.pdb,,unknown,unknown,unknown,unknown,,,,false,,,AFDB,,train,bronze AFDB-only TBDT homolog from UniProt PF00593/PF07715 query; no experimental displacement label.,bronze_pseudo_or_self_supervised,bronze,0.1,UniProt,UniProt:PF00593_AND_PF07715,,614,,,,A0A745IIW3,6,afdb:downloaded
btub_a0a749zbl4,btub_a0a749zbl4_afdb_v6,btub,btub,A0A749ZBL4,,,raw_af2/AF-A0A749ZBL4-F1-model_v6.pdb,,unknown,unknown,unknown,unknown,,,,false,,,AFDB,,train,bronze AFDB-only TBDT homolog from UniProt PF00593/PF07715 query; no experimental displacement label.,bronze_pseudo_or_self_supervised,bronze,0.1,UniProt,UniProt:PF00593_AND_PF07715,,614,,,,A0A749ZBL4,6,afdb:downloaded
btub_a0a752j163,btub_a0a752j163_afdb_v6,btub,btub,A0A752J163,,,raw_af2/AF-A0A752J163-F1-model_v6.pdb,,unknown,unknown,unknown,unknown,,,,false,,,AFDB,,train,bronze AFDB-only TBDT homolog from UniProt PF00593/PF07715 query; no experimental displacement label.,bronze_pseudo_or_self_supervised,bronze,0.1,UniProt,UniProt:PF00593_AND_PF07715,,614,,,,A0A752J163,6,afdb:downloaded
btub_a0a754kbx0,btub_a0a754kbx0_afdb_v6,btub,btub,A0A754KBX0,,,raw_af2/AF-A0A754KBX0-F1-model_v6.pdb,,unknown,unknown,unknown,unknown,,,,false,,,AFDB,,train,bronze AFDB-only TBDT homolog from UniProt PF00593/PF07715 query; no experimental displacement label.,bronze_pseudo_or_self_supervised,bronze,0.1,UniProt,UniProt:PF00593_AND_PF07715,,614,,,,A0A754KBX0,6,afdb:downloaded
btub_a0a7h9fy70,btub_a0a7h9fy70_afdb_v6,btub,btub,A0A7H9FY70,,,raw_af2/AF-A0A7H9FY70-F1-model_v6.pdb,,unknown,unknown,unknown,unknown,,,,false,,,AFDB,,train,bronze AFDB-only TBDT homolog from UniProt PF00593/PF07715 query; no experimental displacement label.,bronze_pseudo_or_self_supervised,bronze,0.1,UniProt,UniProt:PF00593_AND_PF07715,,612,,,,A0A7H9FY70,6,afdb:downloaded
btub_a0a7u8wgw8,btub_a0a7u8wgw8_afdb_v6,btub,btub,A0A7U8WGW8,,,raw_af2/AF-A0A7U8WGW8-F1-model_v6.pdb,,unknown,unknown,unknown,unknown,,,,false,,,AFDB,,train,bronze AFDB-only TBDT homolog from UniProt PF00593/PF07715 query; no experimental displacement label.,bronze_pseudo_or_self_supervised,bronze,0.1,UniProt,UniProt:PF00593_AND_PF07715,,614,,,,A0A7U8WGW8,6,afdb:downloaded
btub_a0a7u9iui8,btub_a0a7u9iui8_afdb_v6,btub,btub,A0A7U9IUI8,,,raw_af2/AF-A0A7U9IUI8-F1-model_v6.pdb,,unknown,unknown,unknown,unknown,,,,false,,,AFDB,,train,bronze AFDB-only TBDT homolog from UniProt PF00593/PF07715 query; no experimental displacement label.,bronze_pseudo_or_self_supervised,bronze,0.1,UniProt,UniProt:PF00593_AND_PF07715,,614,,,,A0A7U9IUI8,6,afdb:downloaded
btub_a0a7v8l553,btub_a0a7v8l553_afdb_v6,btub,btub,A0A7V8L553,,,raw_af2/AF-A0A7V8L553-F1-model_v6.pdb,,unknown,unknown,unknown,unknown,,,,false,,,AFDB,,train,bronze AFDB-only TBDT homolog from UniProt PF00593/PF07715 query; no experimental displacement label.,bronze_pseudo_or_self_supervised,bronze,0.1,UniProt,UniProt:PF00593_AND_PF07715,,625,,,,A0A7V8L553,6,afdb:downloaded
btub_a0a7w3hyl9,btub_a0a7w3hyl9_afdb_v6,btub,btub,A0A7W3HYL9,,,raw_af2/AF-A0A7W3HYL9-F1-model_v6.pdb,,unknown,unknown,unknown,unknown,,,,false,,,AFDB,,train,bronze AFDB-only TBDT homolog from UniProt PF00593/PF07715 query; no experimental displacement label.,bronze_pseudo_or_self_supervised,bronze,0.1,UniProt,UniProt:PF00593_AND_PF07715,,614,,,,A0A7W3HYL9,6,afdb:downloaded
btub_a0a7z8zfa6,btub_a0a7z8zfa6_afdb_v6,btub,btub,A0A7Z8ZFA6,,,raw_af2/AF-A0A7Z8ZFA6-F1-model_v6.pdb,,unknown,unknown,unknown,unknown,,,,false,,,AFDB,,test,bronze AFDB-only TBDT homolog from UniProt PF00593/PF07715 query; no experimental displacement label.,bronze_pseudo_or_self_supervised,bronze,0.1,UniProt,UniProt:PF00593_AND_PF07715,,622,,,,A0A7Z8ZFA6,6,afdb:downloaded
btub_a0a8a4ka03,btub_a0a8a4ka03_afdb_v6,btub,btub,A0A8A4KA03,,,raw_af2/AF-A0A8A4KA03-F1-model_v6.pdb,,unknown,unknown,unknown,unknown,,,,false,,,AFDB,,train,bronze AFDB-only TBDT homolog from UniProt PF00593/PF07715 query; no experimental displacement label.,bronze_pseudo_or_self_supervised,bronze,0.1,UniProt,UniProt:PF00593_AND_PF07715,,618,,,,A0A8A4KA03,6,afdb:downloaded
btub_a0a8b3flv5,btub_a0a8b3flv5_afdb_v6,btub,btub,A0A8B3FLV5,,,raw_af2/AF-A0A8B3FLV5-F1-model_v6.pdb,,unknown,unknown,unknown,unknown,,,,false,,,AFDB,,train,bronze AFDB-only TBDT homolog from UniProt PF00593/PF07715 query; no experimental displacement label.,bronze_pseudo_or_self_supervised,bronze,0.1,UniProt,UniProt:PF00593_AND_PF07715,,618,,,,A0A8B3FLV5,6,afdb:downloaded
btub_a0a8e0fqe9,btub_a0a8e0fqe9_afdb_v6,btub,btub,A0A8E0FQE9,,,raw_af2/AF-A0A8E0FQE9-F1-model_v6.pdb,,unknown,unknown,unknown,unknown,,,,false,,,AFDB,,train,bronze AFDB-only TBDT homolog from UniProt PF00593/PF07715 query; no experimental displacement label.,bronze_pseudo_or_self_supervised,bronze,0.1,UniProt,UniProt:PF00593_AND_PF07715,,614,,,,A0A8E0FQE9,6,afdb:downloaded
btub_a0a8e9yl61,btub_a0a8e9yl61_afdb_v6,btub,btub,A0A8E9YL61,,,raw_af2/AF-A0A8E9YL61-F1-model_v6.pdb,,unknown,unknown,unknown,unknown,,,,false,,,AFDB,,train,bronze AFDB-only TBDT homolog from UniProt PF00593/PF07715 query; no experimental displacement label.,bronze_pseudo_or_self_supervised,bronze,0.1,UniProt,UniProt:PF00593_AND_PF07715,,614,,,,A0A8E9YL61,6,afdb:downloaded
btub_a0a8f5n191,btub_a0a8f5n191_afdb_v6,btub,btub,A0A8F5N191,,,raw_af2/AF-A0A8F5N191-F1-model_v6.pdb,,unknown,unknown,unknown,unknown,,,,false,,,AFDB,,test,bronze AFDB-only TBDT homolog from UniProt PF00593/PF07715 query; no experimental displacement label.,bronze_pseudo_or_self_supervised,bronze,0.1,UniProt,UniProt:PF00593_AND_PF07715,,618,,,,A0A8F5N191,6,afdb:downloaded
btub_a0a8f7n3f6,btub_a0a8f7n3f6_afdb_v6,btub,btub,A0A8F7N3F6,,,raw_af2/AF-A0A8F7N3F6-F1-model_v6.pdb,,unknown,unknown,unknown,unknown,,,,false,,,AFDB,,train,bronze AFDB-only TBDT homolog from UniProt PF00593/PF07715 query; no experimental displacement label.,bronze_pseudo_or_self_supervised,bronze,0.1,UniProt,UniProt:PF00593_AND_PF07715,,618,,,,A0A8F7N3F6,6,afdb:downloaded
btub_a0a8f8aui9,btub_a0a8f8aui9_afdb_v6,btub,btub,A0A8F8AUI9,,,raw_af2/AF-A0A8F8AUI9-F1-model_v6.pdb,,unknown,unknown,unknown,unknown,,,,false,,,AFDB,,train,bronze AFDB-only TBDT homolog from UniProt PF00593/PF07715 query; no experimental displacement label.,bronze_pseudo_or_self_supervised,bronze,0.1,UniProt,UniProt:PF00593_AND_PF07715,,614,,,,A0A8F8AUI9,6,afdb:downloaded
btub_a0a8h9ac43,btub_a0a8h9ac43_afdb_v6,btub,btub,A0A8H9AC43,,,raw_af2/AF-A0A8H9AC43-F1-model_v6.pdb,,unknown,unknown,unknown,unknown,,,,false,,,AFDB,,train,bronze AFDB-only TBDT homolog from UniProt PF00593/PF07715 query; no experimental displacement label.,bronze_pseudo_or_self_supervised,bronze,0.1,UniProt,UniProt:PF00593_AND_PF07715,,614,,,,A0A8H9AC43,6,afdb:downloaded
btub_a0a8i0gav0,btub_a0a8i0gav0_afdb_v6,btub,btub,A0A8I0GAV0,,,raw_af2/AF-A0A8I0GAV0-F1-model_v6.pdb,,unknown,unknown,unknown,unknown,,,,false,,,AFDB,,train,bronze AFDB-only TBDT homolog from UniProt PF00593/PF07715 query; no experimental displacement label.,bronze_pseudo_or_self_supervised,bronze,0.1,UniProt,UniProt:PF00593_AND_PF07715,,612,,,,A0A8I0GAV0,6,afdb:downloaded
btub_a0a8i0t185,btub_a0a8i0t185_afdb_v6,btub,btub,A0A8I0T185,,,raw_af2/AF-A0A8I0T185-F1-model_v6.pdb,,unknown,unknown,unknown,unknown,,,,false,,,AFDB,,train,bronze AFDB-only TBDT homolog from UniProt PF00593/PF07715 query; no experimental displacement label.,bronze_pseudo_or_self_supervised,bronze,0.1,UniProt,UniProt:PF00593_AND_PF07715,,612,,,,A0A8I0T185,6,afdb:downloaded
btub_a0a8i1kdl6,btub_a0a8i1kdl6_afdb_v6,btub,btub,A0A8I1KDL6,,,raw_af2/AF-A0A8I1KDL6-F1-model_v6.pdb,,unknown,unknown,unknown,unknown,,,,false,,,AFDB,,test,bronze AFDB-only TBDT homolog from UniProt PF00593/PF07715 query; no experimental displacement label.,bronze_pseudo_or_self_supervised,bronze,0.1,UniProt,UniProt:PF00593_AND_PF07715,,615,,,,A0A8I1KDL6,6,afdb:downloaded
btub_a0a8i2dbl9,btub_a0a8i2dbl9_afdb_v6,btub,btub,A0A8I2DBL9,,,raw_af2/AF-A0A8I2DBL9-F1-model_v6.pdb,,unknown,unknown,unknown,unknown,,,,false,,,AFDB,,train,bronze AFDB-only TBDT homolog from UniProt PF00593/PF07715 query; no experimental displacement label.,bronze_pseudo_or_self_supervised,bronze,0.1,UniProt,UniProt:PF00593_AND_PF07715,,628,,,,A0A8I2DBL9,6,afdb:downloaded
btub_a0a9j6ple1,btub_a0a9j6ple1_afdb_v6,btub,btub,A0A9J6PLE1,,,raw_af2/AF-A0A9J6PLE1-F1-model_v6.pdb,,unknown,unknown,unknown,unknown,,,,false,,,AFDB,,train,bronze AFDB-only TBDT homolog from UniProt PF00593/PF07715 query; no experimental displacement label.,bronze_pseudo_or_self_supervised,bronze,0.1,UniProt,UniProt:PF00593_AND_PF07715,,623,,,,A0A9J6PLE1,6,afdb:downloaded
btub_a0a9p2mq68,btub_a0a9p2mq68_afdb_v6,btub,btub,A0A9P2MQ68,,,raw_af2/AF-A0A9P2MQ68-F1-model_v6.pdb,,unknown,unknown,unknown,unknown,,,,false,,,AFDB,,train,bronze AFDB-only TBDT homolog from UniProt PF00593/PF07715 query; no experimental displacement label.,bronze_pseudo_or_self_supervised,bronze,0.1,UniProt,UniProt:PF00593_AND_PF07715,,614,,,,A0A9P2MQ68,6,afdb:downloaded
btub_a0a9p3uhl1,btub_a0a9p3uhl1_afdb_v6,btub,btub,A0A9P3UHL1,,,raw_af2/AF-A0A9P3UHL1-F1-model_v6.pdb,,unknown,unknown,unknown,unknown,,,,false,,,AFDB,,train,bronze AFDB-only TBDT homolog from UniProt PF00593/PF07715 query; no experimental displacement label.,bronze_pseudo_or_self_supervised,bronze,0.1,UniProt,UniProt:PF00593_AND_PF07715,,618,,,,A0A9P3UHL1,6,afdb:downloaded
btub_a0a9p3whv8,btub_a0a9p3whv8_afdb_v6,btub,btub,A0A9P3WHV8,,,raw_af2/AF-A0A9P3WHV8-F1-model_v6.pdb,,unknown,unknown,unknown,unknown,,,,false,,,AFDB,,train,bronze AFDB-only TBDT homolog from UniProt PF00593/PF07715 query; no experimental displacement label.,bronze_pseudo_or_self_supervised,bronze,0.1,UniProt,UniProt:PF00593_AND_PF07715,,616,,,,A0A9P3WHV8,6,afdb:downloaded
btub_a0a9q4t6b1,btub_a0a9q4t6b1_afdb_v6,btub,btub,A0A9Q4T6B1,,,raw_af2/AF-A0A9Q4T6B1-F1-model_v6.pdb,,unknown,unknown,unknown,unknown,,,,false,,,AFDB,,train,bronze AFDB-only TBDT homolog from UniProt PF00593/PF07715 query; no experimental displacement label.,bronze_pseudo_or_self_supervised,bronze,0.1,UniProt,UniProt:PF00593_AND_PF07715,,617,,,,A0A9Q4T6B1,6,afdb:downloaded
btub_a0aa41byu1,btub_a0aa41byu1_afdb_v6,btub,btub,A0AA41BYU1,,,raw_af2/AF-A0AA41BYU1-F1-model_v6.pdb,,unknown,unknown,unknown,unknown,,,,false,,,AFDB,,train,bronze AFDB-only TBDT homolog from UniProt PF00593/PF07715 query; no experimental displacement label.,bronze_pseudo_or_self_supervised,bronze,0.1,UniProt,UniProt:PF00593_AND_PF07715,,619,,,,A0AA41BYU1,6,afdb:downloaded
btub_a0aa42tq94,btub_a0aa42tq94_afdb_v6,btub,btub,A0AA42TQ94,,,raw_af2/AF-A0AA42TQ94-F1-model_v6.pdb,,unknown,unknown,unknown,unknown,,,,false,,,AFDB,,train,bronze AFDB-only TBDT homolog from UniProt PF00593/PF07715 query; no experimental displacement label.,bronze_pseudo_or_self_supervised,bronze,0.1,UniProt,UniProt:PF00593_AND_PF07715,,615,,,,A0AA42TQ94,6,afdb:downloaded
btub_a0aa46kbc4,btub_a0aa46kbc4_afdb_v6,btub,btub,A0AA46KBC4,,,raw_af2/AF-A0AA46KBC4-F1-model_v6.pdb,,unknown,unknown,unknown,unknown,,,,false,,,AFDB,,train,bronze AFDB-only TBDT homolog from UniProt PF00593/PF07715 query; no experimental displacement label.,bronze_pseudo_or_self_supervised,bronze,0.1,UniProt,UniProt:PF00593_AND_PF07715,,623,,,,A0AA46KBC4,6,afdb:downloaded
btub_a0aa86kaj3,btub_a0aa86kaj3_afdb_v6,btub,btub,A0AA86KAJ3,,,raw_af2/AF-A0AA86KAJ3-F1-model_v6.pdb,,unknown,unknown,unknown,unknown,,,,false,,,AFDB,,train,bronze AFDB-only TBDT homolog from UniProt PF00593/PF07715 query; no experimental displacement label.,bronze_pseudo_or_self_supervised,bronze,0.1,UniProt,UniProt:PF00593_AND_PF07715,,614,,,,A0AA86KAJ3,6,afdb:downloaded
btub_a0aa95g0m6,btub_a0aa95g0m6_afdb_v6,btub,btub,A0AA95G0M6,,,raw_af2/AF-A0AA95G0M6-F1-model_v6.pdb,,unknown,unknown,unknown,unknown,,,,false,,,AFDB,,train,bronze AFDB-only TBDT homolog from UniProt PF00593/PF07715 query; no experimental displacement label.,bronze_pseudo_or_self_supervised,bronze,0.1,UniProt,UniProt:PF00593_AND_PF07715,,618,,,,A0AA95G0M6,6,afdb:downloaded
btub_a0aae4eal9,btub_a0aae4eal9_afdb_v6,btub,btub,A0AAE4EAL9,,,raw_af2/AF-A0AAE4EAL9-F1-model_v6.pdb,,unknown,unknown,unknown,unknown,,,,false,,,AFDB,,train,bronze AFDB-only TBDT homolog from UniProt PF00593/PF07715 query; no experimental displacement label.,bronze_pseudo_or_self_supervised,bronze,0.1,UniProt,UniProt:PF00593_AND_PF07715,,616,,,,A0AAE4EAL9,6,afdb:downloaded
btub_a0aae9t1r2,btub_a0aae9t1r2_afdb_v6,btub,btub,A0AAE9T1R2,,,raw_af2/AF-A0AAE9T1R2-F1-model_v6.pdb,,unknown,unknown,unknown,unknown,,,,false,,,AFDB,,train,bronze AFDB-only TBDT homolog from UniProt PF00593/PF07715 query; no experimental displacement label.,bronze_pseudo_or_self_supervised,bronze,0.1,UniProt,UniProt:PF00593_AND_PF07715,,617,,,,A0AAE9T1R2,6,afdb:downloaded
btub_a0aai8nkg4,btub_a0aai8nkg4_afdb_v6,btub,btub,A0AAI8NKG4,,,raw_af2/AF-A0AAI8NKG4-F1-model_v6.pdb,,unknown,unknown,unknown,unknown,,,,false,,,AFDB,,train,bronze AFDB-only TBDT homolog from UniProt PF00593/PF07715 query; no experimental displacement label.,bronze_pseudo_or_self_supervised,bronze,0.1,UniProt,UniProt:PF00593_AND_PF07715,,612,,,,A0AAI8NKG4,6,afdb:downloaded
btub_a0aai9gfp6,btub_a0aai9gfp6_afdb_v6,btub,btub,A0AAI9GFP6,,,raw_af2/AF-A0AAI9GFP6-F1-model_v6.pdb,,unknown,unknown,unknown,unknown,,,,false,,,AFDB,,val,bronze AFDB-only TBDT homolog from UniProt PF00593/PF07715 query; no experimental displacement label.,bronze_pseudo_or_self_supervised,bronze,0.1,UniProt,UniProt:PF00593_AND_PF07715,,626,,,,A0AAI9GFP6,6,afdb:downloaded
btub_a0aai9gq28,btub_a0aai9gq28_afdb_v6,btub,btub,A0AAI9GQ28,,,raw_af2/AF-A0AAI9GQ28-F1-model_v6.pdb,,unknown,unknown,unknown,unknown,,,,false,,,AFDB,,val,bronze AFDB-only TBDT homolog from UniProt PF00593/PF07715 query; no experimental displacement label.,bronze_pseudo_or_self_supervised,bronze,0.1,UniProt,UniProt:PF00593_AND_PF07715,,619,,,,A0AAI9GQ28,6,afdb:downloaded
btub_a0aaj1j7c5,btub_a0aaj1j7c5_afdb_v6,btub,btub,A0AAJ1J7C5,,,raw_af2/AF-A0AAJ1J7C5-F1-model_v6.pdb,,unknown,unknown,unknown,unknown,,,,false,,,AFDB,,train,bronze AFDB-only TBDT homolog from UniProt PF00593/PF07715 query; no experimental displacement label.,bronze_pseudo_or_self_supervised,bronze,0.1,UniProt,UniProt:PF00593_AND_PF07715,,616,,,,A0AAJ1J7C5,6,afdb:downloaded
btub_a0aaj5uer6,btub_a0aaj5uer6_afdb_v6,btub,btub,A0AAJ5UER6,,,raw_af2/AF-A0AAJ5UER6-F1-model_v6.pdb,,unknown,unknown,unknown,unknown,,,,false,,,AFDB,,train,bronze AFDB-only TBDT homolog from UniProt PF00593/PF07715 query; no experimental displacement label.,bronze_pseudo_or_self_supervised,bronze,0.1,UniProt,UniProt:PF00593_AND_PF07715,,622,,,,A0AAJ5UER6,6,afdb:downloaded
btub_a0aan0s2l0,btub_a0aan0s2l0_afdb_v6,btub,btub,A0AAN0S2L0,,,raw_af2/AF-A0AAN0S2L0-F1-model_v6.pdb,,unknown,unknown,unknown,unknown,,,,false,,,AFDB,,train,bronze AFDB-only TBDT homolog from UniProt PF00593/PF07715 query; no experimental displacement label.,bronze_pseudo_or_self_supervised,bronze,0.1,UniProt,UniProt:PF00593_AND_PF07715,,613,,,,A0AAN0S2L0,6,afdb:downloaded
btub_a0aan3mrc9,btub_a0aan3mrc9_afdb_v6,btub,btub,A0AAN3MRC9,,,raw_af2/AF-A0AAN3MRC9-F1-model_v6.pdb,,unknown,unknown,unknown,unknown,,,,false,,,AFDB,,train,bronze AFDB-only TBDT homolog from UniProt PF00593/PF07715 query; no experimental displacement label.,bronze_pseudo_or_self_supervised,bronze,0.1,UniProt,UniProt:PF00593_AND_PF07715,,614,,,,A0AAN3MRC9,6,afdb:downloaded
btub_a0aap0vw11,btub_a0aap0vw11_afdb_v6,btub,btub,A0AAP0VW11,,,raw_af2/AF-A0AAP0VW11-F1-model_v6.pdb,,unknown,unknown,unknown,unknown,,,,false,,,AFDB,,test,bronze AFDB-only TBDT homolog from UniProt PF00593/PF07715 query; no experimental displacement label.,bronze_pseudo_or_self_supervised,bronze,0.1,UniProt,UniProt:PF00593_AND_PF07715,,615,,,,A0AAP0VW11,6,afdb:downloaded
btub_a0aap9ig38,btub_a0aap9ig38_afdb_v6,btub,btub,A0AAP9IG38,,,raw_af2/AF-A0AAP9IG38-F1-model_v6.pdb,,unknown,unknown,unknown,unknown,,,,false,,,AFDB,,val,bronze AFDB-only TBDT homolog from UniProt PF00593/PF07715 query; no experimental displacement label.,bronze_pseudo_or_self_supervised,bronze,0.1,UniProt,UniProt:PF00593_AND_PF07715,,625,,,,A0AAP9IG38,6,afdb:downloaded
btub_a0aaq0eq82,btub_a0aaq0eq82_afdb_v6,btub,btub,A0AAQ0EQ82,,,raw_af2/AF-A0AAQ0EQ82-F1-model_v6.pdb,,unknown,unknown,unknown,unknown,,,,false,,,AFDB,,train,bronze AFDB-only TBDT homolog from UniProt PF00593/PF07715 query; no experimental displacement label.,bronze_pseudo_or_self_supervised,bronze,0.1,UniProt,UniProt:PF00593_AND_PF07715,,615,,,,A0AAQ0EQ82,6,afdb:downloaded
btub_a0aau7tvd6,btub_a0aau7tvd6_afdb_v6,btub,btub,A0AAU7TVD6,,,raw_af2/AF-A0AAU7TVD6-F1-model_v6.pdb,,unknown,unknown,unknown,unknown,,,,false,,,AFDB,,test,bronze AFDB-only TBDT homolog from UniProt PF00593/PF07715 query; no experimental displacement label.,bronze_pseudo_or_self_supervised,bronze,0.1,UniProt,UniProt:PF00593_AND_PF07715,,628,,,,A0AAU7TVD6,6,afdb:downloaded
btub_a0aav3hzq8,btub_a0aav3hzq8_afdb_v6,btub,btub,A0AAV3HZQ8,,,raw_af2/AF-A0AAV3HZQ8-F1-model_v6.pdb,,unknown,unknown,unknown,unknown,,,,false,,,AFDB,,train,bronze AFDB-only TBDT homolog from UniProt PF00593/PF07715 query; no experimental displacement label.,bronze_pseudo_or_self_supervised,bronze,0.1,UniProt,UniProt:PF00593_AND_PF07715,,614,,,,A0AAV3HZQ8,6,afdb:downloaded
btub_a0aaw3ebh8,btub_a0aaw3ebh8_afdb_v6,btub,btub,A0AAW3EBH8,,,raw_af2/AF-A0AAW3EBH8-F1-model_v6.pdb,,unknown,unknown,unknown,unknown,,,,false,,,AFDB,,train,bronze AFDB-only TBDT homolog from UniProt PF00593/PF07715 query; no experimental displacement label.,bronze_pseudo_or_self_supervised,bronze,0.1,UniProt,UniProt:PF00593_AND_PF07715,,625,,,,A0AAW3EBH8,6,afdb:downloaded
btub_a0aaw3rrm5,btub_a0aaw3rrm5_afdb_v6,btub,btub,A0AAW3RRM5,,,raw_af2/AF-A0AAW3RRM5-F1-model_v6.pdb,,unknown,unknown,unknown,unknown,,,,false,,,AFDB,,train,bronze AFDB-only TBDT homolog from UniProt PF00593/PF07715 query; no experimental displacement label.,bronze_pseudo_or_self_supervised,bronze,0.1,UniProt,UniProt:PF00593_AND_PF07715,,625,,,,A0AAW3RRM5,6,afdb:downloaded
btub_a0aaw3xpm1,btub_a0aaw3xpm1_afdb_v6,btub,btub,A0AAW3XPM1,,,raw_af2/AF-A0AAW3XPM1-F1-model_v6.pdb,,unknown,unknown,unknown,unknown,,,,false,,,AFDB,,train,bronze AFDB-only TBDT homolog from UniProt PF00593/PF07715 query; no experimental displacement label.,bronze_pseudo_or_self_supervised,bronze,0.1,UniProt,UniProt:PF00593_AND_PF07715,,615,,,,A0AAW3XPM1,6,afdb:downloaded
btub_a0aaw3yqw7,btub_a0aaw3yqw7_afdb_v6,btub,btub,A0AAW3YQW7,,,raw_af2/AF-A0AAW3YQW7-F1-model_v6.pdb,,unknown,unknown,unknown,unknown,,,,false,,,AFDB,,train,bronze AFDB-only TBDT homolog from UniProt PF00593/PF07715 query; no experimental displacement label.,bronze_pseudo_or_self_supervised,bronze,0.1,UniProt,UniProt:PF00593_AND_PF07715,,604,,,,A0AAW3YQW7,6,afdb:downloaded
btub_a0aaw9lwg6,btub_a0aaw9lwg6_afdb_v6,btub,btub,A0AAW9LWG6,,,raw_af2/AF-A0AAW9LWG6-F1-model_v6.pdb,,unknown,unknown,unknown,unknown,,,,false,,,AFDB,,train,bronze AFDB-only TBDT homolog from UniProt PF00593/PF07715 query; no experimental displacement label.,bronze_pseudo_or_self_supervised,bronze,0.1,UniProt,UniProt:PF00593_AND_PF07715,,615,,,,A0AAW9LWG6,6,afdb:downloaded
btub_a0aax1wiy9,btub_a0aax1wiy9_afdb_v6,btub,btub,A0AAX1WIY9,,,raw_af2/AF-A0AAX1WIY9-F1-model_v6.pdb,,unknown,unknown,unknown,unknown,,,,false,,,AFDB,,train,bronze AFDB-only TBDT homolog from UniProt PF00593/PF07715 query; no experimental displacement label.,bronze_pseudo_or_self_supervised,bronze,0.1,UniProt,UniProt:PF00593_AND_PF07715,,615,,,,A0AAX1WIY9,6,afdb:downloaded
btub_a0aax3cqw9,btub_a0aax3cqw9_afdb_v6,btub,btub,A0AAX3CQW9,,,raw_af2/AF-A0AAX3CQW9-F1-model_v6.pdb,,unknown,unknown,unknown,unknown,,,,false,,,AFDB,,test,bronze AFDB-only TBDT homolog from UniProt PF00593/PF07715 query; no experimental displacement label.,bronze_pseudo_or_self_supervised,bronze,0.1,UniProt,UniProt:PF00593_AND_PF07715,,622,,,,A0AAX3CQW9,6,afdb:downloaded
btub_a0aax3ryc3,btub_a0aax3ryc3_afdb_v6,btub,btub,A0AAX3RYC3,,,raw_af2/AF-A0AAX3RYC3-F1-model_v6.pdb,,unknown,unknown,unknown,unknown,,,,false,,,AFDB,,train,bronze AFDB-only TBDT homolog from UniProt PF00593/PF07715 query; no experimental displacement label.,bronze_pseudo_or_self_supervised,bronze,0.1,UniProt,UniProt:PF00593_AND_PF07715,,628,,,,A0AAX3RYC3,6,afdb:downloaded
btub_a0ab35rta1,btub_a0ab35rta1_afdb_v6,btub,btub,A0AB35RTA1,,,raw_af2/AF-A0AB35RTA1-F1-model_v6.pdb,,unknown,unknown,unknown,unknown,,,,false,,,AFDB,,train,bronze AFDB-only TBDT homolog from UniProt PF00593/PF07715 query; no experimental displacement label.,bronze_pseudo_or_self_supervised,bronze,0.1,UniProt,UniProt:PF00593_AND_PF07715,,616,,,,A0AB35RTA1,6,afdb:downloaded
btub_a0ab36pk49,btub_a0ab36pk49_afdb_v6,btub,btub,A0AB36PK49,,,raw_af2/AF-A0AB36PK49-F1-model_v6.pdb,,unknown,unknown,unknown,unknown,,,,false,,,AFDB,,train,bronze AFDB-only TBDT homolog from UniProt PF00593/PF07715 query; no experimental displacement label.,bronze_pseudo_or_self_supervised,bronze,0.1,UniProt,UniProt:PF00593_AND_PF07715,,614,,,,A0AB36PK49,6,afdb:downloaded
btub_a0ab38f478,btub_a0ab38f478_afdb_v6,btub,btub,A0AB38F478,,,raw_af2/AF-A0AB38F478-F1-model_v6.pdb,,unknown,unknown,unknown,unknown,,,,false,,,AFDB,,train,bronze AFDB-only TBDT homolog from UniProt PF00593/PF07715 query; no experimental displacement label.,bronze_pseudo_or_self_supervised,bronze,0.1,UniProt,UniProt:PF00593_AND_PF07715,,614,,,,A0AB38F478,6,afdb:downloaded
btub_a0ab38fvj1,btub_a0ab38fvj1_afdb_v6,btub,btub,A0AB38FVJ1,,,raw_af2/AF-A0AB38FVJ1-F1-model_v6.pdb,,unknown,unknown,unknown,unknown,,,,false,,,AFDB,,train,bronze AFDB-only TBDT homolog from UniProt PF00593/PF07715 query; no experimental displacement label.,bronze_pseudo_or_self_supervised,bronze,0.1,UniProt,UniProt:PF00593_AND_PF07715,,612,,,,A0AB38FVJ1,6,afdb:downloaded
btub_a0ab73p7n8,btub_a0ab73p7n8_afdb_v6,btub,btub,A0AB73P7N8,,,raw_af2/AF-A0AB73P7N8-F1-model_v6.pdb,,unknown,unknown,unknown,unknown,,,,false,,,AFDB,,val,bronze AFDB-only TBDT homolog from UniProt PF00593/PF07715 query; no experimental displacement label.,bronze_pseudo_or_self_supervised,bronze,0.1,UniProt,UniProt:PF00593_AND_PF07715,,627,,,,A0AB73P7N8,6,afdb:downloaded
btub_a0abd4ray6,btub_a0abd4ray6_afdb_v6,btub,btub,A0ABD4RAY6,,,raw_af2/AF-A0ABD4RAY6-F1-model_v6.pdb,,unknown,unknown,unknown,unknown,,,,false,,,AFDB,,train,bronze AFDB-only TBDT homolog from UniProt PF00593/PF07715 query; no experimental displacement label.,bronze_pseudo_or_self_supervised,bronze,0.1,UniProt,UniProt:PF00593_AND_PF07715,,615,,,,A0ABD4RAY6,6,afdb:downloaded
btub_a0abd5h6g4,btub_a0abd5h6g4_afdb_v6,btub,btub,A0ABD5H6G4,,,raw_af2/AF-A0ABD5H6G4-F1-model_v6.pdb,,unknown,unknown,unknown,unknown,,,,false,,,AFDB,,train,bronze AFDB-only TBDT homolog from UniProt PF00593/PF07715 query; no experimental displacement label.,bronze_pseudo_or_self_supervised,bronze,0.1,UniProt,UniProt:PF00593_AND_PF07715,,618,,,,A0ABD5H6G4,6,afdb:downloaded
btub_a0abd7apl8,btub_a0abd7apl8_afdb_v6,btub,btub,A0ABD7APL8,,,raw_af2/AF-A0ABD7APL8-F1-model_v6.pdb,,unknown,unknown,unknown,unknown,,,,false,,,AFDB,,test,bronze AFDB-only TBDT homolog from UniProt PF00593/PF07715 query; no experimental displacement label.,bronze_pseudo_or_self_supervised,bronze,0.1,UniProt,UniProt:PF00593_AND_PF07715,,622,,,,A0ABD7APL8,6,afdb:downloaded
btub_a0abd7kiw2,btub_a0abd7kiw2_afdb_v6,btub,btub,A0ABD7KIW2,,,raw_af2/AF-A0ABD7KIW2-F1-model_v6.pdb,,unknown,unknown,unknown,unknown,,,,false,,,AFDB,,val,bronze AFDB-only TBDT homolog from UniProt PF00593/PF07715 query; no experimental displacement label.,bronze_pseudo_or_self_supervised,bronze,0.1,UniProt,UniProt:PF00593_AND_PF07715,,615,,,,A0ABD7KIW2,6,afdb:downloaded
btub_a1ji41,btub_a1ji41_afdb_v6,btub,btub,A1JI41,,,raw_af2/AF-A1JI41-F1-model_v6.pdb,,unknown,unknown,unknown,unknown,,,,false,,,AFDB,,train,bronze AFDB-only TBDT homolog from UniProt PF00593/PF07715 query; no experimental displacement label.,bronze_pseudo_or_self_supervised,bronze,0.1,UniProt,UniProt:PF00593_AND_PF07715,,632,,,,A1JI41,6,afdb:downloaded
btub_b5rez2,btub_b5rez2_afdb_v6,btub,btub,B5REZ2,,,raw_af2/AF-B5REZ2-F1-model_v6.pdb,,unknown,unknown,unknown,unknown,,,,false,,,AFDB,,train,bronze AFDB-only TBDT homolog from UniProt PF00593/PF07715 query; no experimental displacement label.,bronze_pseudo_or_self_supervised,bronze,0.1,UniProt,UniProt:PF00593_AND_PF07715,,614,,,,B5REZ2,6,afdb:downloaded
btub_b7la68,btub_b7la68_afdb_v6,btub,btub,B7LA68,,,raw_af2/AF-B7LA68-F1-model_v6.pdb,,unknown,unknown,unknown,unknown,,,,false,,,AFDB,,val,bronze AFDB-only TBDT homolog from UniProt PF00593/PF07715 query; no experimental displacement label.,bronze_pseudo_or_self_supervised,bronze,0.1,UniProt,UniProt:PF00593_AND_PF07715,,614,,,,B7LA68,6,afdb:downloaded
btub_c3sig7,btub_c3sig7_afdb_v6,btub,btub,C3SIG7,,,raw_af2/AF-C3SIG7-F1-model_v6.pdb,,unknown,unknown,unknown,unknown,,,,false,,,AFDB,,train,bronze AFDB-only TBDT homolog from UniProt PF00593/PF07715 query; no experimental displacement label.,bronze_pseudo_or_self_supervised,bronze,0.1,UniProt,UniProt:PF00593_AND_PF07715,,614,,,,C3SIG7,6,afdb:downloaded
btub_c6cg42,btub_c6cg42_afdb_v6,btub,btub,C6CG42,,,raw_af2/AF-C6CG42-F1-model_v6.pdb,,unknown,unknown,unknown,unknown,,,,false,,,AFDB,,train,bronze AFDB-only TBDT homolog from UniProt PF00593/PF07715 query; no experimental displacement label.,bronze_pseudo_or_self_supervised,bronze,0.1,UniProt,UniProt:PF00593_AND_PF07715,,631,,,,C6CG42,6,afdb:downloaded
btub_c6dhq2,btub_c6dhq2_afdb_v6,btub,btub,C6DHQ2,,,raw_af2/AF-C6DHQ2-F1-model_v6.pdb,,unknown,unknown,unknown,unknown,,,,false,,,AFDB,,train,bronze AFDB-only TBDT homolog from UniProt PF00593/PF07715 query; no experimental displacement label.,bronze_pseudo_or_self_supervised,bronze,0.1,UniProt,UniProt:PF00593_AND_PF07715,,631,,,,C6DHQ2,6,afdb:downloaded
btub_d2tti4,btub_d2tti4_afdb_v6,btub,btub,D2TTI4,,,raw_af2/AF-D2TTI4-F1-model_v6.pdb,,unknown,unknown,unknown,unknown,,,,false,,,AFDB,,train,bronze AFDB-only TBDT homolog from UniProt PF00593/PF07715 query; no experimental displacement label.,bronze_pseudo_or_self_supervised,bronze,0.1,UniProt,UniProt:PF00593_AND_PF07715,,612,,,,D2TTI4,6,afdb:downloaded
btub_g5qsk1,btub_g5qsk1_afdb_v6,btub,btub,G5QSK1,,,raw_af2/AF-G5QSK1-F1-model_v6.pdb,,unknown,unknown,unknown,unknown,,,,false,,,AFDB,,train,bronze AFDB-only TBDT homolog from UniProt PF00593/PF07715 query; no experimental displacement label.,bronze_pseudo_or_self_supervised,bronze,0.1,UniProt,UniProt:PF00593_AND_PF07715,,614,,,,G5QSK1,6,afdb:downloaded
btub_g8lkz0,btub_g8lkz0_afdb_v6,btub,btub,G8LKZ0,,,raw_af2/AF-G8LKZ0-F1-model_v6.pdb,,unknown,unknown,unknown,unknown,,,,false,,,AFDB,,train,bronze AFDB-only TBDT homolog from UniProt PF00593/PF07715 query; no experimental displacement label.,bronze_pseudo_or_self_supervised,bronze,0.1,UniProt,UniProt:PF00593_AND_PF07715,,620,,,,G8LKZ0,6,afdb:downloaded
btub_g9y9a5,btub_g9y9a5_afdb_v6,btub,btub,G9Y9A5,,,raw_af2/AF-G9Y9A5-F1-model_v6.pdb,,unknown,unknown,unknown,unknown,,,,false,,,AFDB,,train,bronze AFDB-only TBDT homolog from UniProt PF00593/PF07715 query; no experimental displacement label.,bronze_pseudo_or_self_supervised,bronze,0.1,UniProt,UniProt:PF00593_AND_PF07715,,634,,,,G9Y9A5,6,afdb:downloaded
btub_k8w0v4,btub_k8w0v4_afdb_v6,btub,btub,K8W0V4,,,raw_af2/AF-K8W0V4-F1-model_v6.pdb,,unknown,unknown,unknown,unknown,,,,false,,,AFDB,,train,bronze AFDB-only TBDT homolog from UniProt PF00593/PF07715 query; no experimental displacement label.,bronze_pseudo_or_self_supervised,bronze,0.1,UniProt,UniProt:PF00593_AND_PF07715,,635,,,,K8W0V4,6,afdb:downloaded
btub_m1rg98,btub_m1rg98_afdb_v6,btub,btub,M1RG98,,,raw_af2/AF-M1RG98-F1-model_v6.pdb,,unknown,unknown,unknown,unknown,,,,false,,,AFDB,,val,bronze AFDB-only TBDT homolog from UniProt PF00593/PF07715 query; no experimental displacement label.,bronze_pseudo_or_self_supervised,bronze,0.1,UniProt,UniProt:PF00593_AND_PF07715,,624,,,,M1RG98,6,afdb:downloaded
btub_u7r3f2,btub_u7r3f2_afdb_v6,btub,btub,U7R3F2,,,raw_af2/AF-U7R3F2-F1-model_v6.pdb,,unknown,unknown,unknown,unknown,,,,false,,,AFDB,,train,bronze AFDB-only TBDT homolog from UniProt PF00593/PF07715 query; no experimental displacement label.,bronze_pseudo_or_self_supervised,bronze,0.1,UniProt,UniProt:PF00593_AND_PF07715,,620,,,,U7R3F2,6,afdb:downloaded
btub_v5u660,btub_v5u660_afdb_v6,btub,btub,V5U660,,,raw_af2/AF-V5U660-F1-model_v6.pdb,,unknown,unknown,unknown,unknown,,,,false,,,AFDB,,train,bronze AFDB-only TBDT homolog from UniProt PF00593/PF07715 query; no experimental displacement label.,bronze_pseudo_or_self_supervised,bronze,0.1,UniProt,UniProt:PF00593_AND_PF07715,,618,,,,V5U660,6,afdb:downloaded
btub_w3van0,btub_w3van0_afdb_v6,btub,btub,W3VAN0,,,raw_af2/AF-W3VAN0-F1-model_v6.pdb,,unknown,unknown,unknown,unknown,,,,false,,,AFDB,,val,bronze AFDB-only TBDT homolog from UniProt PF00593/PF07715 query; no experimental displacement label.,bronze_pseudo_or_self_supervised,bronze,0.1,UniProt,UniProt:PF00593_AND_PF07715,,620,,,,W3VAN0,6,afdb:downloaded
btub_a0a076lhz6,btub_a0a076lhz6_afdb_v6,btub,btub,A0A076LHZ6,,,raw_af2/AF-A0A076LHZ6-F1-model_v6.pdb,,unknown,unknown,unknown,unknown,,,,false,,,AFDB,,train,bronze AFDB-only TBDT homolog from UniProt PF00593/PF07715 query; no experimental displacement label.,bronze_pseudo_or_self_supervised,bronze,0.1,UniProt,UniProt:PF00593_AND_PF07715,,615,,,,A0A076LHZ6,6,afdb:downloaded
btub_a0a077nuv2,btub_a0a077nuv2_afdb_v6,btub,btub,A0A077NUV2,,,raw_af2/AF-A0A077NUV2-F1-model_v6.pdb,,unknown,unknown,unknown,unknown,,,,false,,,AFDB,,train,bronze AFDB-only TBDT homolog from UniProt PF00593/PF07715 query; no experimental displacement label.,bronze_pseudo_or_self_supervised,bronze,0.1,UniProt,UniProt:PF00593_AND_PF07715,,616,,,,A0A077NUV2,6,afdb:downloaded
btub_a0a077p7n1,btub_a0a077p7n1_afdb_v6,btub,btub,A0A077P7N1,,,raw_af2/AF-A0A077P7N1-F1-model_v6.pdb,,unknown,unknown,unknown,unknown,,,,false,,,AFDB,,train,bronze AFDB-only TBDT homolog from UniProt PF00593/PF07715 query; no experimental displacement label.,bronze_pseudo_or_self_supervised,bronze,0.1,UniProt,UniProt:PF00593_AND_PF07715,,616,,,,A0A077P7N1,6,afdb:downloaded
btub_a0a085g412,btub_a0a085g412_afdb_v6,btub,btub,A0A085G412,,,raw_af2/AF-A0A085G412-F1-model_v6.pdb,,unknown,unknown,unknown,unknown,,,,false,,,AFDB,,train,bronze AFDB-only TBDT homolog from UniProt PF00593/PF07715 query; no experimental displacement label.,bronze_pseudo_or_self_supervised,bronze,0.1,UniProt,UniProt:PF00593_AND_PF07715,,620,,,,A0A085G412,6,afdb:downloaded
btub_a0a090nci6,btub_a0a090nci6_afdb_v6,btub,btub,A0A090NCI6,,,raw_af2/AF-A0A090NCI6-F1-model_v6.pdb,,unknown,unknown,unknown,unknown,,,,false,,,AFDB,,test,bronze AFDB-only TBDT homolog from UniProt PF00593/PF07715 query; no experimental displacement label.,bronze_pseudo_or_self_supervised,bronze,0.1,UniProt,UniProt:PF00593_AND_PF07715,,629,,,,A0A090NCI6,6,afdb:downloaded
btub_a0a097qxj9,btub_a0a097qxj9_afdb_v6,btub,btub,A0A097QXJ9,,,raw_af2/AF-A0A097QXJ9-F1-model_v6.pdb,,unknown,unknown,unknown,unknown,,,,false,,,AFDB,,train,bronze AFDB-only TBDT homolog from UniProt PF00593/PF07715 query; no experimental displacement label.,bronze_pseudo_or_self_supervised,bronze,0.1,UniProt,UniProt:PF00593_AND_PF07715,,634,,,,A0A097QXJ9,6,afdb:downloaded
btub_a0a0a1ahi6,btub_a0a0a1ahi6_afdb_v6,btub,btub,A0A0A1AHI6,,,raw_af2/AF-A0A0A1AHI6-F1-model_v6.pdb,,unknown,unknown,unknown,unknown,,,,false,,,AFDB,,train,bronze AFDB-only TBDT homolog from UniProt PF00593/PF07715 query; no experimental displacement label.,bronze_pseudo_or_self_supervised,bronze,0.1,UniProt,UniProt:PF00593_AND_PF07715,,614,,,,A0A0A1AHI6,6,afdb:downloaded
btub_a0a0a7a136,btub_a0a0a7a136_afdb_v6,btub,btub,A0A0A7A136,,,raw_af2/AF-A0A0A7A136-F1-model_v6.pdb,,unknown,unknown,unknown,unknown,,,,false,,,AFDB,,train,bronze AFDB-only TBDT homolog from UniProt PF00593/PF07715 query; no experimental displacement label.,bronze_pseudo_or_self_supervised,bronze,0.1,UniProt,UniProt:PF00593_AND_PF07715,,629,,,,A0A0A7A136,6,afdb:downloaded
btub_a0a0b1r317,btub_a0a0b1r317_afdb_v6,btub,btub,A0A0B1R317,,,raw_af2/AF-A0A0B1R317-F1-model_v6.pdb,,unknown,unknown,unknown,unknown,,,,false,,,AFDB,,train,bronze AFDB-only TBDT homolog from UniProt PF00593/PF07715 query; no experimental displacement label.,bronze_pseudo_or_self_supervised,bronze,0.1,UniProt,UniProt:PF00593_AND_PF07715,,623,,,,A0A0B1R317,6,afdb:downloaded
btub_a0a0d8l8s2,btub_a0a0d8l8s2_afdb_v6,btub,btub,A0A0D8L8S2,,,raw_af2/AF-A0A0D8L8S2-F1-model_v6.pdb,,unknown,unknown,unknown,unknown,,,,false,,,AFDB,,train,bronze AFDB-only TBDT homolog from UniProt PF00593/PF07715 query; no experimental displacement label.,bronze_pseudo_or_self_supervised,bronze,0.1,UniProt,UniProt:PF00593_AND_PF07715,,629,,,,A0A0D8L8S2,6,afdb:downloaded
btub_a0a0f6tyi8,btub_a0a0f6tyi8_afdb_v6,btub,btub,A0A0F6TYI8,,,raw_af2/AF-A0A0F6TYI8-F1-model_v6.pdb,,unknown,unknown,unknown,unknown,,,,false,,,AFDB,,val,bronze AFDB-only TBDT homolog from UniProt PF00593/PF07715 query; no experimental displacement label.,bronze_pseudo_or_self_supervised,bronze,0.1,UniProt,UniProt:PF00593_AND_PF07715,,612,,,,A0A0F6TYI8,6,afdb:downloaded
btub_a0a0h3bqy2,btub_a0a0h3bqy2_afdb_v6,btub,btub,A0A0H3BQY2,,,raw_af2/AF-A0A0H3BQY2-F1-model_v6.pdb,,unknown,unknown,unknown,unknown,,,,false,,,AFDB,,val,bronze AFDB-only TBDT homolog from UniProt PF00593/PF07715 query; no experimental displacement label.,bronze_pseudo_or_self_supervised,bronze,0.1,UniProt,UniProt:PF00593_AND_PF07715,,614,,,,A0A0H3BQY2,6,afdb:downloaded
btub_a0a0h3mjj3,btub_a0a0h3mjj3_afdb_v6,btub,btub,A0A0H3MJJ3,,,raw_af2/AF-A0A0H3MJJ3-F1-model_v6.pdb,,unknown,unknown,unknown,unknown,,,,false,,,AFDB,,train,bronze AFDB-only TBDT homolog from UniProt PF00593/PF07715 query; no experimental displacement label.,bronze_pseudo_or_self_supervised,bronze,0.1,UniProt,UniProt:PF00593_AND_PF07715,,614,,,,A0A0H3MJJ3,6,afdb:downloaded
btub_a0a0h3nv46,btub_a0a0h3nv46_afdb_v6,btub,btub,A0A0H3NV46,,,raw_af2/AF-A0A0H3NV46-F1-model_v6.pdb,,unknown,unknown,unknown,unknown,,,,false,,,AFDB,,val,bronze AFDB-only TBDT homolog from UniProt PF00593/PF07715 query; no experimental displacement label.,bronze_pseudo_or_self_supervised,bronze,0.1,UniProt,UniProt:PF00593_AND_PF07715,,628,,,,A0A0H3NV46,6,afdb:downloaded
btub_a0a0h5lwd3,btub_a0a0h5lwd3_afdb_v6,btub,btub,A0A0H5LWD3,,,raw_af2/AF-A0A0H5LWD3-F1-model_v6.pdb,,unknown,unknown,unknown,unknown,,,,false,,,AFDB,,train,bronze AFDB-only TBDT homolog from UniProt PF00593/PF07715 query; no experimental displacement label.,bronze_pseudo_or_self_supervised,bronze,0.1,UniProt,UniProt:PF00593_AND_PF07715,,629,,,,A0A0H5LWD3,6,afdb:downloaded
btub_a0a0k0hh19,btub_a0a0k0hh19_afdb_v6,btub,btub,A0A0K0HH19,,,raw_af2/AF-A0A0K0HH19-F1-model_v6.pdb,,unknown,unknown,unknown,unknown,,,,false,,,AFDB,,train,bronze AFDB-only TBDT homolog from UniProt PF00593/PF07715 query; no experimental displacement label.,bronze_pseudo_or_self_supervised,bronze,0.1,UniProt,UniProt:PF00593_AND_PF07715,,614,,,,A0A0K0HH19,6,afdb:downloaded
btub_a0a0m2ew75,btub_a0a0m2ew75_afdb_v6,btub,btub,A0A0M2EW75,,,raw_af2/AF-A0A0M2EW75-F1-model_v6.pdb,,unknown,unknown,unknown,unknown,,,,false,,,AFDB,,train,bronze AFDB-only TBDT homolog from UniProt PF00593/PF07715 query; no experimental displacement label.,bronze_pseudo_or_self_supervised,bronze,0.1,UniProt,UniProt:PF00593_AND_PF07715,,634,,,,A0A0M2EW75,6,afdb:downloaded
btub_a0a0n0zca2,btub_a0a0n0zca2_afdb_v6,btub,btub,A0A0N0ZCA2,,,raw_af2/AF-A0A0N0ZCA2-F1-model_v6.pdb,,unknown,unknown,unknown,unknown,,,,false,,,AFDB,,train,bronze AFDB-only TBDT homolog from UniProt PF00593/PF07715 query; no experimental displacement label.,bronze_pseudo_or_self_supervised,bronze,0.1,UniProt,UniProt:PF00593_AND_PF07715,,624,,,,A0A0N0ZCA2,6,afdb:downloaded
btub_a0a0n1qya5,btub_a0a0n1qya5_afdb_v6,btub,btub,A0A0N1QYA5,,,raw_af2/AF-A0A0N1QYA5-F1-model_v6.pdb,,unknown,unknown,unknown,unknown,,,,false,,,AFDB,,train,bronze AFDB-only TBDT homolog from UniProt PF00593/PF07715 query; no experimental displacement label.,bronze_pseudo_or_self_supervised,bronze,0.1,UniProt,UniProt:PF00593_AND_PF07715,,614,,,,A0A0N1QYA5,6,afdb:downloaded
