target_id,pair_id,family,gene_name,uniprot_id,pdb_id,pdb_chain,af2_pdb,experimental_pdb,state,state_label,substrate,substrate_class,ligand_ccd,ligand_sdf,reference_ligand_sdf,has_tonb,tonb_chain,resolution,method,region_annotation_json,split,notes,task_type,evidence_level,label_weight,source_db,source_query,rcsb_polymer_entity_id,sequence_length,reference_coverage,mutation_count,deletion_count,split_group_id,af_version,download_status
tbdt_p0dsn4,tbdt_p0dsn4_6r2q_c,tbdt,,P0DSN4,6R2Q,C,raw_af2/AF-P0DSN4-F1-model_v6.pdb,raw_pdb/6R2Q.pdb,unknown,unknown,heme,heme,CA;HEC,,,false,,2.697,X-RAY DIFFRACTION,,train,silver candidate from RCSB:mpstruc_OPM_beta_barrel; region annotation required before supervised displacement use.,silver_betaomp_displacement,silver,0.35,RCSB,RCSB:mpstruc_OPM_beta_barrel,6R2Q_3,650,1.0,0,0,P0DSN4,6,pdb:exists;afdb:exists
tbdt_p0dsn3,tbdt_p0dsn3_6r2q_a,tbdt,,P0DSN3,6R2Q,A,raw_af2/AF-P0DSN3-F1-model_v6.pdb,raw_pdb/6R2Q.pdb,unknown,unknown,heme,heme,CA;HEC,,,false,,2.697,X-RAY DIFFRACTION,,train,silver candidate from RCSB:mpstruc_OPM_beta_barrel; region annotation required before supervised displacement use.,silver_betaomp_displacement,silver,0.35,RCSB,RCSB:mpstruc_OPM_beta_barrel,6R2Q_1,333,1.0,0,0,P0DSN3,6,pdb:exists;afdb:exists
tbdt_a5fjm7,tbdt_a5fjm7_6h3i_f,tbdt,,A5FJM7,6H3I,F,raw_af2/AF-A5FJM7-F1-model_v6.pdb,raw_pdb/6H3I.pdb,unknown,unknown,none,none,,,,false,,3.5,ELECTRON MICROSCOPY,,train,silver candidate from RCSB:mpstruc_OPM_beta_barrel; region annotation required before supervised displacement use.,silver_betaomp_displacement,silver,0.35,RCSB,RCSB:mpstruc_OPM_beta_barrel,6H3I_3,402,1.0,0,0,A5FJM7,6,pdb:exists;afdb:exists
tbdt_p0a940,tbdt_p0a940_5d0o_a,tbdt,,P0A940,5D0O,A,raw_af2/AF-P0A940-F1-model_v6.pdb,raw_pdb/5D0O.pdb,unknown,unknown,none,none,,,,false,,2.9,X-RAY DIFFRACTION,,train,silver candidate from RCSB:mpstruc_OPM_beta_barrel; region annotation required before supervised displacement use.,silver_betaomp_displacement,silver,0.35,RCSB,RCSB:mpstruc_OPM_beta_barrel,5D0O_1,810,1.0,0,0,P0A940,6,pdb:exists;afdb:exists
tbdt_p77774,tbdt_p77774_5d0o_b,tbdt,,P77774,5D0O,B,raw_af2/AF-P77774-F1-model_v6.pdb,raw_pdb/5D0O.pdb,unknown,unknown,none,none,,,,false,,2.9,X-RAY DIFFRACTION,,train,silver candidate from RCSB:mpstruc_OPM_beta_barrel; region annotation required before supervised displacement use.,silver_betaomp_displacement,silver,0.35,RCSB,RCSB:mpstruc_OPM_beta_barrel,5D0O_2,392,1.0,0,0,P77774,6,pdb:exists;afdb:exists
tbdt_p0a903,tbdt_p0a903_5d0o_c,tbdt,,P0A903,5D0O,C,raw_af2/AF-P0A903-F1-model_v6.pdb,raw_pdb/5D0O.pdb,unknown,unknown,none,none,,,,false,,2.9,X-RAY DIFFRACTION,,train,silver candidate from RCSB:mpstruc_OPM_beta_barrel; region annotation required before supervised displacement use.,silver_betaomp_displacement,silver,0.35,RCSB,RCSB:mpstruc_OPM_beta_barrel,5D0O_3,344,1.0,0,0,P0A903,6,pdb:exists;afdb:exists
tbdt_p0a937,tbdt_p0a937_5d0o_e,tbdt,,P0A937,5D0O,E,raw_af2/AF-P0A937-F1-model_v6.pdb,raw_pdb/5D0O.pdb,unknown,unknown,none,none,,,,false,,2.9,X-RAY DIFFRACTION,,test,silver candidate from RCSB:mpstruc_OPM_beta_barrel; region annotation required before supervised displacement use.,silver_betaomp_displacement,silver,0.35,RCSB,RCSB:mpstruc_OPM_beta_barrel,5D0O_5,123,1.0,0,0,P0A937,6,pdb:exists;afdb:exists
tbdt_p0ac02,tbdt_p0ac02_6lys_d,tbdt,,P0AC02,6LYS,D,raw_af2/AF-P0AC02-F1-model_v6.pdb,raw_pdb/6LYS.pdb,unknown,unknown,none,none,,,,false,,3.05,X-RAY DIFFRACTION,,train,silver candidate from RCSB:mpstruc_OPM_beta_barrel; region annotation required before supervised displacement use.,silver_betaomp_displacement,silver,0.35,RCSB,RCSB:mpstruc_OPM_beta_barrel,6LYS_3,245,1.0,0,0,P0AC02,6,pdb:exists;afdb:exists
tbdt_p0a903,tbdt_p0a903_6lys_c,tbdt,,P0A903,6LYS,C,raw_af2/AF-P0A903-F1-model_v6.pdb,raw_pdb/6LYS.pdb,unknown,unknown,none,none,,,,false,,3.05,X-RAY DIFFRACTION,,train,silver candidate from RCSB:mpstruc_OPM_beta_barrel; region annotation required before supervised displacement use.,silver_betaomp_displacement,silver,0.35,RCSB,RCSB:mpstruc_OPM_beta_barrel,6LYS_5,344,1.0,0,0,P0A903,6,pdb:exists;afdb:exists
tbdt_p0a940,tbdt_p0a940_8adg_a,tbdt,,P0A940,8ADG,A,raw_af2/AF-P0A940-F1-model_v6.pdb,raw_pdb/8ADG.pdb,unknown,unknown,none,none,,,,false,,3.0,ELECTRON MICROSCOPY,,train,silver candidate from RCSB:mpstruc_OPM_beta_barrel; region annotation required before supervised displacement use.,silver_betaomp_displacement,silver,0.35,RCSB,RCSB:mpstruc_OPM_beta_barrel,8ADG_1,813,1.0,0,0,P0A940,6,pdb:exists;afdb:exists
tbdt_p0ac02,tbdt_p0ac02_8adg_d,tbdt,,P0AC02,8ADG,D,raw_af2/AF-P0AC02-F1-model_v6.pdb,raw_pdb/8ADG.pdb,unknown,unknown,none,none,,,,false,,3.0,ELECTRON MICROSCOPY,,train,silver candidate from RCSB:mpstruc_OPM_beta_barrel; region annotation required before supervised displacement use.,silver_betaomp_displacement,silver,0.35,RCSB,RCSB:mpstruc_OPM_beta_barrel,8ADG_4,248,1.0,0,0,P0AC02,6,pdb:exists;afdb:exists
tbdt_p0ac02,tbdt_p0ac02_8adi_d,tbdt,,P0AC02,8ADI,D,raw_af2/AF-P0AC02-F1-model_v6.pdb,raw_pdb/8ADI.pdb,unknown,unknown,none,none,,,,false,,3.4,ELECTRON MICROSCOPY,,train,silver candidate from RCSB:mpstruc_OPM_beta_barrel; region annotation required before supervised displacement use.,silver_betaomp_displacement,silver,0.35,RCSB,RCSB:mpstruc_OPM_beta_barrel,8ADI_4,248,1.0,0,0,P0AC02,6,pdb:exists;afdb:exists
tbdt_p0ac02,tbdt_p0ac02_5d0o_d,tbdt,,P0AC02,5D0O,D,raw_af2/AF-P0AC02-F1-model_v6.pdb,raw_pdb/5D0O.pdb,unknown,unknown,none,none,,,,false,,2.9,X-RAY DIFFRACTION,,train,silver candidate from RCSB:mpstruc_OPM_beta_barrel; region annotation required before supervised displacement use.,silver_betaomp_displacement,silver,0.35,RCSB,RCSB:mpstruc_OPM_beta_barrel,5D0O_4,245,1.0,0,0,P0AC02,6,pdb:exists;afdb:exists
tbdt_p0a940,tbdt_p0a940_6lys_a,tbdt,,P0A940,6LYS,A,raw_af2/AF-P0A940-F1-model_v6.pdb,raw_pdb/6LYS.pdb,unknown,unknown,none,none,,,,false,,3.05,X-RAY DIFFRACTION,,train,silver candidate from RCSB:mpstruc_OPM_beta_barrel; region annotation required before supervised displacement use.,silver_betaomp_displacement,silver,0.35,RCSB,RCSB:mpstruc_OPM_beta_barrel,6LYS_1,810,1.0,0,0,P0A940,6,pdb:exists;afdb:exists
tbdt_p77774,tbdt_p77774_6lys_b,tbdt,,P77774,6LYS,B,raw_af2/AF-P77774-F1-model_v6.pdb,raw_pdb/6LYS.pdb,unknown,unknown,none,none,,,,false,,3.05,X-RAY DIFFRACTION,,train,silver candidate from RCSB:mpstruc_OPM_beta_barrel; region annotation required before supervised displacement use.,silver_betaomp_displacement,silver,0.35,RCSB,RCSB:mpstruc_OPM_beta_barrel,6LYS_2,400,1.0,0,0,P77774,6,pdb:exists;afdb:exists
tbdt_p0a940,tbdt_p0a940_8adi_a,tbdt,,P0A940,8ADI,A,raw_af2/AF-P0A940-F1-model_v6.pdb,raw_pdb/8ADI.pdb,unknown,unknown,none,none,,,,false,,3.4,ELECTRON MICROSCOPY,,train,silver candidate from RCSB:mpstruc_OPM_beta_barrel; region annotation required before supervised displacement use.,silver_betaomp_displacement,silver,0.35,RCSB,RCSB:mpstruc_OPM_beta_barrel,8ADI_1,813,1.0,0,0,P0A940,6,pdb:exists;afdb:exists
tbdt_p77774,tbdt_p77774_8adi_b,tbdt,,P77774,8ADI,B,raw_af2/AF-P77774-F1-model_v6.pdb,raw_pdb/8ADI.pdb,unknown,unknown,none,none,,,,false,,3.4,ELECTRON MICROSCOPY,,train,silver candidate from RCSB:mpstruc_OPM_beta_barrel; region annotation required before supervised displacement use.,silver_betaomp_displacement,silver,0.35,RCSB,RCSB:mpstruc_OPM_beta_barrel,8ADI_2,405,1.0,0,0,P77774,6,pdb:exists;afdb:exists
tbdt_p77774,tbdt_p77774_8adg_b,tbdt,,P77774,8ADG,B,raw_af2/AF-P77774-F1-model_v6.pdb,raw_pdb/8ADG.pdb,unknown,unknown,none,none,,,,false,,3.0,ELECTRON MICROSCOPY,,train,silver candidate from RCSB:mpstruc_OPM_beta_barrel; region annotation required before supervised displacement use.,silver_betaomp_displacement,silver,0.35,RCSB,RCSB:mpstruc_OPM_beta_barrel,8ADG_2,405,1.0,0,0,P77774,6,pdb:exists;afdb:exists
tbdt_p0a903,tbdt_p0a903_8adg_c,tbdt,,P0A903,8ADG,C,raw_af2/AF-P0A903-F1-model_v6.pdb,raw_pdb/8ADG.pdb,unknown,unknown,none,none,,,,false,,3.0,ELECTRON MICROSCOPY,,train,silver candidate from RCSB:mpstruc_OPM_beta_barrel; region annotation required before supervised displacement use.,silver_betaomp_displacement,silver,0.35,RCSB,RCSB:mpstruc_OPM_beta_barrel,8ADG_3,347,1.0,0,0,P0A903,6,pdb:exists;afdb:exists
tbdt_p0a937,tbdt_p0a937_8adg_e,tbdt,,P0A937,8ADG,E,raw_af2/AF-P0A937-F1-model_v6.pdb,raw_pdb/8ADG.pdb,unknown,unknown,none,none,,,,false,,3.0,ELECTRON MICROSCOPY,,test,silver candidate from RCSB:mpstruc_OPM_beta_barrel; region annotation required before supervised displacement use.,silver_betaomp_displacement,silver,0.35,RCSB,RCSB:mpstruc_OPM_beta_barrel,8ADG_5,124,1.0,0,0,P0A937,6,pdb:exists;afdb:exists
tbdt_p0a903,tbdt_p0a903_8adi_c,tbdt,,P0A903,8ADI,C,raw_af2/AF-P0A903-F1-model_v6.pdb,raw_pdb/8ADI.pdb,unknown,unknown,none,none,,,,false,,3.4,ELECTRON MICROSCOPY,,train,silver candidate from RCSB:mpstruc_OPM_beta_barrel; region annotation required before supervised displacement use.,silver_betaomp_displacement,silver,0.35,RCSB,RCSB:mpstruc_OPM_beta_barrel,8ADI_3,347,1.0,0,0,P0A903,6,pdb:exists;afdb:exists
tbdt_p0a937,tbdt_p0a937_8adi_e,tbdt,,P0A937,8ADI,E,raw_af2/AF-P0A937-F1-model_v6.pdb,raw_pdb/8ADI.pdb,unknown,unknown,none,none,,,,false,,3.4,ELECTRON MICROSCOPY,,test,silver candidate from RCSB:mpstruc_OPM_beta_barrel; region annotation required before supervised displacement use.,silver_betaomp_displacement,silver,0.35,RCSB,RCSB:mpstruc_OPM_beta_barrel,8ADI_5,124,1.0,0,0,P0A937,6,pdb:exists;afdb:exists
tbdt_p77774,tbdt_p77774_6lyr_b,tbdt,,P77774,6LYR,B,raw_af2/AF-P77774-F1-model_v6.pdb,raw_pdb/6LYR.pdb,unknown,unknown,none,none,,,,false,,3.28,X-RAY DIFFRACTION,,train,silver candidate from RCSB:mpstruc_OPM_beta_barrel; region annotation required before supervised displacement use.,silver_betaomp_displacement,silver,0.35,RCSB,RCSB:mpstruc_OPM_beta_barrel,6LYR_2,400,1.0,0,0,P77774,6,pdb:exists;afdb:exists
tbdt_p0ac02,tbdt_p0ac02_6lyr_d,tbdt,,P0AC02,6LYR,D,raw_af2/AF-P0AC02-F1-model_v6.pdb,raw_pdb/6LYR.pdb,unknown,unknown,none,none,,,,false,,3.28,X-RAY DIFFRACTION,,train,silver candidate from RCSB:mpstruc_OPM_beta_barrel; region annotation required before supervised displacement use.,silver_betaomp_displacement,silver,0.35,RCSB,RCSB:mpstruc_OPM_beta_barrel,6LYR_4,245,1.0,0,0,P0AC02,6,pdb:exists;afdb:exists
tbdt_p0a903,tbdt_p0a903_7ri4_c,tbdt,,P0A903,7RI4,C,raw_af2/AF-P0A903-F1-model_v6.pdb,raw_pdb/7RI4.pdb,unknown,unknown,none,none,,,,false,,3.4,ELECTRON MICROSCOPY,,train,silver candidate from RCSB:mpstruc_OPM_beta_barrel; region annotation required before supervised displacement use.,silver_betaomp_displacement,silver,0.35,RCSB,RCSB:mpstruc_OPM_beta_barrel,7RI4_4,344,1.0,0,0,P0A903,6,pdb:exists;afdb:exists
tbdt_b1xd46,tbdt_b1xd46_8bo2_a,tbdt,,B1XD46,8BO2,A,raw_af2/AF-B1XD46-F1-model_v6.pdb,raw_pdb/8BO2.pdb,unknown,unknown,none,none,,,,false,,3.1,ELECTRON MICROSCOPY,,test,silver candidate from RCSB:mpstruc_OPM_beta_barrel; region annotation required before supervised displacement use.,silver_betaomp_displacement,silver,0.35,RCSB,RCSB:mpstruc_OPM_beta_barrel,8BO2_1,787,0.971604938271605,1,0,B1XD46,6,pdb:exists;afdb:exists
tbdt_p77774,tbdt_p77774_8bo2_b,tbdt,,P77774,8BO2,B,raw_af2/AF-P77774-F1-model_v6.pdb,raw_pdb/8BO2.pdb,unknown,unknown,none,none,,,,false,,3.1,ELECTRON MICROSCOPY,,train,silver candidate from RCSB:mpstruc_OPM_beta_barrel; region annotation required before supervised displacement use.,silver_betaomp_displacement,silver,0.35,RCSB,RCSB:mpstruc_OPM_beta_barrel,8BO2_2,392,1.0,0,0,P77774,6,pdb:exists;afdb:exists
tbdt_p0ac02,tbdt_p0ac02_6lyq_d,tbdt,,P0AC02,6LYQ,D,raw_af2/AF-P0AC02-F1-model_v6.pdb,raw_pdb/6LYQ.pdb,unknown,unknown,none,none,,,,false,,3.19,X-RAY DIFFRACTION,,train,silver candidate from RCSB:mpstruc_OPM_beta_barrel; region annotation required before supervised displacement use.,silver_betaomp_displacement,silver,0.35,RCSB,RCSB:mpstruc_OPM_beta_barrel,6LYQ_4,245,1.0,0,0,P0AC02,6,pdb:exists;afdb:exists
tbdt_p0a940,tbdt_p0a940_6lyr_a,tbdt,,P0A940,6LYR,A,raw_af2/AF-P0A940-F1-model_v6.pdb,raw_pdb/6LYR.pdb,unknown,unknown,none,none,,,,false,,3.28,X-RAY DIFFRACTION,,train,silver candidate from RCSB:mpstruc_OPM_beta_barrel; region annotation required before supervised displacement use.,silver_betaomp_displacement,silver,0.35,RCSB,RCSB:mpstruc_OPM_beta_barrel,6LYR_1,810,1.0,0,0,P0A940,6,pdb:exists;afdb:exists
tbdt_p0a903,tbdt_p0a903_6lyr_c,tbdt,,P0A903,6LYR,C,raw_af2/AF-P0A903-F1-model_v6.pdb,raw_pdb/6LYR.pdb,unknown,unknown,none,none,,,,false,,3.28,X-RAY DIFFRACTION,,train,silver candidate from RCSB:mpstruc_OPM_beta_barrel; region annotation required before supervised displacement use.,silver_betaomp_displacement,silver,0.35,RCSB,RCSB:mpstruc_OPM_beta_barrel,6LYR_3,344,1.0,0,0,P0A903,6,pdb:exists;afdb:exists
tbdt_p0a940,tbdt_p0a940_7ri4_a,tbdt,,P0A940,7RI4,A,raw_af2/AF-P0A940-F1-model_v6.pdb,raw_pdb/7RI4.pdb,unknown,unknown,none,none,,,,false,,3.4,ELECTRON MICROSCOPY,,train,silver candidate from RCSB:mpstruc_OPM_beta_barrel; region annotation required before supervised displacement use.,silver_betaomp_displacement,silver,0.35,RCSB,RCSB:mpstruc_OPM_beta_barrel,7RI4_2,810,1.0,0,0,P0A940,6,pdb:exists;afdb:exists
tbdt_p0a937,tbdt_p0a937_7ri4_e,tbdt,,P0A937,7RI4,E,raw_af2/AF-P0A937-F1-model_v6.pdb,raw_pdb/7RI4.pdb,unknown,unknown,none,none,,,,false,,3.4,ELECTRON MICROSCOPY,,test,silver candidate from RCSB:mpstruc_OPM_beta_barrel; region annotation required before supervised displacement use.,silver_betaomp_displacement,silver,0.35,RCSB,RCSB:mpstruc_OPM_beta_barrel,7RI4_6,123,1.0,0,0,P0A937,6,pdb:exists;afdb:exists
tbdt_p0a937,tbdt_p0a937_8bnz_e,tbdt,,P0A937,8BNZ,E,raw_af2/AF-P0A937-F1-model_v6.pdb,raw_pdb/8BNZ.pdb,unknown,unknown,none,none,,,,false,,3.5,ELECTRON MICROSCOPY,,test,silver candidate from RCSB:mpstruc_OPM_beta_barrel; region annotation required before supervised displacement use.,silver_betaomp_displacement,silver,0.35,RCSB,RCSB:mpstruc_OPM_beta_barrel,8BNZ_5,123,1.0,0,0,P0A937,6,pdb:exists;afdb:exists
tbdt_p0ac02,tbdt_p0ac02_8bo2_d,tbdt,,P0AC02,8BO2,D,raw_af2/AF-P0AC02-F1-model_v6.pdb,raw_pdb/8BO2.pdb,unknown,unknown,none,none,,,,false,,3.1,ELECTRON MICROSCOPY,,train,silver candidate from RCSB:mpstruc_OPM_beta_barrel; region annotation required before supervised displacement use.,silver_betaomp_displacement,silver,0.35,RCSB,RCSB:mpstruc_OPM_beta_barrel,8BO2_4,245,1.0,0,0,P0AC02,6,pdb:exists;afdb:exists
tbdt_p0a937,tbdt_p0a937_8bo2_e,tbdt,,P0A937,8BO2,E,raw_af2/AF-P0A937-F1-model_v6.pdb,raw_pdb/8BO2.pdb,unknown,unknown,none,none,,,,false,,3.1,ELECTRON MICROSCOPY,,test,silver candidate from RCSB:mpstruc_OPM_beta_barrel; region annotation required before supervised displacement use.,silver_betaomp_displacement,silver,0.35,RCSB,RCSB:mpstruc_OPM_beta_barrel,8BO2_5,123,1.0,0,0,P0A937,6,pdb:exists;afdb:exists
tbdt_p0a940,tbdt_p0a940_6lyq_a,tbdt,,P0A940,6LYQ,A,raw_af2/AF-P0A940-F1-model_v6.pdb,raw_pdb/6LYQ.pdb,unknown,unknown,none,none,,,,false,,3.19,X-RAY DIFFRACTION,,train,silver candidate from RCSB:mpstruc_OPM_beta_barrel; region annotation required before supervised displacement use.,silver_betaomp_displacement,silver,0.35,RCSB,RCSB:mpstruc_OPM_beta_barrel,6LYQ_1,810,1.0,0,0,P0A940,6,pdb:exists;afdb:exists
tbdt_p77774,tbdt_p77774_6lyq_b,tbdt,,P77774,6LYQ,B,raw_af2/AF-P77774-F1-model_v6.pdb,raw_pdb/6LYQ.pdb,unknown,unknown,none,none,,,,false,,3.19,X-RAY DIFFRACTION,,train,silver candidate from RCSB:mpstruc_OPM_beta_barrel; region annotation required before supervised displacement use.,silver_betaomp_displacement,silver,0.35,RCSB,RCSB:mpstruc_OPM_beta_barrel,6LYQ_2,400,1.0,0,0,P77774,6,pdb:exists;afdb:exists
tbdt_p0a903,tbdt_p0a903_6lyq_c,tbdt,,P0A903,6LYQ,C,raw_af2/AF-P0A903-F1-model_v6.pdb,raw_pdb/6LYQ.pdb,unknown,unknown,none,none,,,,false,,3.19,X-RAY DIFFRACTION,,train,silver candidate from RCSB:mpstruc_OPM_beta_barrel; region annotation required before supervised displacement use.,silver_betaomp_displacement,silver,0.35,RCSB,RCSB:mpstruc_OPM_beta_barrel,6LYQ_3,344,1.0,0,0,P0A903,6,pdb:exists;afdb:exists
tbdt_p77774,tbdt_p77774_7ri4_b,tbdt,,P77774,7RI4,B,raw_af2/AF-P77774-F1-model_v6.pdb,raw_pdb/7RI4.pdb,unknown,unknown,none,none,,,,false,,3.4,ELECTRON MICROSCOPY,,train,silver candidate from RCSB:mpstruc_OPM_beta_barrel; region annotation required before supervised displacement use.,silver_betaomp_displacement,silver,0.35,RCSB,RCSB:mpstruc_OPM_beta_barrel,7RI4_3,371,0.9464285714285714,0,0,P77774,6,pdb:exists;afdb:exists
tbdt_p0ac02,tbdt_p0ac02_7ri4_d,tbdt,,P0AC02,7RI4,D,raw_af2/AF-P0AC02-F1-model_v6.pdb,raw_pdb/7RI4.pdb,unknown,unknown,none,none,,,,false,,3.4,ELECTRON MICROSCOPY,,train,silver candidate from RCSB:mpstruc_OPM_beta_barrel; region annotation required before supervised displacement use.,silver_betaomp_displacement,silver,0.35,RCSB,RCSB:mpstruc_OPM_beta_barrel,7RI4_5,245,1.0,0,0,P0AC02,6,pdb:exists;afdb:exists
tbdt_p0a940,tbdt_p0a940_8bnz_a,tbdt,,P0A940,8BNZ,A,raw_af2/AF-P0A940-F1-model_v6.pdb,raw_pdb/8BNZ.pdb,unknown,unknown,none,none,,,,false,,3.5,ELECTRON MICROSCOPY,,train,silver candidate from RCSB:mpstruc_OPM_beta_barrel; region annotation required before supervised displacement use.,silver_betaomp_displacement,silver,0.35,RCSB,RCSB:mpstruc_OPM_beta_barrel,8BNZ_1,810,1.0,1,0,P0A940,6,pdb:exists;afdb:exists
tbdt_p77774,tbdt_p77774_8bnz_b,tbdt,,P77774,8BNZ,B,raw_af2/AF-P77774-F1-model_v6.pdb,raw_pdb/8BNZ.pdb,unknown,unknown,none,none,,,,false,,3.5,ELECTRON MICROSCOPY,,train,silver candidate from RCSB:mpstruc_OPM_beta_barrel; region annotation required before supervised displacement use.,silver_betaomp_displacement,silver,0.35,RCSB,RCSB:mpstruc_OPM_beta_barrel,8BNZ_2,392,1.0,0,0,P77774,6,pdb:exists;afdb:exists
tbdt_p0a903,tbdt_p0a903_8bnz_c,tbdt,,P0A903,8BNZ,C,raw_af2/AF-P0A903-F1-model_v6.pdb,raw_pdb/8BNZ.pdb,unknown,unknown,none,none,,,,false,,3.5,ELECTRON MICROSCOPY,,train,silver candidate from RCSB:mpstruc_OPM_beta_barrel; region annotation required before supervised displacement use.,silver_betaomp_displacement,silver,0.35,RCSB,RCSB:mpstruc_OPM_beta_barrel,8BNZ_3,344,1.0,0,0,P0A903,6,pdb:exists;afdb:exists
tbdt_p0ac02,tbdt_p0ac02_8bnz_d,tbdt,,P0AC02,8BNZ,D,raw_af2/AF-P0AC02-F1-model_v6.pdb,raw_pdb/8BNZ.pdb,unknown,unknown,none,none,,,,false,,3.5,ELECTRON MICROSCOPY,,train,silver candidate from RCSB:mpstruc_OPM_beta_barrel; region annotation required before supervised displacement use.,silver_betaomp_displacement,silver,0.35,RCSB,RCSB:mpstruc_OPM_beta_barrel,8BNZ_4,245,1.0,0,0,P0AC02,6,pdb:exists;afdb:exists
tbdt_p0a903,tbdt_p0a903_8bo2_c,tbdt,,P0A903,8BO2,C,raw_af2/AF-P0A903-F1-model_v6.pdb,raw_pdb/8BO2.pdb,unknown,unknown,none,none,,,,false,,3.1,ELECTRON MICROSCOPY,,train,silver candidate from RCSB:mpstruc_OPM_beta_barrel; region annotation required before supervised displacement use.,silver_betaomp_displacement,silver,0.35,RCSB,RCSB:mpstruc_OPM_beta_barrel,8BO2_3,344,1.0,0,0,P0A903,6,pdb:exists;afdb:exists
tbdt_q2fxb0,tbdt_q2fxb0_7p93_a,tbdt,,Q2FXB0,7P93,A,raw_af2/AF-Q2FXB0-F1-model_v6.pdb,raw_pdb/7P93.pdb,unknown,unknown,none,none,,,,false,,1.55,X-RAY DIFFRACTION,,train,silver candidate from RCSB:mpstruc_OPM_beta_barrel; region annotation required before supervised displacement use.,silver_betaomp_displacement,silver,0.35,RCSB,RCSB:mpstruc_OPM_beta_barrel,7P93_1,308,0.9803921568627451,0,0,Q2FXB0,6,pdb:exists;afdb:exists
tbdt_q48473,tbdt_q48473_1osm_a,tbdt,,Q48473,1OSM,A,raw_af2/AF-Q48473-F1-model_v6.pdb,raw_pdb/1OSM.pdb,unknown,unknown,none,none,,,,false,,3.2,X-RAY DIFFRACTION,,train,silver candidate from RCSB:mpstruc_OPM_beta_barrel; region annotation required before supervised displacement use.,silver_betaomp_displacement,silver,0.35,RCSB,RCSB:mpstruc_OPM_beta_barrel,1OSM_1,342,0.9421487603305785,0,0,Q48473,6,pdb:exists;afdb:exists
tbdt_p0a940,tbdt_p0a940_5ekq_a,tbdt,,P0A940,5EKQ,A,raw_af2/AF-P0A940-F1-model_v6.pdb,raw_pdb/5EKQ.pdb,unknown,unknown,none,none,,,,false,,3.392,X-RAY DIFFRACTION,,train,silver candidate from RCSB:mpstruc_OPM_beta_barrel; region annotation required before supervised displacement use.,silver_betaomp_displacement,silver,0.35,RCSB,RCSB:mpstruc_OPM_beta_barrel,5EKQ_1,790,0.9753086419753086,0,0,P0A940,6,pdb:exists;afdb:exists
tbdt_p0ac02,tbdt_p0ac02_5ekq_d,tbdt,,P0AC02,5EKQ,D,raw_af2/AF-P0AC02-F1-model_v6.pdb,raw_pdb/5EKQ.pdb,unknown,unknown,none,none,,,,false,,3.392,X-RAY DIFFRACTION,,train,silver candidate from RCSB:mpstruc_OPM_beta_barrel; region annotation required before supervised displacement use.,silver_betaomp_displacement,silver,0.35,RCSB,RCSB:mpstruc_OPM_beta_barrel,5EKQ_2,226,0.9224489795918367,0,0,P0AC02,6,pdb:exists;afdb:exists
tbdt_p0a903,tbdt_p0a903_5ekq_c,tbdt,,P0A903,5EKQ,C,raw_af2/AF-P0A903-F1-model_v6.pdb,raw_pdb/5EKQ.pdb,unknown,unknown,none,none,,,,false,,3.392,X-RAY DIFFRACTION,,train,silver candidate from RCSB:mpstruc_OPM_beta_barrel; region annotation required before supervised displacement use.,silver_betaomp_displacement,silver,0.35,RCSB,RCSB:mpstruc_OPM_beta_barrel,5EKQ_3,320,0.9302325581395349,0,0,P0A903,6,pdb:exists;afdb:exists
tbdt_p0a940,tbdt_p0a940_8bvq_a,tbdt,,P0A940,8BVQ,A,raw_af2/AF-P0A940-F1-model_v6.pdb,raw_pdb/8BVQ.pdb,unknown,unknown,none,none,,,,false,,3.3,ELECTRON MICROSCOPY,,train,silver candidate from RCSB:mpstruc_OPM_beta_barrel; region annotation required before supervised displacement use.,silver_betaomp_displacement,silver,0.35,RCSB,RCSB:mpstruc_OPM_beta_barrel,8BVQ_1,790,0.9753086419753086,0,0,P0A940,6,pdb:exists;afdb:exists
tbdt_p0ac02,tbdt_p0ac02_8bwc_d,tbdt,,P0AC02,8BWC,D,raw_af2/AF-P0AC02-F1-model_v6.pdb,raw_pdb/8BWC.pdb,unknown,unknown,none,none,,,,false,,3.5,ELECTRON MICROSCOPY,,train,silver candidate from RCSB:mpstruc_OPM_beta_barrel; region annotation required before supervised displacement use.,silver_betaomp_displacement,silver,0.35,RCSB,RCSB:mpstruc_OPM_beta_barrel,8BWC_4,226,0.9224489795918367,0,0,P0AC02,6,pdb:exists;afdb:exists
tbdt_p0a903,tbdt_p0a903_7nri_c,tbdt,,P0A903,7NRI,C,raw_af2/AF-P0A903-F1-model_v6.pdb,raw_pdb/7NRI.pdb,unknown,unknown,none,none,,,,false,,3.03,ELECTRON MICROSCOPY,,train,silver candidate from RCSB:mpstruc_OPM_beta_barrel; region annotation required before supervised displacement use.,silver_betaomp_displacement,silver,0.35,RCSB,RCSB:mpstruc_OPM_beta_barrel,7NRI_3,320,0.9302325581395349,0,0,P0A903,6,pdb:exists;afdb:exists
tbdt_p0ac02,tbdt_p0ac02_7nri_d,tbdt,,P0AC02,7NRI,D,raw_af2/AF-P0AC02-F1-model_v6.pdb,raw_pdb/7NRI.pdb,unknown,unknown,none,none,,,,false,,3.03,ELECTRON MICROSCOPY,,train,silver candidate from RCSB:mpstruc_OPM_beta_barrel; region annotation required before supervised displacement use.,silver_betaomp_displacement,silver,0.35,RCSB,RCSB:mpstruc_OPM_beta_barrel,7NRI_4,226,0.9224489795918367,0,0,P0AC02,6,pdb:exists;afdb:exists
tbdt_p77774,tbdt_p77774_8bvq_b,tbdt,,P77774,8BVQ,B,raw_af2/AF-P77774-F1-model_v6.pdb,raw_pdb/8BVQ.pdb,unknown,unknown,none,none,,,,false,,3.3,ELECTRON MICROSCOPY,,train,silver candidate from RCSB:mpstruc_OPM_beta_barrel; region annotation required before supervised displacement use.,silver_betaomp_displacement,silver,0.35,RCSB,RCSB:mpstruc_OPM_beta_barrel,8BVQ_2,373,0.951530612244898,0,0,P77774,6,pdb:exists;afdb:exists
tbdt_p0a903,tbdt_p0a903_8bvq_c,tbdt,,P0A903,8BVQ,C,raw_af2/AF-P0A903-F1-model_v6.pdb,raw_pdb/8BVQ.pdb,unknown,unknown,none,none,,,,false,,3.3,ELECTRON MICROSCOPY,,train,silver candidate from RCSB:mpstruc_OPM_beta_barrel; region annotation required before supervised displacement use.,silver_betaomp_displacement,silver,0.35,RCSB,RCSB:mpstruc_OPM_beta_barrel,8BVQ_3,320,0.9302325581395349,0,0,P0A903,6,pdb:exists;afdb:exists
tbdt_p0a940,tbdt_p0a940_8bwc_a,tbdt,,P0A940,8BWC,A,raw_af2/AF-P0A940-F1-model_v6.pdb,raw_pdb/8BWC.pdb,unknown,unknown,none,none,,,,false,,3.5,ELECTRON MICROSCOPY,,train,silver candidate from RCSB:mpstruc_OPM_beta_barrel; region annotation required before supervised displacement use.,silver_betaomp_displacement,silver,0.35,RCSB,RCSB:mpstruc_OPM_beta_barrel,8BWC_1,790,0.9753086419753086,0,0,P0A940,6,pdb:exists;afdb:exists
tbdt_p77774,tbdt_p77774_8bwc_b,tbdt,,P77774,8BWC,B,raw_af2/AF-P77774-F1-model_v6.pdb,raw_pdb/8BWC.pdb,unknown,unknown,none,none,,,,false,,3.5,ELECTRON MICROSCOPY,,train,silver candidate from RCSB:mpstruc_OPM_beta_barrel; region annotation required before supervised displacement use.,silver_betaomp_displacement,silver,0.35,RCSB,RCSB:mpstruc_OPM_beta_barrel,8BWC_2,373,0.951530612244898,0,0,P77774,6,pdb:exists;afdb:exists
tbdt_p0a903,tbdt_p0a903_8bwc_c,tbdt,,P0A903,8BWC,C,raw_af2/AF-P0A903-F1-model_v6.pdb,raw_pdb/8BWC.pdb,unknown,unknown,none,none,,,,false,,3.5,ELECTRON MICROSCOPY,,train,silver candidate from RCSB:mpstruc_OPM_beta_barrel; region annotation required before supervised displacement use.,silver_betaomp_displacement,silver,0.35,RCSB,RCSB:mpstruc_OPM_beta_barrel,8BWC_3,320,0.9302325581395349,0,0,P0A903,6,pdb:exists;afdb:exists
tbdt_p0a940,tbdt_p0a940_7nri_a,tbdt,,P0A940,7NRI,A,raw_af2/AF-P0A940-F1-model_v6.pdb,raw_pdb/7NRI.pdb,unknown,unknown,none,none,,,,false,,3.03,ELECTRON MICROSCOPY,,train,silver candidate from RCSB:mpstruc_OPM_beta_barrel; region annotation required before supervised displacement use.,silver_betaomp_displacement,silver,0.35,RCSB,RCSB:mpstruc_OPM_beta_barrel,7NRI_1,788,0.9728395061728395,0,0,P0A940,6,pdb:exists;afdb:exists
tbdt_p77774,tbdt_p77774_7nri_b,tbdt,,P77774,7NRI,B,raw_af2/AF-P77774-F1-model_v6.pdb,raw_pdb/7NRI.pdb,unknown,unknown,none,none,,,,false,,3.03,ELECTRON MICROSCOPY,,train,silver candidate from RCSB:mpstruc_OPM_beta_barrel; region annotation required before supervised displacement use.,silver_betaomp_displacement,silver,0.35,RCSB,RCSB:mpstruc_OPM_beta_barrel,7NRI_2,381,0.951530612244898,0,0,P77774,6,pdb:exists;afdb:exists
tbdt_p0ac02,tbdt_p0ac02_8bvq_d,tbdt,,P0AC02,8BVQ,D,raw_af2/AF-P0AC02-F1-model_v6.pdb,raw_pdb/8BVQ.pdb,unknown,unknown,none,none,,,,false,,3.3,ELECTRON MICROSCOPY,,train,silver candidate from RCSB:mpstruc_OPM_beta_barrel; region annotation required before supervised displacement use.,silver_betaomp_displacement,silver,0.35,RCSB,RCSB:mpstruc_OPM_beta_barrel,8BVQ_4,226,0.9224489795918367,0,0,P0AC02,6,pdb:exists;afdb:exists
tbdt_p0dxf8,tbdt_p0dxf8_5o67_a,tbdt,,P0DXF8,5O67,A,raw_af2/AF-P0DXF8-F1-model_v6.pdb,raw_pdb/5O67.pdb,unknown,unknown,none,none,,,,false,,2.84,X-RAY DIFFRACTION,,train,silver candidate from RCSB:mpstruc_OPM_beta_barrel; region annotation required before supervised displacement use.,silver_betaomp_displacement,silver,0.35,RCSB,RCSB:mpstruc_OPM_beta_barrel,5O67_1,334,0.7534883720930232,1,0,P0DXF8,6,pdb:exists;afdb:exists
tbdt_a0a081gu02,tbdt_a0a081gu02_6gie_a,tbdt,,A0A081GU02,6GIE,A,raw_af2/AF-A0A081GU02-F1-model_v6.pdb,raw_pdb/6GIE.pdb,unknown,unknown,none,none,,,,false,,2.1,X-RAY DIFFRACTION,,test,silver candidate from RCSB:mpstruc_OPM_beta_barrel; region annotation required before supervised displacement use.,silver_betaomp_displacement,silver,0.35,RCSB,RCSB:mpstruc_OPM_beta_barrel,6GIE_1,296,0.9351535836177475,0,0,A0A081GU02,6,pdb:exists;afdb:exists
tbdt_p0dxf8,tbdt_p0dxf8_5o67_b,tbdt,,P0DXF8,5O67,B,raw_af2/AF-P0DXF8-F1-model_v6.pdb,raw_pdb/5O67.pdb,unknown,unknown,none,none,,,,false,,2.84,X-RAY DIFFRACTION,,train,silver candidate from RCSB:mpstruc_OPM_beta_barrel; region annotation required before supervised displacement use.,silver_betaomp_displacement,silver,0.35,RCSB,RCSB:mpstruc_OPM_beta_barrel,5O67_2,334,0.7534883720930232,1,0,P0DXF8,6,pdb:exists;afdb:exists
tbdt_q5dl42,tbdt_q5dl42_4rlb_a,tbdt,,Q5DL42,4RLB,A,raw_af2/AF-Q5DL42-F1-model_v6.pdb,raw_pdb/4RLB.pdb,unknown,unknown,none,none,,,,false,,2.7,X-RAY DIFFRACTION,,train,silver candidate from RCSB:mpstruc_OPM_beta_barrel; region annotation required before supervised displacement use.,silver_betaomp_displacement,silver,0.35,RCSB,RCSB:mpstruc_OPM_beta_barrel,4RLB_1,253,0.9149797570850202,0,0,Q5DL42,6,pdb:exists;afdb:exists
tbdt_a6xb80,tbdt_a6xb80_4rl9_a,tbdt,,A6XB80,4RL9,A,raw_af2/AF-A6XB80-F1-model_v6.pdb,raw_pdb/4RL9.pdb,unknown,unknown,none,none,,,,false,,2.7,X-RAY DIFFRACTION,,train,silver candidate from RCSB:mpstruc_OPM_beta_barrel; region annotation required before supervised displacement use.,silver_betaomp_displacement,silver,0.35,RCSB,RCSB:mpstruc_OPM_beta_barrel,4RL9_1,255,0.9156626506024096,0,0,A6XB80,6,pdb:exists;afdb:exists
tbdt_p0a940,tbdt_p0a940_5d0q_a,tbdt,,P0A940,5D0Q,A,raw_af2/AF-P0A940-F1-model_v6.pdb,raw_pdb/5D0Q.pdb,unknown,unknown,none,none,,,,false,,3.5,X-RAY DIFFRACTION,,train,silver candidate from RCSB:mpstruc_OPM_beta_barrel; region annotation required before supervised displacement use.,silver_betaomp_displacement,silver,0.35,RCSB,RCSB:mpstruc_OPM_beta_barrel,5D0Q_1,810,1.0,0,0,P0A940,6,pdb:exists;afdb:exists
tbdt_p0ac02,tbdt_p0ac02_5d0q_d,tbdt,,P0AC02,5D0Q,D,raw_af2/AF-P0AC02-F1-model_v6.pdb,raw_pdb/5D0Q.pdb,unknown,unknown,none,none,,,,false,,3.5,X-RAY DIFFRACTION,,train,silver candidate from RCSB:mpstruc_OPM_beta_barrel; region annotation required before supervised displacement use.,silver_betaomp_displacement,silver,0.35,RCSB,RCSB:mpstruc_OPM_beta_barrel,5D0Q_3,245,1.0,0,0,P0AC02,6,pdb:exists;afdb:exists
tbdt_p0a937,tbdt_p0a937_5d0q_e,tbdt,,P0A937,5D0Q,E,raw_af2/AF-P0A937-F1-model_v6.pdb,raw_pdb/5D0Q.pdb,unknown,unknown,none,none,,,,false,,3.5,X-RAY DIFFRACTION,,test,silver candidate from RCSB:mpstruc_OPM_beta_barrel; region annotation required before supervised displacement use.,silver_betaomp_displacement,silver,0.35,RCSB,RCSB:mpstruc_OPM_beta_barrel,5D0Q_4,123,0.9911504424778761,0,0,P0A937,6,pdb:exists;afdb:exists
tbdt_p0a903,tbdt_p0a903_5d0q_c,tbdt,,P0A903,5D0Q,C,raw_af2/AF-P0A903-F1-model_v6.pdb,raw_pdb/5D0Q.pdb,unknown,unknown,none,none,,,,false,,3.5,X-RAY DIFFRACTION,,train,silver candidate from RCSB:mpstruc_OPM_beta_barrel; region annotation required before supervised displacement use.,silver_betaomp_displacement,silver,0.35,RCSB,RCSB:mpstruc_OPM_beta_barrel,5D0Q_2,344,1.0,0,0,P0A903,6,pdb:exists;afdb:exists
tbdt_p30130,tbdt_p30130_3rfz_b,tbdt,,P30130,3RFZ,B,raw_af2/AF-P30130-F1-model_v6.pdb,raw_pdb/3RFZ.pdb,unknown,unknown,none,none,,,,false,,2.8,X-RAY DIFFRACTION,,train,silver candidate from RCSB:mpstruc_OPM_beta_barrel; region annotation required before supervised displacement use.,silver_betaomp_displacement,silver,0.35,RCSB,RCSB:mpstruc_OPM_beta_barrel,3RFZ_2,843,0.94874715261959,0,0,P30130,6,pdb:exists;afdb:exists
tbdt_p31697,tbdt_p31697_3rfz_c,tbdt,,P31697,3RFZ,C,raw_af2/AF-P31697-F1-model_v6.pdb,raw_pdb/3RFZ.pdb,unknown,unknown,none,none,,,,false,,2.8,X-RAY DIFFRACTION,,train,silver candidate from RCSB:mpstruc_OPM_beta_barrel; region annotation required before supervised displacement use.,silver_betaomp_displacement,silver,0.35,RCSB,RCSB:mpstruc_OPM_beta_barrel,3RFZ_3,211,0.8506224066390041,0,0,P31697,6,pdb:exists;afdb:exists
tbdt_p08191,tbdt_p08191_3rfz_a,tbdt,,P08191,3RFZ,A,raw_af2/AF-P08191-F1-model_v6.pdb,raw_pdb/3RFZ.pdb,unknown,unknown,none,none,,,,false,,2.8,X-RAY DIFFRACTION,,train,silver candidate from RCSB:mpstruc_OPM_beta_barrel; region annotation required before supervised displacement use.,silver_betaomp_displacement,silver,0.35,RCSB,RCSB:mpstruc_OPM_beta_barrel,3RFZ_1,279,0.93,0,0,P08191,6,pdb:exists;afdb:exists
tbdt_q99rl1,tbdt_q99rl1_4p1x_b,tbdt,,Q99RL1,4P1X,B,raw_af2/AF-Q99RL1-F1-model_v6.pdb,raw_pdb/4P1X.pdb,unknown,unknown,none,none,,,,false,,2.4,X-RAY DIFFRACTION,,train,silver candidate from RCSB:mpstruc_OPM_beta_barrel; region annotation required before supervised displacement use.,silver_betaomp_displacement,silver,0.35,RCSB,RCSB:mpstruc_OPM_beta_barrel,4P1X_1,296,0.9079365079365079,0,0,Q99RL1,6,pdb:exists;afdb:exists
tbdt_a0a0h3jx61,tbdt_a0a0h3jx61_4p1x_a,tbdt,,A0A0H3JX61,4P1X,A,raw_af2/AF-A0A0H3JX61-F1-model_v6.pdb,raw_pdb/4P1X.pdb,unknown,unknown,none,none,,,,false,,2.4,X-RAY DIFFRACTION,,train,silver candidate from RCSB:mpstruc_OPM_beta_barrel; region annotation required before supervised displacement use.,silver_betaomp_displacement,silver,0.35,RCSB,RCSB:mpstruc_OPM_beta_barrel,4P1X_2,309,0.92,1,0,A0A0H3JX61,6,pdb:exists;afdb:exists
tbdt_a0a0h3jx61,tbdt_a0a0h3jx61_4p1y_a,tbdt,,A0A0H3JX61,4P1Y,A,raw_af2/AF-A0A0H3JX61-F1-model_v6.pdb,raw_pdb/4P1Y.pdb,unknown,unknown,none,none,,,,false,,2.992,X-RAY DIFFRACTION,,train,silver candidate from RCSB:mpstruc_OPM_beta_barrel; region annotation required before supervised displacement use.,silver_betaomp_displacement,silver,0.35,RCSB,RCSB:mpstruc_OPM_beta_barrel,4P1Y_1,309,0.92,2,0,A0A0H3JX61,6,pdb:exists;afdb:exists
tbdt_q04641,tbdt_q04641_8axl_a,tbdt,,Q04641,8AXL,A,raw_af2/AF-Q04641-F1-model_v6.pdb,raw_pdb/8AXL.cif,unknown,unknown,none,none,,,,false,,3.42,ELECTRON MICROSCOPY,,train,silver candidate from RCSB:mpstruc_OPM_beta_barrel; region annotation required before supervised displacement use.,silver_betaomp_displacement,silver,0.35,RCSB,RCSB:mpstruc_OPM_beta_barrel,8AXL_1,566,1.0,0,0,Q04641,6,cif:exists;afdb:exists
tbdt_p0a071,tbdt_p0a071_4p1y_b,tbdt,,P0A071,4P1Y,B,raw_af2/AF-P0A071-F1-model_v6.pdb,raw_pdb/4P1Y.pdb,unknown,unknown,none,none,,,,false,,2.992,X-RAY DIFFRACTION,,train,silver candidate from RCSB:mpstruc_OPM_beta_barrel; region annotation required before supervised displacement use.,silver_betaomp_displacement,silver,0.35,RCSB,RCSB:mpstruc_OPM_beta_barrel,4P1Y_2,290,0.8673139158576052,0,0,P0A071,6,pdb:exists;afdb:exists
tbdt_a0a0b9x9i7,tbdt_a0a0b9x9i7_6eus_a,tbdt,,A0A0B9X9I7,6EUS,A,raw_af2/AF-A0A0B9X9I7-F1-model_v6.pdb,raw_pdb/6EUS.pdb,unknown,unknown,none,none,,,,false,,2.2,X-RAY DIFFRACTION,,test,silver candidate from RCSB:mpstruc_OPM_beta_barrel; region annotation required before supervised displacement use.,silver_betaomp_displacement,silver,0.35,RCSB,RCSB:mpstruc_OPM_beta_barrel,6EUS_1,380,0.836405529953917,0,0,A0A0B9X9I7,6,pdb:exists;afdb:exists
tbdt_p23644,tbdt_p23644_6ucu_a,tbdt,,P23644,6UCU,A,raw_af2/AF-P23644-F1-model_v6.pdb,raw_pdb/6UCU.pdb,unknown,unknown,none,none,,,,false,,3.06,ELECTRON MICROSCOPY,,train,silver candidate from RCSB:mpstruc_OPM_beta_barrel; region annotation required before supervised displacement use.,silver_betaomp_displacement,silver,0.35,RCSB,RCSB:mpstruc_OPM_beta_barrel,6UCU_1,397,1.0,0,0,P23644,6,pdb:exists;afdb:exists
tbdt_p49334,tbdt_p49334_6ucu_b,tbdt,,P49334,6UCU,B,raw_af2/AF-P49334-F1-model_v6.pdb,raw_pdb/6UCU.pdb,unknown,unknown,none,none,,,,false,,3.06,ELECTRON MICROSCOPY,,test,silver candidate from RCSB:mpstruc_OPM_beta_barrel; region annotation required before supervised displacement use.,silver_betaomp_displacement,silver,0.35,RCSB,RCSB:mpstruc_OPM_beta_barrel,6UCU_2,162,1.0,0,0,P49334,6,pdb:exists;afdb:exists
tbdt_q5f651,tbdt_q5f651_7omm_a,tbdt,,Q5F651,7OMM,A,raw_af2/AF-Q5F651-F1-model_v6.pdb,raw_pdb/7OMM.pdb,unknown,unknown,none,none,,,,false,,3.4,ELECTRON MICROSCOPY,,train,silver candidate from RCSB:mpstruc_OPM_beta_barrel; region annotation required before supervised displacement use.,silver_betaomp_displacement,silver,0.35,RCSB,RCSB:mpstruc_OPM_beta_barrel,7OMM_1,801,1.0,0,0,Q5F651,6,pdb:exists;afdb:exists
tbdt_q5f9v6,tbdt_q5f9v6_7omm_b,tbdt,,Q5F9V6,7OMM,B,raw_af2/AF-Q5F9V6-F1-model_v6.pdb,raw_pdb/7OMM.pdb,unknown,unknown,none,none,,,,false,,3.4,ELECTRON MICROSCOPY,,train,silver candidate from RCSB:mpstruc_OPM_beta_barrel; region annotation required before supervised displacement use.,silver_betaomp_displacement,silver,0.35,RCSB,RCSB:mpstruc_OPM_beta_barrel,7OMM_2,165,1.0,0,0,Q5F9V6,6,pdb:exists;afdb:exists
tbdt_p0aex9,tbdt_p0aex9_7omm_c,tbdt,,P0AEX9,7OMM,C,raw_af2/AF-P0AEX9-F1-model_v6.pdb,raw_pdb/7OMM.pdb,unknown,unknown,none,none,,,,false,,3.4,ELECTRON MICROSCOPY,,train,silver candidate from RCSB:mpstruc_OPM_beta_barrel; region annotation required before supervised displacement use.,silver_betaomp_displacement,silver,0.35,RCSB,RCSB:mpstruc_OPM_beta_barrel,7OMM_3,520,0.9090909090909091,0,0,P0AEX9,6,pdb:exists;afdb:exists
tbdt_p0aex9,tbdt_p0aex9_7omm_d,tbdt,,P0AEX9,7OMM,D,raw_af2/AF-P0AEX9-F1-model_v6.pdb,raw_pdb/7OMM.pdb,unknown,unknown,none,none,,,,false,,3.4,ELECTRON MICROSCOPY,,train,silver candidate from RCSB:mpstruc_OPM_beta_barrel; region annotation required before supervised displacement use.,silver_betaomp_displacement,silver,0.35,RCSB,RCSB:mpstruc_OPM_beta_barrel,7OMM_4,526,0.9090909090909091,0,0,P0AEX9,6,pdb:exists;afdb:exists
tbdt_p0ae98,tbdt_p0ae98_6l7c_j,tbdt,,P0AE98,6L7C,J,raw_af2/AF-P0AE98-F1-model_v6.pdb,raw_pdb/6L7C.pdb,unknown,unknown,none,none,,,,false,,3.34,ELECTRON MICROSCOPY,,train,silver candidate from RCSB:mpstruc_OPM_beta_barrel; region annotation required before supervised displacement use.,silver_betaomp_displacement,silver,0.35,RCSB,RCSB:mpstruc_OPM_beta_barrel,6L7C_2,138,1.0,0,0,P0AE98,6,pdb:exists;afdb:exists
tbdt_p0aea2,tbdt_p0aea2_6l7c_a,tbdt,,P0AEA2,6L7C,A,raw_af2/AF-P0AEA2-F1-model_v6.pdb,raw_pdb/6L7C.pdb,unknown,unknown,none,none,,,,false,,3.34,ELECTRON MICROSCOPY,,train,silver candidate from RCSB:mpstruc_OPM_beta_barrel; region annotation required before supervised displacement use.,silver_betaomp_displacement,silver,0.35,RCSB,RCSB:mpstruc_OPM_beta_barrel,6L7C_1,277,1.0,0,0,P0AEA2,6,pdb:exists;afdb:exists
tbdt_p77774,tbdt_p77774_4xga_a,tbdt,,P77774,4XGA,A,raw_af2/AF-P77774-F1-model_v6.pdb,raw_pdb/4XGA.pdb,unknown,unknown,none,none,CA,,,false,,2.15,X-RAY DIFFRACTION,,train,silver candidate from RCSB:mpstruc_OPM_beta_barrel; region annotation required before supervised displacement use.,silver_betaomp_displacement,silver,0.35,RCSB,RCSB:mpstruc_OPM_beta_barrel,4XGA_1,373,0.951530612244898,0,0,P77774,6,pdb:exists;afdb:exists
tbdt_g2qff9,tbdt_g2qff9_6wut_b,tbdt,,G2QFF9,6WUT,B,raw_af2/AF-G2QFF9-F1-model_v6.pdb,raw_pdb/6WUT.pdb,unknown,unknown,none,none,,,,false,,3.0,ELECTRON MICROSCOPY,,val,silver candidate from RCSB:mpstruc_OPM_beta_barrel; region annotation required before supervised displacement use.,silver_betaomp_displacement,silver,0.35,RCSB,RCSB:mpstruc_OPM_beta_barrel,6WUT_2,512,1.0,0,0,G2QFF9,6,pdb:exists;afdb:exists
tbdt_a0a0h3jx61,tbdt_a0a0h3jx61_3b07_a,tbdt,,A0A0H3JX61,3B07,A,raw_af2/AF-A0A0H3JX61-F1-model_v6.pdb,raw_pdb/3B07.pdb,unknown,unknown,none,none,,,,false,,2.495,X-RAY DIFFRACTION,,train,silver candidate from RCSB:mpstruc_OPM_beta_barrel; region annotation required before supervised displacement use.,silver_betaomp_displacement,silver,0.35,RCSB,RCSB:mpstruc_OPM_beta_barrel,3B07_1,309,0.92,0,0,A0A0H3JX61,6,pdb:exists;afdb:exists
tbdt_p0a071,tbdt_p0a071_3b07_b,tbdt,,P0A071,3B07,B,raw_af2/AF-P0A071-F1-model_v6.pdb,raw_pdb/3B07.pdb,unknown,unknown,none,none,,,,false,,2.495,X-RAY DIFFRACTION,,train,silver candidate from RCSB:mpstruc_OPM_beta_barrel; region annotation required before supervised displacement use.,silver_betaomp_displacement,silver,0.35,RCSB,RCSB:mpstruc_OPM_beta_barrel,3B07_2,290,0.9061488673139159,0,0,P0A071,6,pdb:exists;afdb:exists
tbdt_q8zqz7,tbdt_q8zqz7_4n4r_b,tbdt,,Q8ZQZ7,4N4R,B,raw_af2/AF-Q8ZQZ7-F1-model_v6.pdb,raw_pdb/4N4R.pdb,unknown,unknown,none,none,ZN,,,false,,2.8,X-RAY DIFFRACTION,,train,silver candidate from RCSB:mpstruc_OPM_beta_barrel; region annotation required before supervised displacement use.,silver_betaomp_displacement,silver,0.35,RCSB,RCSB:mpstruc_OPM_beta_barrel,4N4R_2,196,1.0,0,0,Q8ZQZ7,6,pdb:exists;afdb:exists
tbdt_q9hx32,tbdt_q9hx32_5iva_b,tbdt,,Q9HX32,5IVA,B,raw_af2/AF-Q9HX32-F1-model_v6.pdb,raw_pdb/5IVA.pdb,unknown,unknown,none,none,,,,false,,2.988,X-RAY DIFFRACTION,,val,silver candidate from RCSB:mpstruc_OPM_beta_barrel; region annotation required before supervised displacement use.,silver_betaomp_displacement,silver,0.35,RCSB,RCSB:mpstruc_OPM_beta_barrel,5IVA_2,192,0.9033816425120773,0,0,Q9HX32,6,pdb:exists;afdb:exists
tbdt_g2qff9,tbdt_g2qff9_6wuh_b,tbdt,,G2QFF9,6WUH,B,raw_af2/AF-G2QFF9-F1-model_v6.pdb,raw_pdb/6WUH.pdb,unknown,unknown,none,none,,,,false,,3.4,ELECTRON MICROSCOPY,,val,silver candidate from RCSB:mpstruc_OPM_beta_barrel; region annotation required before supervised displacement use.,silver_betaomp_displacement,silver,0.35,RCSB,RCSB:mpstruc_OPM_beta_barrel,6WUH_2,512,1.0,0,0,G2QFF9,6,pdb:exists;afdb:exists
tbdt_g2q6r7,tbdt_g2q6r7_6wuh_c,tbdt,,G2Q6R7,6WUH,C,raw_af2/AF-G2Q6R7-F1-model_v6.pdb,raw_pdb/6WUH.pdb,unknown,unknown,none,none,,,,false,,3.4,ELECTRON MICROSCOPY,,val,silver candidate from RCSB:mpstruc_OPM_beta_barrel; region annotation required before supervised displacement use.,silver_betaomp_displacement,silver,0.35,RCSB,RCSB:mpstruc_OPM_beta_barrel,6WUH_3,445,1.0,0,0,G2Q6R7,6,pdb:exists;afdb:exists
tbdt_g2q6r7,tbdt_g2q6r7_6wut_c,tbdt,,G2Q6R7,6WUT,C,raw_af2/AF-G2Q6R7-F1-model_v6.pdb,raw_pdb/6WUT.pdb,unknown,unknown,none,none,,,,false,,3.0,ELECTRON MICROSCOPY,,val,silver candidate from RCSB:mpstruc_OPM_beta_barrel; region annotation required before supervised displacement use.,silver_betaomp_displacement,silver,0.35,RCSB,RCSB:mpstruc_OPM_beta_barrel,6WUT_3,479,1.0,0,0,G2Q6R7,6,pdb:exists;afdb:exists
tbdt_p0a921,tbdt_p0a921_1qd6_c,tbdt,,P0A921,1QD6,C,raw_af2/AF-P0A921-F1-model_v6.pdb,raw_pdb/1QD6.pdb,unknown,unknown,none,none,CA;HDS,,,false,,2.1,X-RAY DIFFRACTION,,train,silver candidate from RCSB:mpstruc_OPM_beta_barrel; region annotation required before supervised displacement use.,silver_betaomp_displacement,silver,0.35,RCSB,RCSB:mpstruc_OPM_beta_barrel,1QD6_2,240,0.8304498269896193,0,0,P0A921,6,pdb:exists;afdb:exists
tbdt_q8zrw0,tbdt_q8zrw0_4n4r_a,tbdt,,Q8ZRW0,4N4R,A,raw_af2/AF-Q8ZRW0-F1-model_v6.pdb,raw_pdb/4N4R.pdb,unknown,unknown,none,none,ZN,,,false,,2.8,X-RAY DIFFRACTION,,train,silver candidate from RCSB:mpstruc_OPM_beta_barrel; region annotation required before supervised displacement use.,silver_betaomp_displacement,silver,0.35,RCSB,RCSB:mpstruc_OPM_beta_barrel,4N4R_1,786,1.0,0,0,Q8ZRW0,6,pdb:exists;afdb:exists
tbdt_q51227,tbdt_q51227_1k24_a,tbdt,,Q51227,1K24,A,raw_af2/AF-Q51227-F1-model_v6.pdb,raw_pdb/1K24.pdb,unknown,unknown,none,none,ZN,,,false,,2.03,X-RAY DIFFRACTION,,train,silver candidate from RCSB:mpstruc_OPM_beta_barrel; region annotation required before supervised displacement use.,silver_betaomp_displacement,silver,0.35,RCSB,RCSB:mpstruc_OPM_beta_barrel,1K24_1,253,0.9301470588235294,0,0,Q51227,6,pdb:exists;afdb:exists
tbdt_p02932,tbdt_p02932_1pho_a,tbdt,,P02932,1PHO,A,raw_af2/AF-P02932-F1-model_v6.pdb,raw_pdb/1PHO.pdb,unknown,unknown,none,none,,,,false,,3.0,X-RAY DIFFRACTION,,test,silver candidate from RCSB:mpstruc_OPM_beta_barrel; region annotation required before supervised displacement use.,silver_betaomp_displacement,silver,0.35,RCSB,RCSB:mpstruc_OPM_beta_barrel,1PHO_1,330,0.9401709401709402,0,0,P02932,6,pdb:exists;afdb:exists
tbdt_q48391,tbdt_q48391_4d51_a,tbdt,,Q48391,4D51,A,raw_af2/AF-Q48391-F1-model_v6.pdb,raw_pdb/4D51.pdb,unknown,unknown,none,none,,,,false,,2.3,X-RAY DIFFRACTION,,train,silver candidate from RCSB:mpstruc_OPM_beta_barrel; region annotation required before supervised displacement use.,silver_betaomp_displacement,silver,0.35,RCSB,RCSB:mpstruc_OPM_beta_barrel,4D51_1,324,0.9364161849710982,0,0,Q48391,6,pdb:exists;afdb:exists
tbdt_q659i5,tbdt_q659i5_5ldv_a,tbdt,,Q659I5,5LDV,A,raw_af2/AF-Q659I5-F1-model_v6.pdb,raw_pdb/5LDV.pdb,unknown,unknown,none,none,CA,,,false,,2.1,X-RAY DIFFRACTION,,test,silver candidate from RCSB:mpstruc_OPM_beta_barrel; region annotation required before supervised displacement use.,silver_betaomp_displacement,silver,0.35,RCSB,RCSB:mpstruc_OPM_beta_barrel,5LDV_1,408,0.9484777517564403,1,0,Q659I5,6,pdb:exists;afdb:exists
tbdt_o86021,tbdt_o86021_5oyk_a,tbdt,,O86021,5OYK,A,raw_af2/AF-O86021-F1-model_v6.pdb,raw_pdb/5OYK.pdb,unknown,unknown,none,none,,,,false,,3.2,X-RAY DIFFRACTION,,train,silver candidate from RCSB:mpstruc_OPM_beta_barrel; region annotation required before supervised displacement use.,silver_betaomp_displacement,silver,0.35,RCSB,RCSB:mpstruc_OPM_beta_barrel,5OYK_1,325,0.9447674418604651,0,0,O86021,6,pdb:exists;afdb:exists
tbdt_p14693,tbdt_p14693_7e4i_b,tbdt,,P14693,7E4I,B,raw_af2/AF-P14693-F1-model_v6.pdb,raw_pdb/7E4I.pdb,unknown,unknown,none,none,,,,false,,3.05,ELECTRON MICROSCOPY,,train,silver candidate from RCSB:mpstruc_OPM_beta_barrel; region annotation required before supervised displacement use.,silver_betaomp_displacement,silver,0.35,RCSB,RCSB:mpstruc_OPM_beta_barrel,7E4I_2,329,1.0,0,0,P14693,6,pdb:exists;afdb:exists
tbdt_p53969,tbdt_p53969_7e4i_a,tbdt,,P53969,7E4I,A,raw_af2/AF-P53969-F1-model_v6.pdb,raw_pdb/7E4I.pdb,unknown,unknown,none,none,,,,false,,3.05,ELECTRON MICROSCOPY,,val,silver candidate from RCSB:mpstruc_OPM_beta_barrel; region annotation required before supervised displacement use.,silver_betaomp_displacement,silver,0.35,RCSB,RCSB:mpstruc_OPM_beta_barrel,7E4I_1,485,0.9979338842975206,0,0,P53969,6,pdb:exists;afdb:exists
tbdt_p50110,tbdt_p50110_7e4i_c,tbdt,,P50110,7E4I,C,raw_af2/AF-P50110-F1-model_v6.pdb,raw_pdb/7E4I.pdb,unknown,unknown,none,none,,,,false,,3.05,ELECTRON MICROSCOPY,,val,silver candidate from RCSB:mpstruc_OPM_beta_barrel; region annotation required before supervised displacement use.,silver_betaomp_displacement,silver,0.35,RCSB,RCSB:mpstruc_OPM_beta_barrel,7E4I_3,351,1.0,0,0,P50110,6,pdb:exists;afdb:exists
tbdt_p23644,tbdt_p23644_7e4i_d,tbdt,,P23644,7E4I,D,raw_af2/AF-P23644-F1-model_v6.pdb,raw_pdb/7E4I.pdb,unknown,unknown,none,none,,,,false,,3.05,ELECTRON MICROSCOPY,,train,silver candidate from RCSB:mpstruc_OPM_beta_barrel; region annotation required before supervised displacement use.,silver_betaomp_displacement,silver,0.35,RCSB,RCSB:mpstruc_OPM_beta_barrel,7E4I_4,406,0.9974160206718347,0,0,P23644,6,pdb:exists;afdb:exists
tbdt_q83lx4,tbdt_q83lx4_4q35_b,tbdt,,Q83LX4,4Q35,B,raw_af2/AF-Q83LX4-F1-model_v6.pdb,raw_pdb/4Q35.pdb,unknown,unknown,none,none,,,,false,,2.393,X-RAY DIFFRACTION,,test,silver candidate from RCSB:mpstruc_OPM_beta_barrel; region annotation required before supervised displacement use.,silver_betaomp_displacement,silver,0.35,RCSB,RCSB:mpstruc_OPM_beta_barrel,4Q35_2,175,0.9067357512953368,0,0,Q83LX4,6,pdb:exists;afdb:exists
tbdt_q83sq0,tbdt_q83sq0_4q35_a,tbdt,,Q83SQ0,4Q35,A,raw_af2/AF-Q83SQ0-F1-model_v6.pdb,raw_pdb/4Q35.pdb,unknown,unknown,none,none,,,,false,,2.393,X-RAY DIFFRACTION,,train,silver candidate from RCSB:mpstruc_OPM_beta_barrel; region annotation required before supervised displacement use.,silver_betaomp_displacement,silver,0.35,RCSB,RCSB:mpstruc_OPM_beta_barrel,4Q35_1,802,1.0,0,0,Q83SQ0,6,pdb:exists;afdb:exists
tbdt_q48391,tbdt_q48391_4v3g_a,tbdt,,Q48391,4V3G,A,raw_af2/AF-Q48391-F1-model_v6.pdb,raw_pdb/4V3G.pdb,unknown,unknown,none,none,,,,false,,2.513,X-RAY DIFFRACTION,,train,silver candidate from RCSB:mpstruc_OPM_beta_barrel; region annotation required before supervised displacement use.,silver_betaomp_displacement,silver,0.35,RCSB,RCSB:mpstruc_OPM_beta_barrel,4V3G_1,339,0.9364161849710982,0,0,Q48391,6,pdb:exists;afdb:exists
tbdt_a0a0d5ykr4,tbdt_a0a0d5ykr4_5dl7_a,tbdt,,A0A0D5YKR4,5DL7,A,raw_af2/AF-A0A0D5YKR4-F1-model_v6.pdb,raw_pdb/5DL7.pdb,unknown,unknown,none,none,CA,,,false,,1.75,X-RAY DIFFRACTION,,test,silver candidate from RCSB:mpstruc_OPM_beta_barrel; region annotation required before supervised displacement use.,silver_betaomp_displacement,silver,0.35,RCSB,RCSB:mpstruc_OPM_beta_barrel,5DL7_1,419,0.9483568075117371,0,0,A0A0D5YKR4,6,pdb:exists;afdb:exists
tbdt_q8zik3,tbdt_q8zik3_5ixm_a,tbdt,,Q8ZIK3,5IXM,A,raw_af2/AF-Q8ZIK3-F1-model_v6.pdb,raw_pdb/5IXM.pdb,unknown,unknown,none,none,,,,false,,2.746,X-RAY DIFFRACTION,,train,silver candidate from RCSB:mpstruc_OPM_beta_barrel; region annotation required before supervised displacement use.,silver_betaomp_displacement,silver,0.35,RCSB,RCSB:mpstruc_OPM_beta_barrel,5IXM_1,577,0.7128205128205128,0,0,Q8ZIK3,6,pdb:exists;afdb:exists
tbdt_q7cjv2,tbdt_q7cjv2_5ixm_b,tbdt,,Q7CJV2,5IXM,B,raw_af2/AF-Q7CJV2-F1-model_v6.pdb,raw_pdb/5IXM.pdb,unknown,unknown,none,none,,,,false,,2.746,X-RAY DIFFRACTION,,val,silver candidate from RCSB:mpstruc_OPM_beta_barrel; region annotation required before supervised displacement use.,silver_betaomp_displacement,silver,0.35,RCSB,RCSB:mpstruc_OPM_beta_barrel,5IXM_2,198,0.9033816425120773,0,0,Q7CJV2,6,pdb:exists;afdb:exists
tbdt_q72jd8,tbdt_q72jd8_3dzm_a,tbdt,,Q72JD8,3DZM,A,raw_af2/AF-Q72JD8-F1-model_v6.pdb,raw_pdb/3DZM.pdb,unknown,unknown,none,none,CA,,,false,,2.801,X-RAY DIFFRACTION,,train,silver candidate from RCSB:mpstruc_OPM_beta_barrel; region annotation required before supervised displacement use.,silver_betaomp_displacement,silver,0.35,RCSB,RCSB:mpstruc_OPM_beta_barrel,3DZM_1,214,0.9151785714285714,0,0,Q72JD8,6,pdb:exists;afdb:exists
tbdt_p30690,tbdt_p30690_3wi5_a,tbdt,,P30690,3WI5,A,raw_af2/AF-P30690-F1-model_v6.pdb,raw_pdb/3WI5.pdb,unknown,unknown,none,none,,,,false,,2.4,X-RAY DIFFRACTION,,train,silver candidate from RCSB:mpstruc_OPM_beta_barrel; region annotation required before supervised displacement use.,silver_betaomp_displacement,silver,0.35,RCSB,RCSB:mpstruc_OPM_beta_barrel,3WI5_1,312,0.9425981873111783,3,0,P30690,6,pdb:exists;afdb:exists
tbdt_a5vza8,tbdt_a5vza8_4gf4_a,tbdt,,A5VZA8,4GF4,A,raw_af2/AF-A5VZA8-F1-model_v6.pdb,raw_pdb/4GF4.pdb,unknown,unknown,none,none,,,,false,,3.1,X-RAY DIFFRACTION,,train,silver candidate from RCSB:mpstruc_OPM_beta_barrel; region annotation required before supervised displacement use.,silver_betaomp_displacement,silver,0.35,RCSB,RCSB:mpstruc_OPM_beta_barrel,4GF4_1,436,0.941834451901566,4,0,A5VZA8,6,pdb:exists;afdb:exists
tbdt_q51006,tbdt_q51006_4mt0_a,tbdt,,Q51006,4MT0,A,raw_af2/AF-Q51006-F1-model_v6.pdb,raw_pdb/4MT0.pdb,unknown,unknown,none,none,,,,false,,3.292,X-RAY DIFFRACTION,,test,silver candidate from RCSB:mpstruc_OPM_beta_barrel; region annotation required before supervised displacement use.,silver_betaomp_displacement,silver,0.35,RCSB,RCSB:mpstruc_OPM_beta_barrel,4MT0_1,447,0.9571734475374732,0,0,Q51006,6,pdb:exists;afdb:exists
tbdt_c6k7n1,tbdt_c6k7n1_7jz3_a,tbdt,,C6K7N1,7JZ3,A,raw_af2/AF-C6K7N1-F1-model_v6.pdb,raw_pdb/7JZ3.pdb,unknown,unknown,none,none,,,,false,,2.56,ELECTRON MICROSCOPY,,train,silver candidate from RCSB:mpstruc_OPM_beta_barrel; region annotation required before supervised displacement use.,silver_betaomp_displacement,silver,0.35,RCSB,RCSB:mpstruc_OPM_beta_barrel,7JZ3_1,346,0.9427792915531336,0,0,C6K7N1,6,pdb:exists;afdb:exists
tbdt_p0a077,tbdt_p0a077_3lkf_a,tbdt,,P0A077,3LKF,A,raw_af2/AF-P0A077-F1-model_v6.pdb,raw_pdb/3LKF.pdb,unknown,unknown,none,none,,,,false,,1.9,X-RAY DIFFRACTION,,train,silver candidate from RCSB:mpstruc_OPM_beta_barrel; region annotation required before supervised displacement use.,silver_betaomp_displacement,silver,0.35,RCSB,RCSB:mpstruc_OPM_beta_barrel,3LKF_1,299,0.92,0,0,P0A077,6,pdb:exists;afdb:exists
tbdt_p30690,tbdt_p30690_3wi4_a,tbdt,,P30690,3WI4,A,raw_af2/AF-P30690-F1-model_v6.pdb,raw_pdb/3WI4.pdb,unknown,unknown,none,none,,,,false,,3.32,X-RAY DIFFRACTION,,train,silver candidate from RCSB:mpstruc_OPM_beta_barrel; region annotation required before supervised displacement use.,silver_betaomp_displacement,silver,0.35,RCSB,RCSB:mpstruc_OPM_beta_barrel,3WI4_1,313,0.9425981873111783,0,0,P30690,6,pdb:exists;afdb:exists
tbdt_a0a0h3ame7,tbdt_a0a0h3ame7_6ehf_a,tbdt,,A0A0H3AME7,6EHF,A,raw_af2/AF-A0A0H3AME7-F1-model_v6.pdb,raw_pdb/6EHF.pdb,unknown,unknown,none,none,CA,,,false,,2.72,X-RAY DIFFRACTION,,train,silver candidate from RCSB:mpstruc_OPM_beta_barrel; region annotation required before supervised displacement use.,silver_betaomp_displacement,silver,0.35,RCSB,RCSB:mpstruc_OPM_beta_barrel,6EHF_1,319,0.8668478260869565,1,0,A0A0H3AME7,6,pdb:exists;afdb:exists
tbdt_q2fxb1,tbdt_q2fxb1_6u2s_a,tbdt,,Q2FXB1,6U2S,A,raw_af2/AF-Q2FXB1-F1-model_v6.pdb,raw_pdb/6U2S.pdb,unknown,unknown,none,none,,,,false,,1.5,X-RAY DIFFRACTION,,train,silver candidate from RCSB:mpstruc_OPM_beta_barrel; region annotation required before supervised displacement use.,silver_betaomp_displacement,silver,0.35,RCSB,RCSB:mpstruc_OPM_beta_barrel,6U2S_1,301,0.9204892966360856,0,0,Q2FXB1,6,pdb:exists;afdb:exists
tbdt_m4ggr4,tbdt_m4ggr4_7de8_x,tbdt,,M4GGR4,7DE8,X,raw_af2/AF-M4GGR4-F1-model_v6.pdb,raw_pdb/7DE8.pdb,unknown,unknown,none,none,,,,false,,2.76,X-RAY DIFFRACTION,,train,silver candidate from RCSB:mpstruc_OPM_beta_barrel; region annotation required before supervised displacement use.,silver_betaomp_displacement,silver,0.35,RCSB,RCSB:mpstruc_OPM_beta_barrel,7DE8_1,355,1.0,1,0,M4GGR4,6,pdb:exists;afdb:exists
tbdt_p24305,tbdt_p24305_2fgq_x,tbdt,,P24305,2FGQ,X,raw_af2/AF-P24305-F1-model_v6.pdb,raw_pdb/2FGQ.pdb,unknown,unknown,none,none,CA,,,false,,1.45,X-RAY DIFFRACTION,,train,silver candidate from RCSB:mpstruc_OPM_beta_barrel; region annotation required before supervised displacement use.,silver_betaomp_displacement,silver,0.35,RCSB,RCSB:mpstruc_OPM_beta_barrel,2FGQ_1,332,0.9458689458689459,0,0,P24305,6,pdb:exists;afdb:exists
tbdt_a0qr29,tbdt_a0qr29_1uun_a,tbdt,,A0QR29,1UUN,A,raw_af2/AF-A0QR29-F1-model_v6.pdb,raw_pdb/1UUN.pdb,unknown,unknown,none,none,,,,false,,2.5,X-RAY DIFFRACTION,,train,silver candidate from RCSB:mpstruc_OPM_beta_barrel; region annotation required before supervised displacement use.,silver_betaomp_displacement,silver,0.35,RCSB,RCSB:mpstruc_OPM_beta_barrel,1UUN_1,184,0.8720379146919431,1,0,A0QR29,6,pdb:exists;afdb:exists
tbdt_q9rbw8,tbdt_q9rbw8_3bry_a,tbdt,,Q9RBW8,3BRY,A,raw_af2/AF-Q9RBW8-F1-model_v6.pdb,raw_pdb/3BRY.pdb,unknown,unknown,none,none,,,,false,,3.2,X-RAY DIFFRACTION,,train,silver candidate from RCSB:mpstruc_OPM_beta_barrel; region annotation required before supervised displacement use.,silver_betaomp_displacement,silver,0.35,RCSB,RCSB:mpstruc_OPM_beta_barrel,3BRY_1,441,0.9454148471615721,0,0,Q9RBW8,6,pdb:exists;afdb:exists
tbdt_p32977,tbdt_p32977_4rjw_a,tbdt,,P32977,4RJW,A,raw_af2/AF-P32977-F1-model_v6.pdb,raw_pdb/4RJW.pdb,unknown,unknown,none,none,,,,false,,1.52,X-RAY DIFFRACTION,,train,silver candidate from RCSB:mpstruc_OPM_beta_barrel; region annotation required before supervised displacement use.,silver_betaomp_displacement,silver,0.35,RCSB,RCSB:mpstruc_OPM_beta_barrel,4RJW_1,429,0.9452054794520548,0,0,P32977,6,pdb:exists;afdb:exists
tbdt_a5w3z9,tbdt_a5w3z9_4rl8_a,tbdt,,A5W3Z9,4RL8,A,raw_af2/AF-A5W3Z9-F1-model_v6.pdb,raw_pdb/4RL8.pdb,unknown,unknown,none,none,,,,false,,2.3,X-RAY DIFFRACTION,,train,silver candidate from RCSB:mpstruc_OPM_beta_barrel; region annotation required before supervised displacement use.,silver_betaomp_displacement,silver,0.35,RCSB,RCSB:mpstruc_OPM_beta_barrel,4RL8_1,275,0.9305555555555556,0,0,A5W3Z9,6,pdb:exists;afdb:exists
tbdt_l0rvu0,tbdt_l0rvu0_5mdq_a,tbdt,,L0RVU0,5MDQ,A,raw_af2/AF-L0RVU0-F1-model_v6.pdb,raw_pdb/5MDQ.pdb,unknown,unknown,none,none,NA,,,false,,2.5,X-RAY DIFFRACTION,,val,silver candidate from RCSB:mpstruc_OPM_beta_barrel; region annotation required before supervised displacement use.,silver_betaomp_displacement,silver,0.35,RCSB,RCSB:mpstruc_OPM_beta_barrel,5MDQ_1,350,0.9333333333333333,0,0,L0RVU0,6,pdb:exists;afdb:exists
tbdt_q2fxb1,tbdt_q2fxb1_6u33_a,tbdt,,Q2FXB1,6U33,A,raw_af2/AF-Q2FXB1-F1-model_v6.pdb,raw_pdb/6U33.pdb,unknown,unknown,none,none,NI,,,false,,1.75,X-RAY DIFFRACTION,,train,silver candidate from RCSB:mpstruc_OPM_beta_barrel; region annotation required before supervised displacement use.,silver_betaomp_displacement,silver,0.35,RCSB,RCSB:mpstruc_OPM_beta_barrel,6U33_1,301,0.9204892966360856,0,0,Q2FXB1,6,pdb:exists;afdb:exists
tbdt_q9rp17,tbdt_q9rp17_1p4t_a,tbdt,,Q9RP17,1P4T,A,raw_af2/AF-Q9RP17-F1-model_v6.pdb,raw_pdb/1P4T.pdb,unknown,unknown,none,none,,,,false,,2.55,X-RAY DIFFRACTION,,train,silver candidate from RCSB:mpstruc_OPM_beta_barrel; region annotation required before supervised displacement use.,silver_betaomp_displacement,silver,0.35,RCSB,RCSB:mpstruc_OPM_beta_barrel,1P4T_1,155,0.8908045977011494,0,0,Q9RP17,6,pdb:exists;afdb:exists
tbdt_q9hur5,tbdt_q9hur5_2qtk_a,tbdt,,Q9HUR5,2QTK,A,raw_af2/AF-Q9HUR5-F1-model_v6.pdb,raw_pdb/2QTK.pdb,unknown,unknown,none,none,,,,false,,2.8,X-RAY DIFFRACTION,,val,silver candidate from RCSB:mpstruc_OPM_beta_barrel; region annotation required before supervised displacement use.,silver_betaomp_displacement,silver,0.35,RCSB,RCSB:mpstruc_OPM_beta_barrel,2QTK_1,390,0.935251798561151,0,0,Q9HUR5,6,pdb:exists;afdb:exists
tbdt_a5w4f4,tbdt_a5w4f4_3bs0_a,tbdt,,A5W4F4,3BS0,A,raw_af2/AF-A5W4F4-F1-model_v6.pdb,raw_pdb/3BS0.pdb,unknown,unknown,none,none,,,,false,,2.6,X-RAY DIFFRACTION,,val,silver candidate from RCSB:mpstruc_OPM_beta_barrel; region annotation required before supervised displacement use.,silver_betaomp_displacement,silver,0.35,RCSB,RCSB:mpstruc_OPM_beta_barrel,3BS0_1,439,0.9558498896247241,2,0,A5W4F4,6,pdb:exists;afdb:exists
tbdt_p39767,tbdt_p39767_3prn_a,tbdt,,P39767,3PRN,A,raw_af2/AF-P39767-F1-model_v6.pdb,raw_pdb/3PRN.pdb,unknown,unknown,none,none,MG,,,false,,1.9,X-RAY DIFFRACTION,,train,silver candidate from RCSB:mpstruc_OPM_beta_barrel; region annotation required before supervised displacement use.,silver_betaomp_displacement,silver,0.35,RCSB,RCSB:mpstruc_OPM_beta_barrel,3PRN_1,289,0.9965397923875432,1,0,P39767,6,pdb:exists;afdb:exists
tbdt_q8d0z7,tbdt_q8d0z7_3qra_a,tbdt,,Q8D0Z7,3QRA,A,raw_af2/AF-Q8D0Z7-F1-model_v6.pdb,raw_pdb/3QRA.pdb,unknown,unknown,none,none,,,,false,,1.801,X-RAY DIFFRACTION,,test,silver candidate from RCSB:mpstruc_OPM_beta_barrel; region annotation required before supervised displacement use.,silver_betaomp_displacement,silver,0.35,RCSB,RCSB:mpstruc_OPM_beta_barrel,3QRA_1,157,0.8041237113402062,0,0,Q8D0Z7,6,pdb:exists;afdb:exists
tbdt_q48391,tbdt_q48391_4d5b_a,tbdt,,Q48391,4D5B,A,raw_af2/AF-Q48391-F1-model_v6.pdb,raw_pdb/4D5B.pdb,unknown,unknown,none,none,,,,false,,1.702,X-RAY DIFFRACTION,,train,silver candidate from RCSB:mpstruc_OPM_beta_barrel; region annotation required before supervised displacement use.,silver_betaomp_displacement,silver,0.35,RCSB,RCSB:mpstruc_OPM_beta_barrel,4D5B_1,339,0.9364161849710982,0,0,Q48391,6,pdb:exists;afdb:exists
tbdt_a0a0d5yi36,tbdt_a0a0d5yi36_5dl8_a,tbdt,,A0A0D5YI36,5DL8,A,raw_af2/AF-A0A0D5YI36-F1-model_v6.pdb,raw_pdb/5DL8.pdb,unknown,unknown,none,none,CA,,,false,,2.2,X-RAY DIFFRACTION,,test,silver candidate from RCSB:mpstruc_OPM_beta_barrel; region annotation required before supervised displacement use.,silver_betaomp_displacement,silver,0.35,RCSB,RCSB:mpstruc_OPM_beta_barrel,5DL8_1,407,0.937799043062201,0,0,A0A0D5YI36,6,pdb:exists;afdb:exists
tbdt_q9ns69,tbdt_q9ns69_7ck6_c,tbdt,,Q9NS69,7CK6,C,raw_af2/AF-Q9NS69-F1-model_v6.pdb,raw_pdb/7CK6.pdb,unknown,unknown,none,none,,,,false,,3.4,ELECTRON MICROSCOPY,,train,silver candidate from RCSB:mpstruc_OPM_beta_barrel; region annotation required before supervised displacement use.,silver_betaomp_displacement,silver,0.35,RCSB,RCSB:mpstruc_OPM_beta_barrel,7CK6_2,142,1.0,0,0,Q9NS69,6,pdb:exists;afdb:exists
tbdt_o96008,tbdt_o96008_7ck6_a,tbdt,,O96008,7CK6,A,raw_af2/AF-O96008-F1-model_v6.pdb,raw_pdb/7CK6.pdb,unknown,unknown,none,none,,,,false,,3.4,ELECTRON MICROSCOPY,,train,silver candidate from RCSB:mpstruc_OPM_beta_barrel; region annotation required before supervised displacement use.,silver_betaomp_displacement,silver,0.35,RCSB,RCSB:mpstruc_OPM_beta_barrel,7CK6_1,361,1.0,0,0,O96008,6,pdb:exists;afdb:exists
tbdt_p0ac02,tbdt_p0ac02_3tgo_a,tbdt,,P0AC02,3TGO,A,raw_af2/AF-P0AC02-F1-model_v6.pdb,raw_pdb/3TGO.pdb,unknown,unknown,none,none,K;NA,,,false,,2.9,X-RAY DIFFRACTION,,train,silver candidate from RCSB:mpstruc_OPM_beta_barrel; region annotation required before supervised displacement use.,silver_betaomp_displacement,silver,0.35,RCSB,RCSB:mpstruc_OPM_beta_barrel,3TGO_1,229,0.9183673469387755,0,0,P0AC02,6,pdb:exists;afdb:exists
tbdt_p0a903,tbdt_p0a903_3tgo_c,tbdt,,P0A903,3TGO,C,raw_af2/AF-P0A903-F1-model_v6.pdb,raw_pdb/3TGO.pdb,unknown,unknown,none,none,K;NA,,,false,,2.9,X-RAY DIFFRACTION,,train,silver candidate from RCSB:mpstruc_OPM_beta_barrel; region annotation required before supervised displacement use.,silver_betaomp_displacement,silver,0.35,RCSB,RCSB:mpstruc_OPM_beta_barrel,3TGO_2,323,0.9273255813953488,0,0,P0A903,6,pdb:exists;afdb:exists
tbdt_p0ae98,tbdt_p0ae98_6lqh_a,tbdt,,P0AE98,6LQH,a,raw_af2/AF-P0AE98-F1-model_v6.pdb,raw_pdb/6LQH.pdb,unknown,unknown,none,none,,,,false,,2.94,ELECTRON MICROSCOPY,,train,silver candidate from RCSB:mpstruc_OPM_beta_barrel; region annotation required before supervised displacement use.,silver_betaomp_displacement,silver,0.35,RCSB,RCSB:mpstruc_OPM_beta_barrel,6LQH_2,144,1.0,0,0,P0AE98,6,pdb:exists;afdb:exists
tbdt_p0aea2,tbdt_p0aea2_6si7_j,tbdt,,P0AEA2,6SI7,J,raw_af2/AF-P0AEA2-F1-model_v6.pdb,raw_pdb/6SI7.pdb,unknown,unknown,none,none,,,,false,,3.4,ELECTRON MICROSCOPY,,train,silver candidate from RCSB:mpstruc_OPM_beta_barrel; region annotation required before supervised displacement use.,silver_betaomp_displacement,silver,0.35,RCSB,RCSB:mpstruc_OPM_beta_barrel,6SI7_2,272,0.9458483754512635,0,0,P0AEA2,6,pdb:exists;afdb:exists
tbdt_p0a917,tbdt_p0a917_1qj8_a,tbdt,,P0A917,1QJ8,A,raw_af2/AF-P0A917-F1-model_v6.pdb,raw_pdb/1QJ8.pdb,unknown,unknown,none,none,PCL,,,false,,1.9,X-RAY DIFFRACTION,,train,silver candidate from RCSB:mpstruc_OPM_beta_barrel; region annotation required before supervised displacement use.,silver_betaomp_displacement,silver,0.35,RCSB,RCSB:mpstruc_OPM_beta_barrel,1QJ8_1,148,0.8654970760233918,1,0,P0A917,6,pdb:exists;afdb:exists
tbdt_q5fbd2,tbdt_q5fbd2_6u3f_a,tbdt,,Q5FBD2,6U3F,A,raw_af2/AF-Q5FBD2-F1-model_v6.pdb,raw_pdb/6U3F.pdb,unknown,unknown,none,none,,,,false,,1.78,X-RAY DIFFRACTION,,train,silver candidate from RCSB:mpstruc_OPM_beta_barrel; region annotation required before supervised displacement use.,silver_betaomp_displacement,silver,0.35,RCSB,RCSB:mpstruc_OPM_beta_barrel,6U3F_1,301,0.9261538461538461,0,0,Q5FBD2,6,pdb:exists;afdb:exists
tbdt_a0a1c3q001,tbdt_a0a1c3q001_7ng9_a,tbdt,,A0A1C3Q001,7NG9,A,raw_af2/AF-A0A1C3Q001-F1-model_v6.pdb,raw_pdb/7NG9.pdb,unknown,unknown,none,none,,,,false,,3.3,ELECTRON MICROSCOPY,,train,silver candidate from RCSB:mpstruc_OPM_beta_barrel; region annotation required before supervised displacement use.,silver_betaomp_displacement,silver,0.35,RCSB,RCSB:mpstruc_OPM_beta_barrel,7NG9_1,494,1.0,0,0,A0A1C3Q001,6,pdb:exists;afdb:exists
tbdt_q2fxb0,tbdt_q2fxb0_7p8s_a,tbdt,,Q2FXB0,7P8S,A,raw_af2/AF-Q2FXB0-F1-model_v6.pdb,raw_pdb/7P8S.pdb,unknown,unknown,none,none,,,,false,,1.9,X-RAY DIFFRACTION,,train,silver candidate from RCSB:mpstruc_OPM_beta_barrel; region annotation required before supervised displacement use.,silver_betaomp_displacement,silver,0.35,RCSB,RCSB:mpstruc_OPM_beta_barrel,7P8S_1,308,0.9803921568627451,0,0,Q2FXB0,6,pdb:exists;afdb:exists
tbdt_q9ks51,tbdt_q9ks51_1yc9_a,tbdt,,Q9KS51,1YC9,A,raw_af2/AF-Q9KS51-F1-model_v6.pdb,raw_pdb/1YC9.pdb,unknown,unknown,none,none,HG,,,false,,1.8,X-RAY DIFFRACTION,,train,silver candidate from RCSB:mpstruc_OPM_beta_barrel; region annotation required before supervised displacement use.,silver_betaomp_displacement,silver,0.35,RCSB,RCSB:mpstruc_OPM_beta_barrel,1YC9_1,442,0.9132231404958677,1,0,Q9KS51,6,pdb:exists;afdb:exists
tbdt_p0aea2,tbdt_p0aea2_6lqh_a,tbdt,,P0AEA2,6LQH,A,raw_af2/AF-P0AEA2-F1-model_v6.pdb,raw_pdb/6LQH.pdb,unknown,unknown,none,none,,,,false,,2.94,ELECTRON MICROSCOPY,,train,silver candidate from RCSB:mpstruc_OPM_beta_barrel; region annotation required before supervised displacement use.,silver_betaomp_displacement,silver,0.35,RCSB,RCSB:mpstruc_OPM_beta_barrel,6LQH_1,285,1.0,0,0,P0AEA2,6,pdb:exists;afdb:exists
tbdt_p0ae98,tbdt_p0ae98_6si7_a,tbdt,,P0AE98,6SI7,A,raw_af2/AF-P0AE98-F1-model_v6.pdb,raw_pdb/6SI7.pdb,unknown,unknown,none,none,,,,false,,3.4,ELECTRON MICROSCOPY,,train,silver candidate from RCSB:mpstruc_OPM_beta_barrel; region annotation required before supervised displacement use.,silver_betaomp_displacement,silver,0.35,RCSB,RCSB:mpstruc_OPM_beta_barrel,6SI7_1,125,0.8623188405797102,0,0,P0AE98,6,pdb:exists;afdb:exists
tbdt_p76045,tbdt_p76045_2x9k_a,tbdt,,P76045,2X9K,A,raw_af2/AF-P76045-F1-model_v6.pdb,raw_pdb/2X9K.pdb,unknown,unknown,none,none,,,,false,,2.18,X-RAY DIFFRACTION,,test,silver candidate from RCSB:mpstruc_OPM_beta_barrel; region annotation required before supervised displacement use.,silver_betaomp_displacement,silver,0.35,RCSB,RCSB:mpstruc_OPM_beta_barrel,2X9K_1,280,0.9302325581395349,2,0,P76045,6,pdb:exists;afdb:exists
tbdt_q9hvs0,tbdt_q9hvs0_3syb_a,tbdt,,Q9HVS0,3SYB,A,raw_af2/AF-Q9HVS0-F1-model_v6.pdb,raw_pdb/3SYB.pdb,unknown,unknown,none,none,,,,false,,2.7,X-RAY DIFFRACTION,,test,silver candidate from RCSB:mpstruc_OPM_beta_barrel; region annotation required before supervised displacement use.,silver_betaomp_displacement,silver,0.35,RCSB,RCSB:mpstruc_OPM_beta_barrel,3SYB_1,467,0.9483471074380165,0,0,Q9HVS0,6,pdb:exists;afdb:exists
tbdt_q5f5w8,tbdt_q5f5w8_4k3b_a,tbdt,,Q5F5W8,4K3B,A,raw_af2/AF-Q5F5W8-F1-model_v6.pdb,raw_pdb/4K3B.pdb,unknown,unknown,none,none,,,,false,,3.2,X-RAY DIFFRACTION,,train,silver candidate from RCSB:mpstruc_OPM_beta_barrel; region annotation required before supervised displacement use.,silver_betaomp_displacement,silver,0.35,RCSB,RCSB:mpstruc_OPM_beta_barrel,4K3B_1,792,1.0,0,0,Q5F5W8,6,pdb:exists;afdb:exists
tbdt_a0a0h3fyj7,tbdt_a0a0h3fyj7_5o78_a,tbdt,,A0A0H3FYJ7,5O78,A,raw_af2/AF-A0A0H3FYJ7-F1-model_v6.pdb,raw_pdb/5O78.pdb,unknown,unknown,none,none,,,,false,,2.85,X-RAY DIFFRACTION,,test,silver candidate from RCSB:mpstruc_OPM_beta_barrel; region annotation required before supervised displacement use.,silver_betaomp_displacement,silver,0.35,RCSB,RCSB:mpstruc_OPM_beta_barrel,5O78_1,337,0.9387186629526463,0,0,A0A0H3FYJ7,6,pdb:exists;afdb:exists
tbdt_p02930,tbdt_p02930_2vde_a,tbdt,,P02930,2VDE,A,raw_af2/AF-P02930-F1-model_v6.pdb,raw_pdb/2VDE.pdb,unknown,unknown,enterobactin,enterobactin,,,,false,,3.2,X-RAY DIFFRACTION,,train,silver candidate from RCSB:mpstruc_OPM_beta_barrel; region annotation required before supervised displacement use.,silver_betaomp_displacement,silver,0.35,RCSB,RCSB:mpstruc_OPM_beta_barrel,2VDE_1,460,0.9127789046653144,3,0,P02930,6,pdb:exists;afdb:exists
tbdt_p05695,tbdt_p05695_2o4v_a,tbdt,,P05695,2O4V,A,raw_af2/AF-P05695-F1-model_v6.pdb,raw_pdb/2O4V.pdb,unknown,unknown,none,none,CA,,,false,,1.94,X-RAY DIFFRACTION,,train,silver candidate from RCSB:mpstruc_OPM_beta_barrel; region annotation required before supervised displacement use.,silver_betaomp_displacement,silver,0.35,RCSB,RCSB:mpstruc_OPM_beta_barrel,2O4V_1,411,0.9340909090909091,0,0,P05695,6,pdb:exists;afdb:exists
tbdt_p17811,tbdt_p17811_2x55_a,tbdt,,P17811,2X55,A,raw_af2/AF-P17811-F1-model_v6.pdb,raw_pdb/2X55.pdb,unknown,unknown,none,none,,,,false,,1.85,X-RAY DIFFRACTION,,train,silver candidate from RCSB:mpstruc_OPM_beta_barrel; region annotation required before supervised displacement use.,silver_betaomp_displacement,silver,0.35,RCSB,RCSB:mpstruc_OPM_beta_barrel,2X55_1,293,0.9358974358974359,0,0,P17811,6,pdb:exists;afdb:exists
tbdt_q8zpt3,tbdt_q8zpt3_3fid_a,tbdt,,Q8ZPT3,3FID,A,raw_af2/AF-Q8ZPT3-F1-model_v6.pdb,raw_pdb/3FID.pdb,unknown,unknown,none,none,,,,false,,1.9,X-RAY DIFFRACTION,,val,silver candidate from RCSB:mpstruc_OPM_beta_barrel; region annotation required before supervised displacement use.,silver_betaomp_displacement,silver,0.35,RCSB,RCSB:mpstruc_OPM_beta_barrel,3FID_1,296,0.9278996865203761,0,0,Q8ZPT3,6,pdb:exists;afdb:exists
tbdt_q8d0z7,tbdt_q8d0z7_3qrc_a,tbdt,,Q8D0Z7,3QRC,A,raw_af2/AF-Q8D0Z7-F1-model_v6.pdb,raw_pdb/3QRC.pdb,unknown,unknown,none,none,,,,false,,1.852,X-RAY DIFFRACTION,,test,silver candidate from RCSB:mpstruc_OPM_beta_barrel; region annotation required before supervised displacement use.,silver_betaomp_displacement,silver,0.35,RCSB,RCSB:mpstruc_OPM_beta_barrel,3QRC_1,157,0.8041237113402062,0,0,Q8D0Z7,6,pdb:exists;afdb:exists
tbdt_q934g3,tbdt_q934g3_4fqe_a,tbdt,,Q934G3,4FQE,A,raw_af2/AF-Q934G3-F1-model_v6.pdb,raw_pdb/4FQE.pdb,unknown,unknown,none,none,,,,false,,1.93,X-RAY DIFFRACTION,,train,silver candidate from RCSB:mpstruc_OPM_beta_barrel; region annotation required before supervised displacement use.,silver_betaomp_displacement,silver,0.35,RCSB,RCSB:mpstruc_OPM_beta_barrel,4FQE_1,222,0.9152542372881356,0,0,Q934G3,6,pdb:exists;afdb:exists
tbdt_a0a0f6c2f5,tbdt_a0a0f6c2f5_4q79_a,tbdt,,A0A0F6C2F5,4Q79,A,raw_af2/AF-A0A0F6C2F5-F1-model_v6.pdb,raw_pdb/4Q79.pdb,unknown,unknown,none,none,HG,,,false,,3.1,X-RAY DIFFRACTION,,test,silver candidate from RCSB:mpstruc_OPM_beta_barrel; region annotation required before supervised displacement use.,silver_betaomp_displacement,silver,0.35,RCSB,RCSB:mpstruc_OPM_beta_barrel,4Q79_1,277,1.0,0,0,A0A0F6C2F5,6,pdb:exists;afdb:exists
tbdt_e3u904,tbdt_e3u904_5nxn_a,tbdt,,E3U904,5NXN,A,raw_af2/AF-E3U904-F1-model_v6.pdb,raw_pdb/5NXN.pdb,unknown,unknown,none,none,CA,,,false,,3.12,X-RAY DIFFRACTION,,train,silver candidate from RCSB:mpstruc_OPM_beta_barrel; region annotation required before supervised displacement use.,silver_betaomp_displacement,silver,0.35,RCSB,RCSB:mpstruc_OPM_beta_barrel,5NXN_1,342,0.9144385026737968,0,0,E3U904,6,pdb:exists;afdb:exists
tbdt_a0a0h3ame7,tbdt_a0a0h3ame7_6ehe_a,tbdt,,A0A0H3AME7,6EHE,A,raw_af2/AF-A0A0H3AME7-F1-model_v6.pdb,raw_pdb/6EHE.pdb,unknown,unknown,none,none,,,,false,,2.312,X-RAY DIFFRACTION,,train,silver candidate from RCSB:mpstruc_OPM_beta_barrel; region annotation required before supervised displacement use.,silver_betaomp_displacement,silver,0.35,RCSB,RCSB:mpstruc_OPM_beta_barrel,6EHE_1,319,0.8668478260869565,0,0,A0A0H3AME7,6,pdb:exists;afdb:exists
tbdt_q02307,tbdt_q02307_6rb9_a,tbdt,,Q02307,6RB9,A,raw_af2/AF-Q02307-F1-model_v6.pdb,raw_pdb/6RB9.pdb,unknown,unknown,none,none,,,,false,,3.2,ELECTRON MICROSCOPY,,val,silver candidate from RCSB:mpstruc_OPM_beta_barrel; region annotation required before supervised displacement use.,silver_betaomp_displacement,silver,0.35,RCSB,RCSB:mpstruc_OPM_beta_barrel,6RB9_1,286,0.7926829268292683,0,0,Q02307,6,pdb:exists;afdb:exists
tbdt_p69856,tbdt_p69856_2wjr_a,tbdt,,P69856,2WJR,A,raw_af2/AF-P69856-F1-model_v6.pdb,raw_pdb/2WJR.pdb,unknown,unknown,none,none,,,,false,,1.8,X-RAY DIFFRACTION,,test,silver candidate from RCSB:mpstruc_OPM_beta_barrel; region annotation required before supervised displacement use.,silver_betaomp_displacement,silver,0.35,RCSB,RCSB:mpstruc_OPM_beta_barrel,2WJR_1,214,0.8991596638655462,1,0,P69856,6,pdb:exists;afdb:exists
tbdt_q5rt80,tbdt_q5rt80_3a2s_x,tbdt,,Q5RT80,3A2S,X,raw_af2/AF-Q5RT80-F1-model_v6.pdb,raw_pdb/3A2S.pdb,unknown,unknown,none,none,,,,false,,2.2,X-RAY DIFFRACTION,,train,silver candidate from RCSB:mpstruc_OPM_beta_barrel; region annotation required before supervised displacement use.,silver_betaomp_displacement,silver,0.35,RCSB,RCSB:mpstruc_OPM_beta_barrel,3A2S_1,355,1.0,0,0,Q5RT80,6,pdb:exists;afdb:exists
tbdt_p35077,tbdt_p35077_3njt_a,tbdt,,P35077,3NJT,A,raw_af2/AF-P35077-F1-model_v6.pdb,raw_pdb/3NJT.pdb,unknown,unknown,none,none,,,,false,,3.5,X-RAY DIFFRACTION,,train,silver candidate from RCSB:mpstruc_OPM_beta_barrel; region annotation required before supervised displacement use.,silver_betaomp_displacement,silver,0.35,RCSB,RCSB:mpstruc_OPM_beta_barrel,3NJT_1,566,0.9434931506849316,1,0,P35077,6,pdb:exists;afdb:exists
tbdt_q9i6p8,tbdt_q9i6p8_3szd_a,tbdt,,Q9I6P8,3SZD,A,raw_af2/AF-Q9I6P8-F1-model_v6.pdb,raw_pdb/3SZD.pdb,unknown,unknown,none,none,,,,false,,2.311,X-RAY DIFFRACTION,,train,silver candidate from RCSB:mpstruc_OPM_beta_barrel; region annotation required before supervised displacement use.,silver_betaomp_displacement,silver,0.35,RCSB,RCSB:mpstruc_OPM_beta_barrel,3SZD_1,405,0.9429928741092637,0,0,Q9I6P8,6,pdb:exists;afdb:exists
tbdt_o18423,tbdt_o18423_5gaq_a,tbdt,,O18423,5GAQ,A,raw_af2/AF-O18423-F1-model_v6.pdb,raw_pdb/5GAQ.pdb,unknown,unknown,none,none,,,,false,,3.1,ELECTRON MICROSCOPY,,val,silver candidate from RCSB:mpstruc_OPM_beta_barrel; region annotation required before supervised displacement use.,silver_betaomp_displacement,silver,0.35,RCSB,RCSB:mpstruc_OPM_beta_barrel,5GAQ_1,310,1.0,0,0,O18423,6,pdb:exists;afdb:exists
tbdt_a5f934,tbdt_a5f934_6ehb_a,tbdt,,A5F934,6EHB,A,raw_af2/AF-A5F934-F1-model_v6.pdb,raw_pdb/6EHB.pdb,unknown,unknown,none,none,,,,false,,1.55,X-RAY DIFFRACTION,,train,silver candidate from RCSB:mpstruc_OPM_beta_barrel; region annotation required before supervised displacement use.,silver_betaomp_displacement,silver,0.35,RCSB,RCSB:mpstruc_OPM_beta_barrel,6EHB_1,320,0.9384164222873901,0,0,A5F934,6,pdb:exists;afdb:exists
tbdt_o32739,tbdt_o32739_6uwr_a,tbdt,,O32739,6UWR,A,raw_af2/AF-O32739-F1-model_v6.pdb,raw_pdb/6UWR.pdb,unknown,unknown,none,none,CA,,,false,,2.8,ELECTRON MICROSCOPY,,test,silver candidate from RCSB:mpstruc_OPM_beta_barrel; region annotation required before supervised displacement use.,silver_betaomp_displacement,silver,0.35,RCSB,RCSB:mpstruc_OPM_beta_barrel,6UWR_1,667,0.7614155251141552,0,0,O32739,6,pdb:exists;afdb:exists
tbdt_q3yl97,tbdt_q3yl97_6wim_a,tbdt,,Q3YL97,6WIM,A,raw_af2/AF-Q3YL97-F1-model_v6.pdb,raw_pdb/6WIM.pdb,unknown,unknown,none,none,,,,false,,2.6,X-RAY DIFFRACTION,,train,silver candidate from RCSB:mpstruc_OPM_beta_barrel; region annotation required before supervised displacement use.,silver_betaomp_displacement,silver,0.35,RCSB,RCSB:mpstruc_OPM_beta_barrel,6WIM_1,538,0.9115646258503401,0,0,Q3YL97,6,pdb:exists;afdb:exists
tbdt_p0a927,tbdt_p0a927_1tly_a,tbdt,,P0A927,1TLY,A,raw_af2/AF-P0A927-F1-model_v6.pdb,raw_pdb/1TLY.pdb,unknown,unknown,none,none,,,,false,,3.01,X-RAY DIFFRACTION,,val,silver candidate from RCSB:mpstruc_OPM_beta_barrel; region annotation required before supervised displacement use.,silver_betaomp_displacement,silver,0.35,RCSB,RCSB:mpstruc_OPM_beta_barrel,1TLY_1,278,0.9251700680272109,0,0,P0A927,6,pdb:exists;afdb:exists
tbdt_p10384,tbdt_p10384_2r88_a,tbdt,,P10384,2R88,A,raw_af2/AF-P10384-F1-model_v6.pdb,raw_pdb/2R88.pdb,unknown,unknown,none,none,,,,false,,2.6,X-RAY DIFFRACTION,,train,silver candidate from RCSB:mpstruc_OPM_beta_barrel; region annotation required before supervised displacement use.,silver_betaomp_displacement,silver,0.35,RCSB,RCSB:mpstruc_OPM_beta_barrel,2R88_1,426,0.9417040358744395,0,0,P10384,6,pdb:exists;afdb:exists
tbdt_q9hww1,tbdt_q9hww1_2x27_x,tbdt,,Q9HWW1,2X27,X,raw_af2/AF-Q9HWW1-F1-model_v6.pdb,raw_pdb/2X27.pdb,unknown,unknown,none,none,NI,,,false,,2.4,X-RAY DIFFRACTION,,train,silver candidate from RCSB:mpstruc_OPM_beta_barrel; region annotation required before supervised displacement use.,silver_betaomp_displacement,silver,0.35,RCSB,RCSB:mpstruc_OPM_beta_barrel,2X27_1,212,0.9051724137931034,0,0,Q9HWW1,6,pdb:exists;afdb:exists
tbdt_q9hvj6,tbdt_q9hvj6_3dwo_x,tbdt,,Q9HVJ6,3DWO,X,raw_af2/AF-Q9HVJ6-F1-model_v6.pdb,raw_pdb/3DWO.pdb,unknown,unknown,none,none,,,,false,,2.2,X-RAY DIFFRACTION,,test,silver candidate from RCSB:mpstruc_OPM_beta_barrel; region annotation required before supervised displacement use.,silver_betaomp_displacement,silver,0.35,RCSB,RCSB:mpstruc_OPM_beta_barrel,3DWO_1,451,0.9546436285097192,0,0,Q9HVJ6,6,pdb:exists;afdb:exists
tbdt_p10384,tbdt_p10384_3pgr_a,tbdt,,P10384,3PGR,A,raw_af2/AF-P10384-F1-model_v6.pdb,raw_pdb/3PGR.pdb,unknown,unknown,none,none,,,,false,,2.6,X-RAY DIFFRACTION,,train,silver candidate from RCSB:mpstruc_OPM_beta_barrel; region annotation required before supervised displacement use.,silver_betaomp_displacement,silver,0.35,RCSB,RCSB:mpstruc_OPM_beta_barrel,3PGR_1,427,0.9439461883408071,2,0,P10384,6,pdb:exists;afdb:exists
tbdt_p32722,tbdt_p32722_3sy7_a,tbdt,,P32722,3SY7,A,raw_af2/AF-P32722-F1-model_v6.pdb,raw_pdb/3SY7.pdb,unknown,unknown,none,none,,,,false,,2.15,X-RAY DIFFRACTION,,train,silver candidate from RCSB:mpstruc_OPM_beta_barrel; region annotation required before supervised displacement use.,silver_betaomp_displacement,silver,0.35,RCSB,RCSB:mpstruc_OPM_beta_barrel,3SY7_1,428,0.9480812641083521,0,0,P32722,6,pdb:exists;afdb:exists
tbdt_q8rte3,tbdt_q8rte3_4mt4_a,tbdt,,Q8RTE3,4MT4,A,raw_af2/AF-Q8RTE3-F1-model_v6.pdb,raw_pdb/4MT4.pdb,unknown,unknown,none,none,3PK,,,false,,2.373,X-RAY DIFFRACTION,,train,silver candidate from RCSB:mpstruc_OPM_beta_barrel; region annotation required before supervised displacement use.,silver_betaomp_displacement,silver,0.35,RCSB,RCSB:mpstruc_OPM_beta_barrel,4MT4_1,479,0.9613821138211383,0,0,Q8RTE3,6,pdb:exists;afdb:exists
tbdt_a5f934,tbdt_a5f934_6ehc_a,tbdt,,A5F934,6EHC,A,raw_af2/AF-A5F934-F1-model_v6.pdb,raw_pdb/6EHC.pdb,unknown,unknown,none,none,,,,false,,2.02,X-RAY DIFFRACTION,,train,silver candidate from RCSB:mpstruc_OPM_beta_barrel; region annotation required before supervised displacement use.,silver_betaomp_displacement,silver,0.35,RCSB,RCSB:mpstruc_OPM_beta_barrel,6EHC_1,309,0.906158357771261,0,0,A5F934,6,pdb:exists;afdb:exists
tbdt_p09616,tbdt_p09616_6u3t_a,tbdt,,P09616,6U3T,A,raw_af2/AF-P09616-F1-model_v6.pdb,raw_pdb/6U3T.pdb,unknown,unknown,none,none,,,,false,,2.79,X-RAY DIFFRACTION,,train,silver candidate from RCSB:mpstruc_OPM_beta_barrel; region annotation required before supervised displacement use.,silver_betaomp_displacement,silver,0.35,RCSB,RCSB:mpstruc_OPM_beta_barrel,6U3T_1,293,0.9184952978056427,0,0,P09616,6,pdb:exists;afdb:exists
tbdt_p0aea2,tbdt_p0aea2_6l7a_a,tbdt,,P0AEA2,6L7A,A,raw_af2/AF-P0AEA2-F1-model_v6.pdb,raw_pdb/6L7A.pdb,unknown,unknown,none,none,,,,false,,3.38,ELECTRON MICROSCOPY,,train,silver candidate from RCSB:mpstruc_OPM_beta_barrel; region annotation required before supervised displacement use.,silver_betaomp_displacement,silver,0.35,RCSB,RCSB:mpstruc_OPM_beta_barrel,6L7A_1,277,1.0,0,0,P0AEA2,6,pdb:exists;afdb:exists
tbdt_p02930,tbdt_p02930_6wxh_a,tbdt,,P02930,6WXH,A,raw_af2/AF-P02930-F1-model_v6.pdb,raw_pdb/6WXH.pdb,unknown,unknown,enterobactin,enterobactin,,,,false,,3.09,ELECTRON MICROSCOPY,,train,silver candidate from RCSB:mpstruc_OPM_beta_barrel; region annotation required before supervised displacement use.,silver_betaomp_displacement,silver,0.35,RCSB,RCSB:mpstruc_OPM_beta_barrel,6WXH_1,493,1.0,0,0,P02930,6,pdb:exists;afdb:exists
tbdt_p13423,tbdt_p13423_7kxr_a,tbdt,,P13423,7KXR,A,raw_af2/AF-P13423-F1-model_v6.pdb,raw_pdb/7KXR.pdb,unknown,unknown,none,none,CA,,,false,,3.3,ELECTRON MICROSCOPY,,test,silver candidate from RCSB:mpstruc_OPM_beta_barrel; region annotation required before supervised displacement use.,silver_betaomp_displacement,silver,0.35,RCSB,RCSB:mpstruc_OPM_beta_barrel,7KXR_2,562,0.7356020942408377,0,0,P13423,6,pdb:exists;afdb:exists
tbdt_p0ae98,tbdt_p0ae98_6l7a_j,tbdt,,P0AE98,6L7A,J,raw_af2/AF-P0AE98-F1-model_v6.pdb,raw_pdb/6L7A.pdb,unknown,unknown,none,none,,,,false,,3.38,ELECTRON MICROSCOPY,,train,silver candidate from RCSB:mpstruc_OPM_beta_barrel; region annotation required before supervised displacement use.,silver_betaomp_displacement,silver,0.35,RCSB,RCSB:mpstruc_OPM_beta_barrel,6L7A_2,138,1.0,0,0,P0AE98,6,pdb:exists;afdb:exists
tbdt_p09169,tbdt_p09169_1i78_a,tbdt,,P09169,1I78,A,raw_af2/AF-P09169-F1-model_v6.pdb,raw_pdb/1I78.pdb,unknown,unknown,none,none,,,,false,,2.6,X-RAY DIFFRACTION,,train,silver candidate from RCSB:mpstruc_OPM_beta_barrel; region annotation required before supervised displacement use.,silver_betaomp_displacement,silver,0.35,RCSB,RCSB:mpstruc_OPM_beta_barrel,1I78_1,297,0.9369085173501577,3,0,P09169,6,pdb:exists;afdb:exists
tbdt_p0a921,tbdt_p0a921_1qd5_a,tbdt,,P0A921,1QD5,A,raw_af2/AF-P0A921-F1-model_v6.pdb,raw_pdb/1QD5.pdb,unknown,unknown,none,none,,,,false,,2.17,X-RAY DIFFRACTION,,train,silver candidate from RCSB:mpstruc_OPM_beta_barrel; region annotation required before supervised displacement use.,silver_betaomp_displacement,silver,0.35,RCSB,RCSB:mpstruc_OPM_beta_barrel,1QD5_1,275,0.9307958477508651,0,0,P0A921,6,pdb:exists;afdb:exists
tbdt_p26466,tbdt_p26466_2mpr_a,tbdt,,P26466,2MPR,A,raw_af2/AF-P26466-F1-model_v6.pdb,raw_pdb/2MPR.pdb,unknown,unknown,none,none,CA,,,false,,2.4,X-RAY DIFFRACTION,,train,silver candidate from RCSB:mpstruc_OPM_beta_barrel; region annotation required before supervised displacement use.,silver_betaomp_displacement,silver,0.35,RCSB,RCSB:mpstruc_OPM_beta_barrel,2MPR_1,427,0.9446902654867256,0,0,P26466,6,pdb:exists;afdb:exists
tbdt_p18895,tbdt_p18895_3rbh_a,tbdt,,P18895,3RBH,A,raw_af2/AF-P18895-F1-model_v6.pdb,raw_pdb/3RBH.pdb,unknown,unknown,none,none,CA,,,false,,2.301,X-RAY DIFFRACTION,,train,silver candidate from RCSB:mpstruc_OPM_beta_barrel; region annotation required before supervised displacement use.,silver_betaomp_displacement,silver,0.35,RCSB,RCSB:mpstruc_OPM_beta_barrel,3RBH_1,479,0.9346938775510204,0,0,P18895,6,pdb:exists;afdb:exists
tbdt_q9i6x0,tbdt_q9i6x0_3sy9_a,tbdt,,Q9I6X0,3SY9,A,raw_af2/AF-Q9I6X0-F1-model_v6.pdb,raw_pdb/3SY9.pdb,unknown,unknown,none,none,,,,false,,2.8,X-RAY DIFFRACTION,,train,silver candidate from RCSB:mpstruc_OPM_beta_barrel; region annotation required before supervised displacement use.,silver_betaomp_displacement,silver,0.35,RCSB,RCSB:mpstruc_OPM_beta_barrel,3SY9_1,430,0.9504504504504504,0,0,Q9I6X0,6,pdb:exists;afdb:exists
tbdt_a0a1p8fcm7,tbdt_a0a1p8fcm7_5o77_a,tbdt,,A0A1P8FCM7,5O77,A,raw_af2/AF-A0A1P8FCM7-F1-model_v6.pdb,raw_pdb/5O77.pdb,unknown,unknown,none,none,,,,false,,1.5,X-RAY DIFFRACTION,,train,silver candidate from RCSB:mpstruc_OPM_beta_barrel; region annotation required before supervised displacement use.,silver_betaomp_displacement,silver,0.35,RCSB,RCSB:mpstruc_OPM_beta_barrel,5O77_1,337,0.9413407821229051,0,0,A0A1P8FCM7,6,pdb:exists;afdb:exists
tbdt_d6qly0,tbdt_d6qly0_5o79_a,tbdt,,D6QLY0,5O79,A,raw_af2/AF-D6QLY0-F1-model_v6.pdb,raw_pdb/5O79.pdb,unknown,unknown,none,none,MG,,,false,,1.65,X-RAY DIFFRACTION,,val,silver candidate from RCSB:mpstruc_OPM_beta_barrel; region annotation required before supervised displacement use.,silver_betaomp_displacement,silver,0.35,RCSB,RCSB:mpstruc_OPM_beta_barrel,5O79_1,344,0.9424657534246575,0,0,D6QLY0,6,pdb:exists;afdb:exists
tbdt_q9aly0,tbdt_q9aly0_5o9c_a,tbdt,,Q9ALY0,5O9C,A,raw_af2/AF-Q9ALY0-F1-model_v6.pdb,raw_pdb/5O9C.pdb,unknown,unknown,none,none,,,,false,,2.469,X-RAY DIFFRACTION,,val,silver candidate from RCSB:mpstruc_OPM_beta_barrel; region annotation required before supervised displacement use.,silver_betaomp_displacement,silver,0.35,RCSB,RCSB:mpstruc_OPM_beta_barrel,5O9C_1,354,0.944,0,0,Q9ALY0,6,pdb:exists;afdb:exists
tbdt_p22340,tbdt_p22340_1a0s_p,tbdt,,P22340,1A0S,P,raw_af2/AF-P22340-F1-model_v6.pdb,raw_pdb/1A0S.pdb,unknown,unknown,none,none,CA,,,false,,2.4,X-RAY DIFFRACTION,,train,silver candidate from RCSB:mpstruc_OPM_beta_barrel; region annotation required before supervised displacement use.,silver_betaomp_displacement,silver,0.35,RCSB,RCSB:mpstruc_OPM_beta_barrel,1A0S_1,413,0.8178217821782178,0,0,P22340,6,pdb:exists;afdb:exists
tbdt_p32722,tbdt_p32722_2odj_a,tbdt,,P32722,2ODJ,A,raw_af2/AF-P32722-F1-model_v6.pdb,raw_pdb/2ODJ.pdb,unknown,unknown,none,none,,,,false,,2.9,X-RAY DIFFRACTION,,train,silver candidate from RCSB:mpstruc_OPM_beta_barrel; region annotation required before supervised displacement use.,silver_betaomp_displacement,silver,0.35,RCSB,RCSB:mpstruc_OPM_beta_barrel,2ODJ_1,428,0.9435665914221218,5,0,P32722,6,pdb:exists;afdb:exists
tbdt_a0a0x1khe0,tbdt_a0a0x1khe0_5bun_a,tbdt,,A0A0X1KHE0,5BUN,A,raw_af2/AF-A0A0X1KHE0-F1-model_v6.pdb,raw_pdb/5BUN.pdb,unknown,unknown,none,none,,,,false,,2.98,X-RAY DIFFRACTION,,train,silver candidate from RCSB:mpstruc_OPM_beta_barrel; region annotation required before supervised displacement use.,silver_betaomp_displacement,silver,0.35,RCSB,RCSB:mpstruc_OPM_beta_barrel,5BUN_1,467,1.0,0,0,A0A0X1KHE0,6,pdb:exists;afdb:exists
tbdt_p0dxf8,tbdt_p0dxf8_5o65_a,tbdt,,P0DXF8,5O65,A,raw_af2/AF-P0DXF8-F1-model_v6.pdb,raw_pdb/5O65.pdb,unknown,unknown,none,none,NA,,,false,,2.5,X-RAY DIFFRACTION,,train,silver candidate from RCSB:mpstruc_OPM_beta_barrel; region annotation required before supervised displacement use.,silver_betaomp_displacement,silver,0.35,RCSB,RCSB:mpstruc_OPM_beta_barrel,5O65_1,334,0.7534883720930232,1,0,P0DXF8,6,pdb:exists;afdb:exists
tbdt_q9knv0,tbdt_q9knv0_6w6m_a,tbdt,,Q9KNV0,6W6M,A,raw_af2/AF-Q9KNV0-F1-model_v6.pdb,raw_pdb/6W6M.pdb,unknown,unknown,none,none,,,,false,,2.7,ELECTRON MICROSCOPY,,train,silver candidate from RCSB:mpstruc_OPM_beta_barrel; region annotation required before supervised displacement use.,silver_betaomp_displacement,silver,0.35,RCSB,RCSB:mpstruc_OPM_beta_barrel,6W6M_1,571,0.9878892733564014,0,0,Q9KNV0,6,pdb:exists;afdb:exists
tbdt_p02931,tbdt_p02931_6wtz_a,tbdt,,P02931,6WTZ,A,raw_af2/AF-P02931-F1-model_v6.pdb,raw_pdb/6WTZ.pdb,unknown,unknown,none,none,,,,false,,3.15,ELECTRON MICROSCOPY,,val,silver candidate from RCSB:mpstruc_OPM_beta_barrel; region annotation required before supervised displacement use.,silver_betaomp_displacement,silver,0.35,RCSB,RCSB:mpstruc_OPM_beta_barrel,6WTZ_1,362,1.0,0,0,P02931,6,pdb:exists;afdb:exists
tbdt_p09616,tbdt_p09616_7ahl_a,tbdt,,P09616,7AHL,A,raw_af2/AF-P09616-F1-model_v6.pdb,raw_pdb/7AHL.pdb,unknown,unknown,none,none,,,,false,,1.89,X-RAY DIFFRACTION,,train,silver candidate from RCSB:mpstruc_OPM_beta_barrel; region annotation required before supervised displacement use.,silver_betaomp_displacement,silver,0.35,RCSB,RCSB:mpstruc_OPM_beta_barrel,7AHL_1,293,0.9184952978056427,0,0,P09616,6,pdb:exists;afdb:exists
tbdt_q47453,tbdt_q47453_7pge_b,tbdt,,Q47453,7PGE,B,raw_af2/AF-Q47453-F1-model_v6.pdb,raw_pdb/7PGE.pdb,unknown,unknown,none,none,,,,false,,2.0,X-RAY DIFFRACTION,,train,silver candidate from RCSB:mpstruc_OPM_beta_barrel; region annotation required before supervised displacement use.,silver_betaomp_displacement,silver,0.35,RCSB,RCSB:mpstruc_OPM_beta_barrel,7PGE_1,215,0.7263513513513513,0,0,Q47453,6,pdb:exists;afdb:exists
tbdt_p09545,tbdt_p09545_1xez_a,tbdt,,P09545,1XEZ,A,raw_af2/AF-P09545-F1-model_v6.pdb,raw_pdb/1XEZ.pdb,unknown,unknown,none,none,,,,false,,2.3,X-RAY DIFFRACTION,,train,silver candidate from RCSB:mpstruc_OPM_beta_barrel; region annotation required before supervised displacement use.,silver_betaomp_displacement,silver,0.35,RCSB,RCSB:mpstruc_OPM_beta_barrel,1XEZ_1,721,0.9676113360323887,0,0,P09545,6,pdb:exists;afdb:exists
tbdt_q9hvd1,tbdt_q9hvd1_2erv_a,tbdt,,Q9HVD1,2ERV,A,raw_af2/AF-Q9HVD1-F1-model_v6.pdb,raw_pdb/2ERV.pdb,unknown,unknown,none,none,CA;CXE,,,false,,2.0,X-RAY DIFFRACTION,,val,silver candidate from RCSB:mpstruc_OPM_beta_barrel; region annotation required before supervised displacement use.,silver_betaomp_displacement,silver,0.35,RCSB,RCSB:mpstruc_OPM_beta_barrel,2ERV_1,150,0.8670520231213873,0,0,Q9HVD1,6,pdb:exists;afdb:exists
tbdt_p37001,tbdt_p37001_3gp6_a,tbdt,,P37001,3GP6,A,raw_af2/AF-P37001-F1-model_v6.pdb,raw_pdb/3GP6.pdb,unknown,unknown,none,none,LI;MPD,,,false,,1.4,X-RAY DIFFRACTION,,val,silver candidate from RCSB:mpstruc_OPM_beta_barrel; region annotation required before supervised displacement use.,silver_betaomp_displacement,silver,0.35,RCSB,RCSB:mpstruc_OPM_beta_barrel,3GP6_1,163,0.8655913978494624,0,0,P37001,6,pdb:exists;afdb:exists
tbdt_p13423,tbdt_p13423_3j9c_a,tbdt,,P13423,3J9C,A,raw_af2/AF-P13423-F1-model_v6.pdb,raw_pdb/3J9C.pdb,unknown,unknown,none,none,CA,,,false,,2.9,ELECTRON MICROSCOPY,,test,silver candidate from RCSB:mpstruc_OPM_beta_barrel; region annotation required before supervised displacement use.,silver_betaomp_displacement,silver,0.35,RCSB,RCSB:mpstruc_OPM_beta_barrel,3J9C_1,562,0.7356020942408377,0,0,P13423,6,pdb:exists;afdb:exists
tbdt_p10384,tbdt_p10384_3pgu_a,tbdt,,P10384,3PGU,A,raw_af2/AF-P10384-F1-model_v6.pdb,raw_pdb/3PGU.pdb,unknown,unknown,none,none,NA;NI,,,false,,1.7,X-RAY DIFFRACTION,,train,silver candidate from RCSB:mpstruc_OPM_beta_barrel; region annotation required before supervised displacement use.,silver_betaomp_displacement,silver,0.35,RCSB,RCSB:mpstruc_OPM_beta_barrel,3PGU_1,427,0.9439461883408071,1,0,P10384,6,pdb:exists;afdb:exists
tbdt_q51397,tbdt_q51397_5azs_a,tbdt,,Q51397,5AZS,A,raw_af2/AF-Q51397-F1-model_v6.pdb,raw_pdb/5AZS.pdb,unknown,unknown,none,none,,,,false,,3.1,X-RAY DIFFRACTION,,val,silver candidate from RCSB:mpstruc_OPM_beta_barrel; region annotation required before supervised displacement use.,silver_betaomp_displacement,silver,0.35,RCSB,RCSB:mpstruc_OPM_beta_barrel,5AZS_1,468,0.9603340292275574,0,0,Q51397,6,pdb:exists;afdb:exists
tbdt_p37001,tbdt_p37001_1thq_a,tbdt,,P37001,1THQ,A,raw_af2/AF-P37001-F1-model_v6.pdb,raw_pdb/1THQ.pdb,unknown,unknown,none,none,,,,false,,1.9,X-RAY DIFFRACTION,,val,silver candidate from RCSB:mpstruc_OPM_beta_barrel; region annotation required before supervised displacement use.,silver_betaomp_displacement,silver,0.35,RCSB,RCSB:mpstruc_OPM_beta_barrel,1THQ_1,170,0.8655913978494624,0,0,P37001,6,pdb:exists;afdb:exists
tbdt_q51487,tbdt_q51487_1wp1_a,tbdt,,Q51487,1WP1,A,raw_af2/AF-Q51487-F1-model_v6.pdb,raw_pdb/1WP1.pdb,unknown,unknown,none,none,,,,false,,2.56,X-RAY DIFFRACTION,,train,silver candidate from RCSB:mpstruc_OPM_beta_barrel; region annotation required before supervised displacement use.,silver_betaomp_displacement,silver,0.35,RCSB,RCSB:mpstruc_OPM_beta_barrel,1WP1_1,474,0.9649484536082474,0,0,Q51487,6,pdb:exists;afdb:exists
tbdt_o33407,tbdt_o33407_3kvn_a,tbdt,,O33407,3KVN,A,raw_af2/AF-O33407-F1-model_v6.pdb,raw_pdb/3KVN.pdb,unknown,unknown,none,none,,,,false,,2.499,X-RAY DIFFRACTION,,train,silver candidate from RCSB:mpstruc_OPM_beta_barrel; region annotation required before supervised displacement use.,silver_betaomp_displacement,silver,0.35,RCSB,RCSB:mpstruc_OPM_beta_barrel,3KVN_1,632,0.9628482972136223,0,0,O33407,6,pdb:exists;afdb:exists
tbdt_p0ade4,tbdt_p0ade4_4c00_a,tbdt,,P0ADE4,4C00,A,raw_af2/AF-P0ADE4-F1-model_v6.pdb,raw_pdb/4C00.pdb,unknown,unknown,none,none,,,,false,,2.25,X-RAY DIFFRACTION,,val,silver candidate from RCSB:mpstruc_OPM_beta_barrel; region annotation required before supervised displacement use.,silver_betaomp_displacement,silver,0.35,RCSB,RCSB:mpstruc_OPM_beta_barrel,4C00_1,559,0.9636048526863085,0,0,P0ADE4,6,pdb:exists;afdb:exists
tbdt_q51056,tbdt_q51056_4aui_a,tbdt,,Q51056,4AUI,A,raw_af2/AF-Q51056-F1-model_v6.pdb,raw_pdb/4AUI.pdb,unknown,unknown,none,none,ATP;MG,,,false,,3.2,X-RAY DIFFRACTION,,train,silver candidate from RCSB:mpstruc_OPM_beta_barrel; region annotation required before supervised displacement use.,silver_betaomp_displacement,silver,0.35,RCSB,RCSB:mpstruc_OPM_beta_barrel,4AUI_1,327,1.0,0,0,Q51056,6,pdb:exists;afdb:exists
tbdt_a5vza8,tbdt_a5vza8_4gey_a,tbdt,,A5VZA8,4GEY,A,raw_af2/AF-A5VZA8-F1-model_v6.pdb,raw_pdb/4GEY.pdb,unknown,unknown,none,none,,,,false,,2.7,X-RAY DIFFRACTION,,train,silver candidate from RCSB:mpstruc_OPM_beta_barrel; region annotation required before supervised displacement use.,silver_betaomp_displacement,silver,0.35,RCSB,RCSB:mpstruc_OPM_beta_barrel,4GEY_1,436,0.941834451901566,2,0,A5VZA8,6,pdb:exists;afdb:exists
tbdt_p18895,tbdt_p18895_4xnk_a,tbdt,,P18895,4XNK,A,raw_af2/AF-P18895-F1-model_v6.pdb,raw_pdb/4XNK.pdb,unknown,unknown,none,none,CA;NA,,,false,,2.8,X-RAY DIFFRACTION,,train,silver candidate from RCSB:mpstruc_OPM_beta_barrel; region annotation required before supervised displacement use.,silver_betaomp_displacement,silver,0.35,RCSB,RCSB:mpstruc_OPM_beta_barrel,4XNK_1,490,1.0,0,0,P18895,6,pdb:exists;afdb:exists
tbdt_a0a0m7h8a9,tbdt_a0a0m7h8a9_6ene_a,tbdt,,A0A0M7H8A9,6ENE,A,raw_af2/AF-A0A0M7H8A9-F1-model_v6.pdb,raw_pdb/6ENE.pdb,unknown,unknown,none,none,,,,false,,2.3,X-RAY DIFFRACTION,,test,silver candidate from RCSB:mpstruc_OPM_beta_barrel; region annotation required before supervised displacement use.,silver_betaomp_displacement,silver,0.35,RCSB,RCSB:mpstruc_OPM_beta_barrel,6ENE_1,329,0.9373219373219374,0,0,A0A0M7H8A9,6,pdb:exists;afdb:exists
tbdt_a0a1c3q001,tbdt_a0a1c3q001_7ng8_a,tbdt,,A0A1C3Q001,7NG8,A,raw_af2/AF-A0A1C3Q001-F1-model_v6.pdb,raw_pdb/7NG8.cif,unknown,unknown,none,none,,,,false,,3.2,ELECTRON MICROSCOPY,,train,silver candidate from RCSB:mpstruc_OPM_beta_barrel; region annotation required before supervised displacement use.,silver_betaomp_displacement,silver,0.35,RCSB,RCSB:mpstruc_OPM_beta_barrel,7NG8_1,494,1.0,0,0,A0A1C3Q001,6,cif:exists;afdb:exists
tbdt_p0a915,tbdt_p0a915_2f1v_a,tbdt,,P0A915,2F1V,A,raw_af2/AF-P0A915-F1-model_v6.pdb,raw_pdb/2F1V.pdb,unknown,unknown,none,none,,,,false,,2.7,X-RAY DIFFRACTION,,test,silver candidate from RCSB:mpstruc_OPM_beta_barrel; region annotation required before supervised displacement use.,silver_betaomp_displacement,silver,0.35,RCSB,RCSB:mpstruc_OPM_beta_barrel,2F1V_1,197,0.9009433962264151,0,0,P0A915,6,pdb:exists;afdb:exists
tbdt_p06996,tbdt_p06996_2j1n_a,tbdt,,P06996,2J1N,A,raw_af2/AF-P06996-F1-model_v6.pdb,raw_pdb/2J1N.pdb,unknown,unknown,none,none,MG,,,false,,2.0,X-RAY DIFFRACTION,,train,silver candidate from RCSB:mpstruc_OPM_beta_barrel; region annotation required before supervised displacement use.,silver_betaomp_displacement,silver,0.35,RCSB,RCSB:mpstruc_OPM_beta_barrel,2J1N_1,346,0.9427792915531336,0,0,P06996,6,pdb:exists;afdb:exists
tbdt_p17811,tbdt_p17811_2x4m_a,tbdt,,P17811,2X4M,A,raw_af2/AF-P17811-F1-model_v6.pdb,raw_pdb/2X4M.pdb,unknown,unknown,none,none,,,,false,,2.55,X-RAY DIFFRACTION,,train,silver candidate from RCSB:mpstruc_OPM_beta_barrel; region annotation required before supervised displacement use.,silver_betaomp_displacement,silver,0.35,RCSB,RCSB:mpstruc_OPM_beta_barrel,2X4M_1,298,0.9358974358974359,1,0,P17811,6,pdb:exists;afdb:exists
tbdt_p18895,tbdt_p18895_4xnl_a,tbdt,,P18895,4XNL,A,raw_af2/AF-P18895-F1-model_v6.pdb,raw_pdb/4XNL.pdb,unknown,unknown,none,none,CA,,,false,,2.9,X-RAY DIFFRACTION,,train,silver candidate from RCSB:mpstruc_OPM_beta_barrel; region annotation required before supervised displacement use.,silver_betaomp_displacement,silver,0.35,RCSB,RCSB:mpstruc_OPM_beta_barrel,4XNL_1,490,1.0,0,0,P18895,6,pdb:exists;afdb:exists
tbdt_l0rvu0,tbdt_l0rvu0_5mdr_a,tbdt,,L0RVU0,5MDR,A,raw_af2/AF-L0RVU0-F1-model_v6.pdb,raw_pdb/5MDR.pdb,unknown,unknown,none,none,NA,,,false,,1.9,X-RAY DIFFRACTION,,val,silver candidate from RCSB:mpstruc_OPM_beta_barrel; region annotation required before supervised displacement use.,silver_betaomp_displacement,silver,0.35,RCSB,RCSB:mpstruc_OPM_beta_barrel,5MDR_1,352,0.9333333333333333,0,0,L0RVU0,6,pdb:exists;afdb:exists
tbdt_p02943,tbdt_p02943_1af6_a,tbdt,,P02943,1AF6,A,raw_af2/AF-P02943-F1-model_v6.pdb,raw_pdb/1AF6.pdb,unknown,unknown,none,none,MG,,,false,,2.4,X-RAY DIFFRACTION,,val,silver candidate from RCSB:mpstruc_OPM_beta_barrel; region annotation required before supervised displacement use.,silver_betaomp_displacement,silver,0.35,RCSB,RCSB:mpstruc_OPM_beta_barrel,1AF6_1,421,0.9439461883408071,0,0,P02943,6,pdb:exists;afdb:exists
tbdt_e3u904,tbdt_e3u904_5nxr_a,tbdt,,E3U904,5NXR,A,raw_af2/AF-E3U904-F1-model_v6.pdb,raw_pdb/5NXR.pdb,unknown,unknown,none,none,,,,false,,2.7,X-RAY DIFFRACTION,,train,silver candidate from RCSB:mpstruc_OPM_beta_barrel; region annotation required before supervised displacement use.,silver_betaomp_displacement,silver,0.35,RCSB,RCSB:mpstruc_OPM_beta_barrel,5NXR_1,352,0.9411764705882353,0,0,E3U904,6,pdb:exists;afdb:exists
tbdt_p0c6q6,tbdt_p0c6q6_5onu_a,tbdt,,P0C6Q6,5ONU,A,raw_af2/AF-P0C6Q6-F1-model_v6.pdb,raw_pdb/5ONU.pdb,unknown,unknown,none,none,,,,false,,2.22,X-RAY DIFFRACTION,,val,silver candidate from RCSB:mpstruc_OPM_beta_barrel; region annotation required before supervised displacement use.,silver_betaomp_displacement,silver,0.35,RCSB,RCSB:mpstruc_OPM_beta_barrel,5ONU_1,356,1.0,0,0,P0C6Q6,6,pdb:exists;afdb:exists
tbdt_p18895,tbdt_p18895_4afk_a,tbdt,,P18895,4AFK,A,raw_af2/AF-P18895-F1-model_v6.pdb,raw_pdb/4AFK.pdb,unknown,unknown,none,none,CA;NA,,,false,,1.897,X-RAY DIFFRACTION,,train,silver candidate from RCSB:mpstruc_OPM_beta_barrel; region annotation required before supervised displacement use.,silver_betaomp_displacement,silver,0.35,RCSB,RCSB:mpstruc_OPM_beta_barrel,4AFK_1,458,0.9346938775510204,0,0,P18895,6,pdb:exists;afdb:exists
tbdt_q4kh25,tbdt_q4kh25_3jty_a,tbdt,,Q4KH25,3JTY,A,raw_af2/AF-Q4KH25-F1-model_v6.pdb,raw_pdb/3JTY.pdb,unknown,unknown,none,none,,,,false,,2.58,X-RAY DIFFRACTION,,train,silver candidate from RCSB:mpstruc_OPM_beta_barrel; region annotation required before supervised displacement use.,silver_betaomp_displacement,silver,0.35,RCSB,RCSB:mpstruc_OPM_beta_barrel,3JTY_1,402,0.930952380952381,0,0,Q4KH25,6,pdb:exists;afdb:exists
tbdt_q2fwp0,tbdt_q2fwp0_6rhv_g,tbdt,,Q2FWP0,6RHV,G,raw_af2/AF-Q2FWP0-F1-model_v6.pdb,raw_pdb/6RHV.pdb,unknown,unknown,none,none,MG,,,false,,2.29,X-RAY DIFFRACTION,,train,silver candidate from RCSB:mpstruc_OPM_beta_barrel; region annotation required before supervised displacement use.,silver_betaomp_displacement,silver,0.35,RCSB,RCSB:mpstruc_OPM_beta_barrel,6RHV_1,309,0.9142011834319527,0,0,Q2FWP0,6,pdb:exists;afdb:exists
tbdt_q2fwn9,tbdt_q2fwn9_6rhv_h,tbdt,,Q2FWN9,6RHV,H,raw_af2/AF-Q2FWN9-F1-model_v6.pdb,raw_pdb/6RHV.pdb,unknown,unknown,none,none,MG,,,false,,2.29,X-RAY DIFFRACTION,,train,silver candidate from RCSB:mpstruc_OPM_beta_barrel; region annotation required before supervised displacement use.,silver_betaomp_displacement,silver,0.35,RCSB,RCSB:mpstruc_OPM_beta_barrel,6RHV_2,324,0.9230769230769231,1,0,Q2FWN9,6,pdb:exists;afdb:exists
tbdt_p77211,tbdt_p77211_3pik_a,tbdt,,P77211,3PIK,A,raw_af2/AF-P77211-F1-model_v6.pdb,raw_pdb/3PIK.pdb,unknown,unknown,none,none,UNL,,,false,,2.3,X-RAY DIFFRACTION,,test,silver candidate from RCSB:mpstruc_OPM_beta_barrel; region annotation required before supervised displacement use.,silver_betaomp_displacement,silver,0.35,RCSB,RCSB:mpstruc_OPM_beta_barrel,3PIK_1,446,0.962800875273523,0,0,P77211,6,pdb:exists;afdb:exists
tbdt_q46221,tbdt_q46221_6klw_a,tbdt,,Q46221,6KLW,A,raw_af2/AF-Q46221-F1-model_v6.pdb,raw_pdb/6KLW.pdb,unknown,unknown,none,none,CA,,,false,,2.9,ELECTRON MICROSCOPY,,train,silver candidate from RCSB:mpstruc_OPM_beta_barrel; region annotation required before supervised displacement use.,silver_betaomp_displacement,silver,0.35,RCSB,RCSB:mpstruc_OPM_beta_barrel,6KLW_1,666,0.7611428571428571,0,0,Q46221,6,pdb:exists;afdb:exists
tbdt_p18895,tbdt_p18895_4b61_a,tbdt,,P18895,4B61,A,raw_af2/AF-P18895-F1-model_v6.pdb,raw_pdb/4B61.pdb,unknown,unknown,none,none,ACT;CU;MG,,,false,,2.402,X-RAY DIFFRACTION,,train,silver candidate from RCSB:mpstruc_OPM_beta_barrel; region annotation required before supervised displacement use.,silver_betaomp_displacement,silver,0.35,RCSB,RCSB:mpstruc_OPM_beta_barrel,4B61_1,458,0.9346938775510204,0,0,P18895,6,pdb:exists;afdb:exists
tbdt_q8awd0,tbdt_q8awd0_4bum_x,tbdt,,Q8AWD0,4BUM,X,raw_af2/AF-Q8AWD0-F1-model_v6.pdb,raw_pdb/4BUM.pdb,unknown,unknown,none,none,,,,false,,2.801,X-RAY DIFFRACTION,,val,silver candidate from RCSB:mpstruc_OPM_beta_barrel; region annotation required before supervised displacement use.,silver_betaomp_displacement,silver,0.35,RCSB,RCSB:mpstruc_OPM_beta_barrel,4BUM_1,289,1.0,0,0,Q8AWD0,6,pdb:exists;afdb:exists
tbdt_p77211,tbdt_p77211_4k7k_a,tbdt,,P77211,4K7K,A,raw_af2/AF-P77211-F1-model_v6.pdb,raw_pdb/4K7K.pdb,unknown,unknown,none,none,,,,false,,2.53,X-RAY DIFFRACTION,,test,silver candidate from RCSB:mpstruc_OPM_beta_barrel; region annotation required before supervised displacement use.,silver_betaomp_displacement,silver,0.35,RCSB,RCSB:mpstruc_OPM_beta_barrel,4K7K_1,446,0.962800875273523,0,0,P77211,6,pdb:exists;afdb:exists
tbdt_d6qly1,tbdt_d6qly1_6rck_a,tbdt,,D6QLY1,6RCK,A,raw_af2/AF-D6QLY1-F1-model_v6.pdb,raw_pdb/6RCK.pdb,unknown,unknown,none,none,,,,false,,2.029,X-RAY DIFFRACTION,,train,silver candidate from RCSB:mpstruc_OPM_beta_barrel; region annotation required before supervised displacement use.,silver_betaomp_displacement,silver,0.35,RCSB,RCSB:mpstruc_OPM_beta_barrel,6RCK_1,347,0.9427792915531336,0,0,D6QLY1,6,pdb:exists;afdb:exists
tbdt_p76045,tbdt_p76045_2iww_a,tbdt,,P76045,2IWW,A,raw_af2/AF-P76045-F1-model_v6.pdb,raw_pdb/2IWW.pdb,unknown,unknown,none,none,,,,false,,2.7,X-RAY DIFFRACTION,,test,silver candidate from RCSB:mpstruc_OPM_beta_barrel; region annotation required before supervised displacement use.,silver_betaomp_displacement,silver,0.35,RCSB,RCSB:mpstruc_OPM_beta_barrel,2IWW_1,281,0.9302325581395349,0,0,P76045,6,pdb:exists;afdb:exists
tbdt_p76045,tbdt_p76045_2iwv_a,tbdt,,P76045,2IWV,A,raw_af2/AF-P76045-F1-model_v6.pdb,raw_pdb/2IWV.pdb,unknown,unknown,none,none,CA,,,false,,2.3,X-RAY DIFFRACTION,,test,silver candidate from RCSB:mpstruc_OPM_beta_barrel; region annotation required before supervised displacement use.,silver_betaomp_displacement,silver,0.35,RCSB,RCSB:mpstruc_OPM_beta_barrel,2IWV_1,281,0.9302325581395349,0,0,P76045,6,pdb:exists;afdb:exists
tbdt_p10384,tbdt_p10384_3pgs_a,tbdt,,P10384,3PGS,A,raw_af2/AF-P10384-F1-model_v6.pdb,raw_pdb/3PGS.pdb,unknown,unknown,none,none,,,,false,,1.9,X-RAY DIFFRACTION,,train,silver candidate from RCSB:mpstruc_OPM_beta_barrel; region annotation required before supervised displacement use.,silver_betaomp_displacement,silver,0.35,RCSB,RCSB:mpstruc_OPM_beta_barrel,3PGS_1,427,0.9439461883408071,1,0,P10384,6,pdb:exists;afdb:exists
tbdt_e5g6g2,tbdt_e5g6g2_6rcp_a,tbdt,,E5G6G2,6RCP,A,raw_af2/AF-E5G6G2-F1-model_v6.pdb,raw_pdb/6RCP.pdb,unknown,unknown,none,none,,,,false,,3.231,X-RAY DIFFRACTION,,val,silver candidate from RCSB:mpstruc_OPM_beta_barrel; region annotation required before supervised displacement use.,silver_betaomp_displacement,silver,0.35,RCSB,RCSB:mpstruc_OPM_beta_barrel,6RCP_1,349,0.943089430894309,0,0,E5G6G2,6,pdb:exists;afdb:exists
tbdt_p02930,tbdt_p02930_2vdd_a,tbdt,,P02930,2VDD,A,raw_af2/AF-P02930-F1-model_v6.pdb,raw_pdb/2VDD.pdb,unknown,unknown,enterobactin,enterobactin,,,,false,,3.3,X-RAY DIFFRACTION,,train,silver candidate from RCSB:mpstruc_OPM_beta_barrel; region annotation required before supervised displacement use.,silver_betaomp_displacement,silver,0.35,RCSB,RCSB:mpstruc_OPM_beta_barrel,2VDD_1,460,0.9127789046653144,3,0,P02930,6,pdb:exists;afdb:exists
tbdt_p02930,tbdt_p02930_1ek9_a,tbdt,,P02930,1EK9,A,raw_af2/AF-P02930-F1-model_v6.pdb,raw_pdb/1EK9.pdb,unknown,unknown,enterobactin,enterobactin,,,,false,,2.1,X-RAY DIFFRACTION,,train,silver candidate from RCSB:mpstruc_OPM_beta_barrel; region annotation required before supervised displacement use.,silver_betaomp_displacement,silver,0.35,RCSB,RCSB:mpstruc_OPM_beta_barrel,1EK9_1,428,0.8681541582150102,5,0,P02930,6,pdb:exists;afdb:exists
tbdt_p45758,tbdt_p45758_5wq7_a,tbdt,,P45758,5WQ7,A,raw_af2/AF-P45758-F1-model_v6.pdb,raw_pdb/5WQ7.pdb,unknown,unknown,none,none,,,,false,,3.04,ELECTRON MICROSCOPY,,train,silver candidate from RCSB:mpstruc_OPM_beta_barrel; region annotation required before supervised displacement use.,silver_betaomp_displacement,silver,0.35,RCSB,RCSB:mpstruc_OPM_beta_barrel,5WQ7_1,627,0.9646153846153847,0,0,P45758,6,pdb:exists;afdb:exists
tbdt_p02930,tbdt_p02930_6wxi_a,tbdt,,P02930,6WXI,A,raw_af2/AF-P02930-F1-model_v6.pdb,raw_pdb/6WXI.pdb,unknown,unknown,enterobactin,enterobactin,,,,false,,2.84,ELECTRON MICROSCOPY,,train,silver candidate from RCSB:mpstruc_OPM_beta_barrel; region annotation required before supervised displacement use.,silver_betaomp_displacement,silver,0.35,RCSB,RCSB:mpstruc_OPM_beta_barrel,6WXI_1,493,1.0,0,0,P02930,6,pdb:exists;afdb:exists
tbdt_p45779,tbdt_p45779_5wq8_a,tbdt,,P45779,5WQ8,A,raw_af2/AF-P45779-F1-model_v6.pdb,raw_pdb/5WQ8.pdb,unknown,unknown,none,none,,,,false,,3.26,ELECTRON MICROSCOPY,,train,silver candidate from RCSB:mpstruc_OPM_beta_barrel; region annotation required before supervised displacement use.,silver_betaomp_displacement,silver,0.35,RCSB,RCSB:mpstruc_OPM_beta_barrel,5WQ8_1,650,0.9643916913946587,0,0,P45779,6,pdb:exists;afdb:exists
tbdt_p37432,tbdt_p37432_3nsg_a,tbdt,,P37432,3NSG,A,raw_af2/AF-P37432-F1-model_v6.pdb,raw_pdb/3NSG.pdb,unknown,unknown,none,none,,,,false,,2.79,X-RAY DIFFRACTION,,test,silver candidate from RCSB:mpstruc_OPM_beta_barrel; region annotation required before supervised displacement use.,silver_betaomp_displacement,silver,0.35,RCSB,RCSB:mpstruc_OPM_beta_barrel,3NSG_1,341,0.9366391184573003,0,0,P37432,6,pdb:exists;afdb:exists
tbdt_q9i0y7,tbdt_q9i0y7_5azp_a,tbdt,,Q9I0Y7,5AZP,A,raw_af2/AF-Q9I0Y7-F1-model_v6.pdb,raw_pdb/5AZP.pdb,unknown,unknown,none,none,3PK;FMT;NA;OYA,,,false,,1.69,X-RAY DIFFRACTION,,train,silver candidate from RCSB:mpstruc_OPM_beta_barrel; region annotation required before supervised displacement use.,silver_betaomp_displacement,silver,0.35,RCSB,RCSB:mpstruc_OPM_beta_barrel,5AZP_1,455,0.9470338983050848,0,0,Q9I0Y7,6,pdb:exists;afdb:exists
tbdt_e3u905,tbdt_e3u905_4d65_a,tbdt,,E3U905,4D65,A,raw_af2/AF-E3U905-F1-model_v6.pdb,raw_pdb/4D65.pdb,unknown,unknown,none,none,FTT;MYR,,,false,,2.2,X-RAY DIFFRACTION,,test,silver candidate from RCSB:mpstruc_OPM_beta_barrel; region annotation required before supervised displacement use.,silver_betaomp_displacement,silver,0.35,RCSB,RCSB:mpstruc_OPM_beta_barrel,4D65_1,343,0.9397260273972603,0,0,E3U905,6,pdb:exists;afdb:exists
tbdt_q5y4y6,tbdt_q5y4y6_5b5r_a,tbdt,,Q5Y4Y6,5B5R,A,raw_af2/AF-Q5Y4Y6-F1-model_v6.pdb,raw_pdb/5B5R.pdb,unknown,unknown,none,none,,,,false,,1.902,X-RAY DIFFRACTION,,train,silver candidate from RCSB:mpstruc_OPM_beta_barrel; region annotation required before supervised displacement use.,silver_betaomp_displacement,silver,0.35,RCSB,RCSB:mpstruc_OPM_beta_barrel,5B5R_1,468,1.0,0,0,Q5Y4Y6,6,pdb:exists;afdb:exists
tbdt_p09545,tbdt_p09545_3o44_a,tbdt,,P09545,3O44,A,raw_af2/AF-P09545-F1-model_v6.pdb,raw_pdb/3O44.pdb,unknown,unknown,none,none,,,,false,,2.88,X-RAY DIFFRACTION,,train,silver candidate from RCSB:mpstruc_OPM_beta_barrel; region annotation required before supervised displacement use.,silver_betaomp_displacement,silver,0.35,RCSB,RCSB:mpstruc_OPM_beta_barrel,3O44_1,593,0.8002699055330634,0,0,P09545,6,pdb:exists;afdb:exists
tbdt_q93k99,tbdt_q93k99_5fvn_a,tbdt,,Q93K99,5FVN,A,raw_af2/AF-Q93K99-F1-model_v6.pdb,raw_pdb/5FVN.pdb,unknown,unknown,none,none,CA;DAO;FTT;MYR,,,false,,1.45,X-RAY DIFFRACTION,,test,silver candidate from RCSB:mpstruc_OPM_beta_barrel; region annotation required before supervised displacement use.,silver_betaomp_displacement,silver,0.35,RCSB,RCSB:mpstruc_OPM_beta_barrel,5FVN_1,342,0.9421487603305785,0,0,Q93K99,6,pdb:exists;afdb:exists
tbdt_q60932,tbdt_q60932_3emn_x,tbdt,,Q60932,3EMN,X,raw_af2/AF-Q60932-F1-model_v6.pdb,raw_pdb/3EMN.pdb,unknown,unknown,none,none,,,,false,,2.3,X-RAY DIFFRACTION,,train,silver candidate from RCSB:mpstruc_OPM_beta_barrel; region annotation required before supervised displacement use.,silver_betaomp_displacement,silver,0.35,RCSB,RCSB:mpstruc_OPM_beta_barrel,3EMN_1,295,0.956081081081081,0,0,Q60932,6,pdb:exists;afdb:exists
tbdt_q2fxb0,tbdt_q2fxb0_7p8x_a,tbdt,,Q2FXB0,7P8X,A,raw_af2/AF-Q2FXB0-F1-model_v6.pdb,raw_pdb/7P8X.pdb,unknown,unknown,none,none,,,,false,,1.4,X-RAY DIFFRACTION,,train,silver candidate from RCSB:mpstruc_OPM_beta_barrel; region annotation required before supervised displacement use.,silver_betaomp_displacement,silver,0.35,RCSB,RCSB:mpstruc_OPM_beta_barrel,7P8X_1,308,0.9803921568627451,0,0,Q2FXB0,6,pdb:exists;afdb:exists
tbdt_a8hyj1,tbdt_a8hyj1_7xzj_g,tbdt,,A8HYJ1,7XZJ,G,raw_af2/AF-A8HYJ1-F1-model_v6.pdb,raw_pdb/7XZJ.pdb,unknown,unknown,none,none,,,,false,,2.97,ELECTRON MICROSCOPY,,train,silver candidate from RCSB:mpstruc_OPM_beta_barrel; region annotation required before supervised displacement use.,silver_betaomp_displacement,silver,0.35,RCSB,RCSB:mpstruc_OPM_beta_barrel,7XZJ_7,397,1.0,0,0,A8HYJ1,6,pdb:exists;afdb:exists
tbdt_a8ie32,tbdt_a8ie32_7xzj_7,tbdt,,A8IE32,7XZJ,7,raw_af2/AF-A8IE32-F1-model_v6.pdb,raw_pdb/7XZJ.pdb,unknown,unknown,none,none,,,,false,,2.97,ELECTRON MICROSCOPY,,train,silver candidate from RCSB:mpstruc_OPM_beta_barrel; region annotation required before supervised displacement use.,silver_betaomp_displacement,silver,0.35,RCSB,RCSB:mpstruc_OPM_beta_barrel,7XZJ_3,798,1.0,0,0,A8IE32,6,pdb:exists;afdb:exists
tbdt_a0a2k3cr90,tbdt_a0a2k3cr90_7xzj_9,tbdt,,A0A2K3CR90,7XZJ,9,raw_af2/AF-A0A2K3CR90-F1-model_v6.pdb,raw_pdb/7XZJ.pdb,unknown,unknown,none,none,,,,false,,2.97,ELECTRON MICROSCOPY,,train,silver candidate from RCSB:mpstruc_OPM_beta_barrel; region annotation required before supervised displacement use.,silver_betaomp_displacement,silver,0.35,RCSB,RCSB:mpstruc_OPM_beta_barrel,7XZJ_4,967,1.0,0,0,A0A2K3CR90,6,pdb:exists;afdb:exists
tbdt_q8knl2,tbdt_q8knl2_7spb_a1,tbdt,,Q8KNL2,7SPB,A1,raw_af2/AF-Q8KNL2-F1-model_v6.pdb,raw_pdb/7SPB.cif,unknown,unknown,none,none,,,,false,,3.31,ELECTRON MICROSCOPY,,train,silver candidate from RCSB:mpstruc_OPM_beta_barrel; region annotation required before supervised displacement use.,silver_betaomp_displacement,silver,0.35,RCSB,RCSB:mpstruc_OPM_beta_barrel,7SPB_1,204,1.0,0,0,Q8KNL2,6,cif:exists;afdb:exists
tbdt_q8knl8,tbdt_q8knl8_7spb_c1,tbdt,,Q8KNL8,7SPB,C1,raw_af2/AF-Q8KNL8-F1-model_v6.pdb,raw_pdb/7SPB.cif,unknown,unknown,none,none,,,,false,,3.31,ELECTRON MICROSCOPY,,test,silver candidate from RCSB:mpstruc_OPM_beta_barrel; region annotation required before supervised displacement use.,silver_betaomp_displacement,silver,0.35,RCSB,RCSB:mpstruc_OPM_beta_barrel,7SPB_2,246,1.0,0,0,Q8KNL8,6,cif:exists;afdb:exists
tbdt_a0a1d8s9i5,tbdt_a0a1d8s9i5_6s3l_f,tbdt,,A0A1D8S9I5,6S3L,F,raw_af2/AF-A0A1D8S9I5-F1-model_v6.pdb,raw_pdb/6S3L.pdb,unknown,unknown,none,none,,,,false,,3.2,ELECTRON MICROSCOPY,,train,silver candidate from RCSB:mpstruc_OPM_beta_barrel; region annotation required before supervised displacement use.,silver_betaomp_displacement,silver,0.35,RCSB,RCSB:mpstruc_OPM_beta_barrel,6S3L_2,260,1.0,0,0,A0A1D8S9I5,6,pdb:exists;afdb:exists
tbdt_p24391,tbdt_p24391_8b4i_a,tbdt,,P24391,8B4I,A,raw_af2/AF-P24391-F1-model_v6.pdb,raw_pdb/8B4I.pdb,unknown,unknown,none,none,,,,false,,3.32,ELECTRON MICROSCOPY,,test,silver candidate from RCSB:mpstruc_OPM_beta_barrel; region annotation required before supervised displacement use.,silver_betaomp_displacement,silver,0.35,RCSB,RCSB:mpstruc_OPM_beta_barrel,8B4I_1,349,1.0,0,0,P24391,6,pdb:exists;afdb:exists
tbdt_a0a2j9uxt5,tbdt_a0a2j9uxt5_6s3l_a,tbdt,,A0A2J9UXT5,6S3L,A,raw_af2/AF-A0A2J9UXT5-F1-model_v6.pdb,raw_pdb/6S3L.pdb,unknown,unknown,none,none,,,,false,,3.2,ELECTRON MICROSCOPY,,val,silver candidate from RCSB:mpstruc_OPM_beta_barrel; region annotation required before supervised displacement use.,silver_betaomp_displacement,silver,0.35,RCSB,RCSB:mpstruc_OPM_beta_barrel,6S3L_1,299,1.0,0,0,A0A2J9UXT5,6,pdb:exists;afdb:exists
tbdt_a0a1d8s9f8,tbdt_a0a1d8s9f8_6s3l_k,tbdt,,A0A1D8S9F8,6S3L,K,raw_af2/AF-A0A1D8S9F8-F1-model_v6.pdb,raw_pdb/6S3L.pdb,unknown,unknown,none,none,,,,false,,3.2,ELECTRON MICROSCOPY,,train,silver candidate from RCSB:mpstruc_OPM_beta_barrel; region annotation required before supervised displacement use.,silver_betaomp_displacement,silver,0.35,RCSB,RCSB:mpstruc_OPM_beta_barrel,6S3L_4,415,1.0,0,0,A0A1D8S9F8,6,pdb:exists;afdb:exists
tbdt_q07335,tbdt_q07335_8b4i_c,tbdt,,Q07335,8B4I,C,raw_af2/AF-Q07335-F1-model_v6.pdb,raw_pdb/8B4I.pdb,unknown,unknown,none,none,,,,false,,3.32,ELECTRON MICROSCOPY,,train,silver candidate from RCSB:mpstruc_OPM_beta_barrel; region annotation required before supervised displacement use.,silver_betaomp_displacement,silver,0.35,RCSB,RCSB:mpstruc_OPM_beta_barrel,8B4I_2,160,1.0,0,0,Q07335,6,pdb:exists;afdb:exists
tbdt_a0a753a8n9,tbdt_a0a753a8n9_7oko_0,tbdt,,A0A753A8N9,7OKO,0,raw_af2/AF-A0A753A8N9-F1-model_v6.pdb,raw_pdb/7OKO.cif,unknown,unknown,none,none,,,,false,,3.4,ELECTRON MICROSCOPY,,train,silver candidate from RCSB:mpstruc_OPM_beta_barrel; region annotation required before supervised displacement use.,silver_betaomp_displacement,silver,0.35,RCSB,RCSB:mpstruc_OPM_beta_barrel,7OKO_1,204,1.0,0,0,A0A753A8N9,6,cif:exists;afdb:exists
tbdt_q8a6w4,tbdt_q8a6w4_6z8i_a,tbdt,,Q8A6W4,6Z8I,A,raw_af2/AF-Q8A6W4-F1-model_v6.pdb,raw_pdb/6Z8I.pdb,unknown,unknown,none,none,MG,,,false,,2.62,X-RAY DIFFRACTION,,val,silver candidate from RCSB:mpstruc_OPM_beta_barrel; region annotation required before supervised displacement use.,silver_betaomp_displacement,silver,0.35,RCSB,RCSB:mpstruc_OPM_beta_barrel,6Z8I_1,580,1.0,0,0,Q8A6W4,6,pdb:exists;afdb:exists
tbdt_a0a734hny4,tbdt_a0a734hny4_7oko_3,tbdt,,A0A734HNY4,7OKO,3,raw_af2/AF-A0A734HNY4-F1-model_v6.pdb,raw_pdb/7OKO.cif,unknown,unknown,none,none,,,,false,,3.4,ELECTRON MICROSCOPY,,train,silver candidate from RCSB:mpstruc_OPM_beta_barrel; region annotation required before supervised displacement use.,silver_betaomp_displacement,silver,0.35,RCSB,RCSB:mpstruc_OPM_beta_barrel,7OKO_3,216,0.8780487804878049,0,0,A0A734HNY4,6,cif:exists;afdb:exists
tbdt_q8a5h6,tbdt_q8a5h6_5fq8_a,tbdt,,Q8A5H6,5FQ8,A,raw_af2/AF-Q8A5H6-F1-model_v6.pdb,raw_pdb/5FQ8.pdb,unknown,unknown,none,none,CA;KR0;MG,,,false,,2.75,X-RAY DIFFRACTION,,test,silver candidate from RCSB:mpstruc_OPM_beta_barrel; region annotation required before supervised displacement use.,silver_betaomp_displacement,silver,0.35,RCSB,RCSB:mpstruc_OPM_beta_barrel,5FQ8_1,480,0.963855421686747,0,0,Q8A5H6,6,pdb:exists;afdb:exists
tbdt_q8a5h8,tbdt_q8a5h8_5fq8_e,tbdt,,Q8A5H8,5FQ8,E,raw_af2/AF-Q8A5H8-F1-model_v6.pdb,raw_pdb/5FQ8.pdb,unknown,unknown,none,none,CA;KR0;MG,,,false,,2.75,X-RAY DIFFRACTION,,test,silver candidate from RCSB:mpstruc_OPM_beta_barrel; region annotation required before supervised displacement use.,silver_betaomp_displacement,silver,0.35,RCSB,RCSB:mpstruc_OPM_beta_barrel,5FQ8_3,148,0.891566265060241,0,0,Q8A5H8,6,pdb:exists;afdb:exists
tbdt_o52184,tbdt_o52184_6x62_ac,tbdt,,O52184,6X62,AC,raw_af2/AF-O52184-F1-model_v6.pdb,raw_pdb/6X62.cif,unknown,unknown,none,none,,,,false,,3.5,ELECTRON MICROSCOPY,,train,silver candidate from RCSB:mpstruc_OPM_beta_barrel; region annotation required before supervised displacement use.,silver_betaomp_displacement,silver,0.35,RCSB,RCSB:mpstruc_OPM_beta_barrel,6X62_1,303,1.0,0,0,O52184,6,cif:exists;afdb:exists
tbdt_o52183,tbdt_o52183_6x62_ad,tbdt,,O52183,6X62,AD,raw_af2/AF-O52183-F1-model_v6.pdb,raw_pdb/6X62.cif,unknown,unknown,none,none,,,,false,,3.5,ELECTRON MICROSCOPY,,train,silver candidate from RCSB:mpstruc_OPM_beta_barrel; region annotation required before supervised displacement use.,silver_betaomp_displacement,silver,0.35,RCSB,RCSB:mpstruc_OPM_beta_barrel,6X62_5,163,1.0,0,0,O52183,6,cif:exists;afdb:exists
tbdt_d0mfq0,tbdt_d0mfq0_3qky_a,tbdt,,D0MFQ0,3QKY,A,raw_af2/AF-D0MFQ0-F1-model_v6.pdb,raw_pdb/3QKY.pdb,unknown,unknown,none,none,,,,false,,2.15,X-RAY DIFFRACTION,,test,silver candidate from RCSB:mpstruc_OPM_beta_barrel; region annotation required before supervised displacement use.,silver_betaomp_displacement,silver,0.35,RCSB,RCSB:mpstruc_OPM_beta_barrel,3QKY_1,261,0.9178571428571428,0,0,D0MFQ0,6,pdb:exists;afdb:exists
tbdt_o53086,tbdt_o53086_6x62_ak,tbdt,,O53086,6X62,AK,raw_af2/AF-O53086-F1-model_v6.pdb,raw_pdb/6X62.cif,unknown,unknown,none,none,,,,false,,3.5,ELECTRON MICROSCOPY,,test,silver candidate from RCSB:mpstruc_OPM_beta_barrel; region annotation required before supervised displacement use.,silver_betaomp_displacement,silver,0.35,RCSB,RCSB:mpstruc_OPM_beta_barrel,6X62_3,189,1.0,0,0,O53086,6,cif:exists;afdb:exists
tbdt_p0a903,tbdt_p0a903_8pzu_c,tbdt,,P0A903,8PZU,C,raw_af2/AF-P0A903-F1-model_v6.pdb,raw_pdb/8PZU.pdb,unknown,unknown,none,none,MG,,,false,,3.5,ELECTRON MICROSCOPY,,train,silver candidate from RCSB:mpstruc_OPM_beta_barrel; region annotation required before supervised displacement use.,silver_betaomp_displacement,silver,0.35,RCSB,RCSB:mpstruc_OPM_beta_barrel,8PZU_3,320,0.9302325581395349,0,0,P0A903,6,pdb:exists;afdb:exists
tbdt_p0abz6,tbdt_p0abz6_8pzu_f,tbdt,,P0ABZ6,8PZU,F,raw_af2/AF-P0ABZ6-F1-model_v6.pdb,raw_pdb/8PZU.pdb,unknown,unknown,none,none,MG,,,false,,3.5,ELECTRON MICROSCOPY,,train,silver candidate from RCSB:mpstruc_OPM_beta_barrel; region annotation required before supervised displacement use.,silver_betaomp_displacement,silver,0.35,RCSB,RCSB:mpstruc_OPM_beta_barrel,8PZU_6,450,0.9532710280373832,1,0,P0ABZ6,6,pdb:exists;afdb:exists
tbdt_p0a940,tbdt_p0a940_9hg7_a,tbdt,,P0A940,9HG7,A,raw_af2/AF-P0A940-F1-model_v6.pdb,raw_pdb/9HG7.pdb,unknown,unknown,none,none,,,,false,,2.83,ELECTRON MICROSCOPY,,train,silver candidate from RCSB:mpstruc_OPM_beta_barrel; region annotation required before supervised displacement use.,silver_betaomp_displacement,silver,0.35,RCSB,RCSB:mpstruc_OPM_beta_barrel,9HG7_1,790,0.9753086419753086,0,0,P0A940,6,pdb:exists;afdb:exists
tbdt_p0ac02,tbdt_p0ac02_9hg7_d,tbdt,,P0AC02,9HG7,D,raw_af2/AF-P0AC02-F1-model_v6.pdb,raw_pdb/9HG7.pdb,unknown,unknown,none,none,,,,false,,2.83,ELECTRON MICROSCOPY,,train,silver candidate from RCSB:mpstruc_OPM_beta_barrel; region annotation required before supervised displacement use.,silver_betaomp_displacement,silver,0.35,RCSB,RCSB:mpstruc_OPM_beta_barrel,9HG7_4,226,0.9224489795918367,0,0,P0AC02,6,pdb:exists;afdb:exists
tbdt_p77774,tbdt_p77774_9hg9_b,tbdt,,P77774,9HG9,B,raw_af2/AF-P77774-F1-model_v6.pdb,raw_pdb/9HG9.pdb,unknown,unknown,none,none,MG,,,false,,2.88,ELECTRON MICROSCOPY,,train,silver candidate from RCSB:mpstruc_OPM_beta_barrel; region annotation required before supervised displacement use.,silver_betaomp_displacement,silver,0.35,RCSB,RCSB:mpstruc_OPM_beta_barrel,9HG9_2,381,0.951530612244898,0,0,P77774,6,pdb:exists;afdb:exists
tbdt_p0abz6,tbdt_p0abz6_9hg9_f,tbdt,,P0ABZ6,9HG9,F,raw_af2/AF-P0ABZ6-F1-model_v6.pdb,raw_pdb/9HG9.pdb,unknown,unknown,none,none,MG,,,false,,2.88,ELECTRON MICROSCOPY,,train,silver candidate from RCSB:mpstruc_OPM_beta_barrel; region annotation required before supervised displacement use.,silver_betaomp_displacement,silver,0.35,RCSB,RCSB:mpstruc_OPM_beta_barrel,9HG9_6,412,0.9532710280373832,0,0,P0ABZ6,6,pdb:exists;afdb:exists
tbdt_p0ac02,tbdt_p0ac02_8pzu_d,tbdt,,P0AC02,8PZU,D,raw_af2/AF-P0AC02-F1-model_v6.pdb,raw_pdb/8PZU.pdb,unknown,unknown,none,none,MG,,,false,,3.5,ELECTRON MICROSCOPY,,train,silver candidate from RCSB:mpstruc_OPM_beta_barrel; region annotation required before supervised displacement use.,silver_betaomp_displacement,silver,0.35,RCSB,RCSB:mpstruc_OPM_beta_barrel,8PZU_4,226,0.9224489795918367,0,0,P0AC02,6,pdb:exists;afdb:exists
tbdt_p77774,tbdt_p77774_9hg5_b,tbdt,,P77774,9HG5,B,raw_af2/AF-P77774-F1-model_v6.pdb,raw_pdb/9HG5.pdb,unknown,unknown,none,none,,,,false,,2.82,ELECTRON MICROSCOPY,,train,silver candidate from RCSB:mpstruc_OPM_beta_barrel; region annotation required before supervised displacement use.,silver_betaomp_displacement,silver,0.35,RCSB,RCSB:mpstruc_OPM_beta_barrel,9HG5_2,381,0.951530612244898,0,0,P77774,6,pdb:exists;afdb:exists
tbdt_p0a903,tbdt_p0a903_9hg5_c,tbdt,,P0A903,9HG5,C,raw_af2/AF-P0A903-F1-model_v6.pdb,raw_pdb/9HG5.pdb,unknown,unknown,none,none,,,,false,,2.82,ELECTRON MICROSCOPY,,train,silver candidate from RCSB:mpstruc_OPM_beta_barrel; region annotation required before supervised displacement use.,silver_betaomp_displacement,silver,0.35,RCSB,RCSB:mpstruc_OPM_beta_barrel,9HG5_3,320,0.9302325581395349,0,0,P0A903,6,pdb:exists;afdb:exists
tbdt_p0ac02,tbdt_p0ac02_9hg5_d,tbdt,,P0AC02,9HG5,D,raw_af2/AF-P0AC02-F1-model_v6.pdb,raw_pdb/9HG5.pdb,unknown,unknown,none,none,,,,false,,2.82,ELECTRON MICROSCOPY,,train,silver candidate from RCSB:mpstruc_OPM_beta_barrel; region annotation required before supervised displacement use.,silver_betaomp_displacement,silver,0.35,RCSB,RCSB:mpstruc_OPM_beta_barrel,9HG5_4,226,0.9224489795918367,0,0,P0AC02,6,pdb:exists;afdb:exists
tbdt_p77774,tbdt_p77774_9hg6_b,tbdt,,P77774,9HG6,B,raw_af2/AF-P77774-F1-model_v6.pdb,raw_pdb/9HG6.pdb,unknown,unknown,none,none,,,,false,,2.73,ELECTRON MICROSCOPY,,train,silver candidate from RCSB:mpstruc_OPM_beta_barrel; region annotation required before supervised displacement use.,silver_betaomp_displacement,silver,0.35,RCSB,RCSB:mpstruc_OPM_beta_barrel,9HG6_2,381,0.951530612244898,0,0,P77774,6,pdb:exists;afdb:exists
tbdt_p0a903,tbdt_p0a903_9hg6_c,tbdt,,P0A903,9HG6,C,raw_af2/AF-P0A903-F1-model_v6.pdb,raw_pdb/9HG6.pdb,unknown,unknown,none,none,,,,false,,2.73,ELECTRON MICROSCOPY,,train,silver candidate from RCSB:mpstruc_OPM_beta_barrel; region annotation required before supervised displacement use.,silver_betaomp_displacement,silver,0.35,RCSB,RCSB:mpstruc_OPM_beta_barrel,9HG6_3,320,0.9302325581395349,0,0,P0A903,6,pdb:exists;afdb:exists
tbdt_p0ac02,tbdt_p0ac02_9hg6_d,tbdt,,P0AC02,9HG6,D,raw_af2/AF-P0AC02-F1-model_v6.pdb,raw_pdb/9HG6.pdb,unknown,unknown,none,none,,,,false,,2.73,ELECTRON MICROSCOPY,,train,silver candidate from RCSB:mpstruc_OPM_beta_barrel; region annotation required before supervised displacement use.,silver_betaomp_displacement,silver,0.35,RCSB,RCSB:mpstruc_OPM_beta_barrel,9HG6_4,226,0.9224489795918367,0,0,P0AC02,6,pdb:exists;afdb:exists
tbdt_p77774,tbdt_p77774_9hg7_b,tbdt,,P77774,9HG7,B,raw_af2/AF-P77774-F1-model_v6.pdb,raw_pdb/9HG7.pdb,unknown,unknown,none,none,,,,false,,2.83,ELECTRON MICROSCOPY,,train,silver candidate from RCSB:mpstruc_OPM_beta_barrel; region annotation required before supervised displacement use.,silver_betaomp_displacement,silver,0.35,RCSB,RCSB:mpstruc_OPM_beta_barrel,9HG7_2,381,0.951530612244898,0,0,P77774,6,pdb:exists;afdb:exists
tbdt_p0a903,tbdt_p0a903_9hg7_c,tbdt,,P0A903,9HG7,C,raw_af2/AF-P0A903-F1-model_v6.pdb,raw_pdb/9HG7.pdb,unknown,unknown,none,none,,,,false,,2.83,ELECTRON MICROSCOPY,,train,silver candidate from RCSB:mpstruc_OPM_beta_barrel; region annotation required before supervised displacement use.,silver_betaomp_displacement,silver,0.35,RCSB,RCSB:mpstruc_OPM_beta_barrel,9HG7_3,320,0.9302325581395349,0,0,P0A903,6,pdb:exists;afdb:exists
tbdt_p0abz6,tbdt_p0abz6_9hg7_f,tbdt,,P0ABZ6,9HG7,F,raw_af2/AF-P0ABZ6-F1-model_v6.pdb,raw_pdb/9HG7.pdb,unknown,unknown,none,none,,,,false,,2.83,ELECTRON MICROSCOPY,,train,silver candidate from RCSB:mpstruc_OPM_beta_barrel; region annotation required before supervised displacement use.,silver_betaomp_displacement,silver,0.35,RCSB,RCSB:mpstruc_OPM_beta_barrel,9HG7_6,412,0.9532710280373832,0,0,P0ABZ6,6,pdb:exists;afdb:exists
tbdt_p0a903,tbdt_p0a903_9hg9_c,tbdt,,P0A903,9HG9,C,raw_af2/AF-P0A903-F1-model_v6.pdb,raw_pdb/9HG9.pdb,unknown,unknown,none,none,MG,,,false,,2.88,ELECTRON MICROSCOPY,,train,silver candidate from RCSB:mpstruc_OPM_beta_barrel; region annotation required before supervised displacement use.,silver_betaomp_displacement,silver,0.35,RCSB,RCSB:mpstruc_OPM_beta_barrel,9HG9_3,320,0.9302325581395349,0,0,P0A903,6,pdb:exists;afdb:exists
tbdt_p0ac02,tbdt_p0ac02_9hg9_d,tbdt,,P0AC02,9HG9,D,raw_af2/AF-P0AC02-F1-model_v6.pdb,raw_pdb/9HG9.pdb,unknown,unknown,none,none,MG,,,false,,2.88,ELECTRON MICROSCOPY,,train,silver candidate from RCSB:mpstruc_OPM_beta_barrel; region annotation required before supervised displacement use.,silver_betaomp_displacement,silver,0.35,RCSB,RCSB:mpstruc_OPM_beta_barrel,9HG9_4,226,0.9224489795918367,0,0,P0AC02,6,pdb:exists;afdb:exists
tbdt_q8a6w4,tbdt_q8a6w4_6z9a_a,tbdt,,Q8A6W4,6Z9A,A,raw_af2/AF-Q8A6W4-F1-model_v6.pdb,raw_pdb/6Z9A.pdb,unknown,unknown,none,none,MG,,,false,,3.1,X-RAY DIFFRACTION,,val,silver candidate from RCSB:mpstruc_OPM_beta_barrel; region annotation required before supervised displacement use.,silver_betaomp_displacement,silver,0.35,RCSB,RCSB:mpstruc_OPM_beta_barrel,6Z9A_1,580,1.0,0,0,Q8A6W4,6,pdb:exists;afdb:exists
tbdt_q8a6w4,tbdt_q8a6w4_8aa3_b,tbdt,,Q8A6W4,8AA3,B,raw_af2/AF-Q8A6W4-F1-model_v6.pdb,raw_pdb/8AA3.pdb,unknown,unknown,none,none,MG,,,false,,2.7,ELECTRON MICROSCOPY,,val,silver candidate from RCSB:mpstruc_OPM_beta_barrel; region annotation required before supervised displacement use.,silver_betaomp_displacement,silver,0.35,RCSB,RCSB:mpstruc_OPM_beta_barrel,8AA3_1,570,1.0,0,0,Q8A6W4,6,pdb:exists;afdb:exists
tbdt_p0a940,tbdt_p0a940_8pzu_a,tbdt,,P0A940,8PZU,A,raw_af2/AF-P0A940-F1-model_v6.pdb,raw_pdb/8PZU.pdb,unknown,unknown,none,none,MG,,,false,,3.5,ELECTRON MICROSCOPY,,train,silver candidate from RCSB:mpstruc_OPM_beta_barrel; region annotation required before supervised displacement use.,silver_betaomp_displacement,silver,0.35,RCSB,RCSB:mpstruc_OPM_beta_barrel,8PZU_1,790,0.9753086419753086,1,0,P0A940,6,pdb:exists;afdb:exists
tbdt_p77774,tbdt_p77774_8pzu_b,tbdt,,P77774,8PZU,B,raw_af2/AF-P77774-F1-model_v6.pdb,raw_pdb/8PZU.pdb,unknown,unknown,none,none,MG,,,false,,3.5,ELECTRON MICROSCOPY,,train,silver candidate from RCSB:mpstruc_OPM_beta_barrel; region annotation required before supervised displacement use.,silver_betaomp_displacement,silver,0.35,RCSB,RCSB:mpstruc_OPM_beta_barrel,8PZU_2,373,0.951530612244898,0,0,P77774,6,pdb:exists;afdb:exists
tbdt_p0a940,tbdt_p0a940_9hg5_a,tbdt,,P0A940,9HG5,A,raw_af2/AF-P0A940-F1-model_v6.pdb,raw_pdb/9HG5.pdb,unknown,unknown,none,none,,,,false,,2.82,ELECTRON MICROSCOPY,,train,silver candidate from RCSB:mpstruc_OPM_beta_barrel; region annotation required before supervised displacement use.,silver_betaomp_displacement,silver,0.35,RCSB,RCSB:mpstruc_OPM_beta_barrel,9HG5_1,790,0.9753086419753086,0,0,P0A940,6,pdb:exists;afdb:exists
tbdt_p0abz6,tbdt_p0abz6_9hg5_f,tbdt,,P0ABZ6,9HG5,F,raw_af2/AF-P0ABZ6-F1-model_v6.pdb,raw_pdb/9HG5.pdb,unknown,unknown,none,none,,,,false,,2.82,ELECTRON MICROSCOPY,,train,silver candidate from RCSB:mpstruc_OPM_beta_barrel; region annotation required before supervised displacement use.,silver_betaomp_displacement,silver,0.35,RCSB,RCSB:mpstruc_OPM_beta_barrel,9HG5_6,412,0.9532710280373832,0,0,P0ABZ6,6,pdb:exists;afdb:exists
tbdt_p0a940,tbdt_p0a940_9hg6_a,tbdt,,P0A940,9HG6,A,raw_af2/AF-P0A940-F1-model_v6.pdb,raw_pdb/9HG6.pdb,unknown,unknown,none,none,,,,false,,2.73,ELECTRON MICROSCOPY,,train,silver candidate from RCSB:mpstruc_OPM_beta_barrel; region annotation required before supervised displacement use.,silver_betaomp_displacement,silver,0.35,RCSB,RCSB:mpstruc_OPM_beta_barrel,9HG6_1,790,0.9753086419753086,0,0,P0A940,6,pdb:exists;afdb:exists
tbdt_p0abz6,tbdt_p0abz6_9hg6_f,tbdt,,P0ABZ6,9HG6,F,raw_af2/AF-P0ABZ6-F1-model_v6.pdb,raw_pdb/9HG6.pdb,unknown,unknown,none,none,,,,false,,2.73,ELECTRON MICROSCOPY,,train,silver candidate from RCSB:mpstruc_OPM_beta_barrel; region annotation required before supervised displacement use.,silver_betaomp_displacement,silver,0.35,RCSB,RCSB:mpstruc_OPM_beta_barrel,9HG6_6,412,0.9532710280373832,0,0,P0ABZ6,6,pdb:exists;afdb:exists
tbdt_p0a940,tbdt_p0a940_9hg9_a,tbdt,,P0A940,9HG9,A,raw_af2/AF-P0A940-F1-model_v6.pdb,raw_pdb/9HG9.pdb,unknown,unknown,none,none,MG,,,false,,2.88,ELECTRON MICROSCOPY,,train,silver candidate from RCSB:mpstruc_OPM_beta_barrel; region annotation required before supervised displacement use.,silver_betaomp_displacement,silver,0.35,RCSB,RCSB:mpstruc_OPM_beta_barrel,9HG9_1,790,0.9753086419753086,0,0,P0A940,6,pdb:exists;afdb:exists
tbdt_p0a1n8,tbdt_p0a1n8_7bgl_a,tbdt,,P0A1N8,7BGL,A,raw_af2/AF-P0A1N8-F1-model_v6.pdb,raw_pdb/7BGL.cif,unknown,unknown,none,none,,,,false,,2.2,ELECTRON MICROSCOPY,,train,silver candidate from RCSB:mpstruc_OPM_beta_barrel; region annotation required before supervised displacement use.,silver_betaomp_displacement,silver,0.35,RCSB,RCSB:mpstruc_OPM_beta_barrel,7BGL_1,232,1.0,0,0,P0A1N8,6,cif:exists;afdb:exists
tbdt_p15930,tbdt_p15930_7bgl_a,tbdt,,P15930,7BGL,a,raw_af2/AF-P15930-F1-model_v6.pdb,raw_pdb/7BGL.cif,unknown,unknown,none,none,,,,false,,2.2,ELECTRON MICROSCOPY,,train,silver candidate from RCSB:mpstruc_OPM_beta_barrel; region annotation required before supervised displacement use.,silver_betaomp_displacement,silver,0.35,RCSB,RCSB:mpstruc_OPM_beta_barrel,7BGL_2,365,1.0,0,0,P15930,6,cif:exists;afdb:exists
tbdt_p0a903,tbdt_p0a903_9cnw_c,tbdt,,P0A903,9CNW,C,raw_af2/AF-P0A903-F1-model_v6.pdb,raw_pdb/9CNW.pdb,unknown,unknown,none,none,,,,false,,2.6,ELECTRON MICROSCOPY,,train,silver candidate from RCSB:mpstruc_OPM_beta_barrel; region annotation required before supervised displacement use.,silver_betaomp_displacement,silver,0.35,RCSB,RCSB:mpstruc_OPM_beta_barrel,9CNW_3,344,1.0,0,0,P0A903,6,pdb:exists;afdb:exists
tbdt_p0a937,tbdt_p0a937_9cnw_e,tbdt,,P0A937,9CNW,E,raw_af2/AF-P0A937-F1-model_v6.pdb,raw_pdb/9CNW.pdb,unknown,unknown,none,none,,,,false,,2.6,ELECTRON MICROSCOPY,,test,silver candidate from RCSB:mpstruc_OPM_beta_barrel; region annotation required before supervised displacement use.,silver_betaomp_displacement,silver,0.35,RCSB,RCSB:mpstruc_OPM_beta_barrel,9CNW_5,123,1.0,0,0,P0A937,6,pdb:exists;afdb:exists
tbdt_p0a903,tbdt_p0a903_9cnz_c,tbdt,,P0A903,9CNZ,C,raw_af2/AF-P0A903-F1-model_v6.pdb,raw_pdb/9CNZ.pdb,unknown,unknown,none,none,,,,false,,3.1,ELECTRON MICROSCOPY,,train,silver candidate from RCSB:mpstruc_OPM_beta_barrel; region annotation required before supervised displacement use.,silver_betaomp_displacement,silver,0.35,RCSB,RCSB:mpstruc_OPM_beta_barrel,9CNZ_3,344,1.0,0,0,P0A903,6,pdb:exists;afdb:exists
tbdt_p0ac02,tbdt_p0ac02_9cnz_d,tbdt,,P0AC02,9CNZ,D,raw_af2/AF-P0AC02-F1-model_v6.pdb,raw_pdb/9CNZ.pdb,unknown,unknown,none,none,,,,false,,3.1,ELECTRON MICROSCOPY,,train,silver candidate from RCSB:mpstruc_OPM_beta_barrel; region annotation required before supervised displacement use.,silver_betaomp_displacement,silver,0.35,RCSB,RCSB:mpstruc_OPM_beta_barrel,9CNZ_4,245,1.0,0,0,P0AC02,6,pdb:exists;afdb:exists
tbdt_p0a940,tbdt_p0a940_9co0_a,tbdt,,P0A940,9CO0,A,raw_af2/AF-P0A940-F1-model_v6.pdb,raw_pdb/9CO0.pdb,unknown,unknown,none,none,,,,false,,3.3,ELECTRON MICROSCOPY,,train,silver candidate from RCSB:mpstruc_OPM_beta_barrel; region annotation required before supervised displacement use.,silver_betaomp_displacement,silver,0.35,RCSB,RCSB:mpstruc_OPM_beta_barrel,9CO0_1,810,1.0,0,0,P0A940,6,pdb:exists;afdb:exists
tbdt_p0a903,tbdt_p0a903_9co0_c,tbdt,,P0A903,9CO0,C,raw_af2/AF-P0A903-F1-model_v6.pdb,raw_pdb/9CO0.pdb,unknown,unknown,none,none,,,,false,,3.3,ELECTRON MICROSCOPY,,train,silver candidate from RCSB:mpstruc_OPM_beta_barrel; region annotation required before supervised displacement use.,silver_betaomp_displacement,silver,0.35,RCSB,RCSB:mpstruc_OPM_beta_barrel,9CO0_3,344,1.0,0,0,P0A903,6,pdb:exists;afdb:exists
tbdt_p0adv7,tbdt_p0adv7_8i8x_f,tbdt,,P0ADV7,8I8X,F,raw_af2/AF-P0ADV7-F1-model_v6.pdb,raw_pdb/8I8X.cif,unknown,unknown,none,none,,,,false,,3.25,ELECTRON MICROSCOPY,,train,silver candidate from RCSB:mpstruc_OPM_beta_barrel; region annotation required before supervised displacement use.,silver_betaomp_displacement,silver,0.35,RCSB,RCSB:mpstruc_OPM_beta_barrel,8I8X_3,199,0.9052132701421801,1,0,P0ADV7,6,cif:exists;afdb:exists
tbdt_p0a940,tbdt_p0a940_9cnw_a,tbdt,,P0A940,9CNW,A,raw_af2/AF-P0A940-F1-model_v6.pdb,raw_pdb/9CNW.pdb,unknown,unknown,none,none,,,,false,,2.6,ELECTRON MICROSCOPY,,train,silver candidate from RCSB:mpstruc_OPM_beta_barrel; region annotation required before supervised displacement use.,silver_betaomp_displacement,silver,0.35,RCSB,RCSB:mpstruc_OPM_beta_barrel,9CNW_1,810,1.0,0,0,P0A940,6,pdb:exists;afdb:exists
tbdt_p77774,tbdt_p77774_9cnw_b,tbdt,,P77774,9CNW,B,raw_af2/AF-P77774-F1-model_v6.pdb,raw_pdb/9CNW.pdb,unknown,unknown,none,none,,,,false,,2.6,ELECTRON MICROSCOPY,,train,silver candidate from RCSB:mpstruc_OPM_beta_barrel; region annotation required before supervised displacement use.,silver_betaomp_displacement,silver,0.35,RCSB,RCSB:mpstruc_OPM_beta_barrel,9CNW_2,392,1.0,0,0,P77774,6,pdb:exists;afdb:exists
tbdt_p77774,tbdt_p77774_9cnz_b,tbdt,,P77774,9CNZ,B,raw_af2/AF-P77774-F1-model_v6.pdb,raw_pdb/9CNZ.pdb,unknown,unknown,none,none,,,,false,,3.1,ELECTRON MICROSCOPY,,train,silver candidate from RCSB:mpstruc_OPM_beta_barrel; region annotation required before supervised displacement use.,silver_betaomp_displacement,silver,0.35,RCSB,RCSB:mpstruc_OPM_beta_barrel,9CNZ_2,392,1.0,0,0,P77774,6,pdb:exists;afdb:exists
tbdt_p77774,tbdt_p77774_9co0_b,tbdt,,P77774,9CO0,B,raw_af2/AF-P77774-F1-model_v6.pdb,raw_pdb/9CO0.pdb,unknown,unknown,none,none,,,,false,,3.3,ELECTRON MICROSCOPY,,train,silver candidate from RCSB:mpstruc_OPM_beta_barrel; region annotation required before supervised displacement use.,silver_betaomp_displacement,silver,0.35,RCSB,RCSB:mpstruc_OPM_beta_barrel,9CO0_2,392,1.0,0,0,P77774,6,pdb:exists;afdb:exists
tbdt_p0a221,tbdt_p0a221_8axn_a,tbdt,,P0A221,8AXN,A,raw_af2/AF-P0A221-F1-model_v6.pdb,raw_pdb/8AXN.cif,unknown,unknown,none,none,,,,false,,3.34,ELECTRON MICROSCOPY,,val,silver candidate from RCSB:mpstruc_OPM_beta_barrel; region annotation required before supervised displacement use.,silver_betaomp_displacement,silver,0.35,RCSB,RCSB:mpstruc_OPM_beta_barrel,8AXN_1,371,1.0,0,0,P0A221,6,cif:exists;afdb:exists
tbdt_q06081,tbdt_q06081_8axn_a,tbdt,,Q06081,8AXN,a,raw_af2/AF-Q06081-F1-model_v6.pdb,raw_pdb/8AXN.cif,unknown,unknown,none,none,,,,false,,3.34,ELECTRON MICROSCOPY,,train,silver candidate from RCSB:mpstruc_OPM_beta_barrel; region annotation required before supervised displacement use.,silver_betaomp_displacement,silver,0.35,RCSB,RCSB:mpstruc_OPM_beta_barrel,8AXN_2,241,1.0,0,0,Q06081,6,cif:exists;afdb:exists
tbdt_q04641,tbdt_q04641_8axn_0,tbdt,,Q04641,8AXN,0,raw_af2/AF-Q04641-F1-model_v6.pdb,raw_pdb/8AXN.cif,unknown,unknown,none,none,,,,false,,3.34,ELECTRON MICROSCOPY,,train,silver candidate from RCSB:mpstruc_OPM_beta_barrel; region annotation required before supervised displacement use.,silver_betaomp_displacement,silver,0.35,RCSB,RCSB:mpstruc_OPM_beta_barrel,8AXN_3,566,1.0,0,0,Q04641,6,cif:exists;afdb:exists
tbdt_p76506,tbdt_p76506_8i8x_d,tbdt,,P76506,8I8X,D,raw_af2/AF-P76506-F1-model_v6.pdb,raw_pdb/8I8X.cif,unknown,unknown,none,none,,,,false,,3.25,ELECTRON MICROSCOPY,,val,silver candidate from RCSB:mpstruc_OPM_beta_barrel; region annotation required before supervised displacement use.,silver_betaomp_displacement,silver,0.35,RCSB,RCSB:mpstruc_OPM_beta_barrel,8I8X_2,234,0.9322709163346613,1,0,P76506,6,cif:exists;afdb:exists
tbdt_p0ac02,tbdt_p0ac02_9cnw_d,tbdt,,P0AC02,9CNW,D,raw_af2/AF-P0AC02-F1-model_v6.pdb,raw_pdb/9CNW.pdb,unknown,unknown,none,none,,,,false,,2.6,ELECTRON MICROSCOPY,,train,silver candidate from RCSB:mpstruc_OPM_beta_barrel; region annotation required before supervised displacement use.,silver_betaomp_displacement,silver,0.35,RCSB,RCSB:mpstruc_OPM_beta_barrel,9CNW_4,245,1.0,0,0,P0AC02,6,pdb:exists;afdb:exists
tbdt_p0a940,tbdt_p0a940_9cnz_a,tbdt,,P0A940,9CNZ,A,raw_af2/AF-P0A940-F1-model_v6.pdb,raw_pdb/9CNZ.pdb,unknown,unknown,none,none,,,,false,,3.1,ELECTRON MICROSCOPY,,train,silver candidate from RCSB:mpstruc_OPM_beta_barrel; region annotation required before supervised displacement use.,silver_betaomp_displacement,silver,0.35,RCSB,RCSB:mpstruc_OPM_beta_barrel,9CNZ_1,810,1.0,0,0,P0A940,6,pdb:exists;afdb:exists
tbdt_p0a937,tbdt_p0a937_9cnz_e,tbdt,,P0A937,9CNZ,E,raw_af2/AF-P0A937-F1-model_v6.pdb,raw_pdb/9CNZ.pdb,unknown,unknown,none,none,,,,false,,3.1,ELECTRON MICROSCOPY,,test,silver candidate from RCSB:mpstruc_OPM_beta_barrel; region annotation required before supervised displacement use.,silver_betaomp_displacement,silver,0.35,RCSB,RCSB:mpstruc_OPM_beta_barrel,9CNZ_5,123,1.0,0,0,P0A937,6,pdb:exists;afdb:exists
tbdt_p0ac02,tbdt_p0ac02_9co0_d,tbdt,,P0AC02,9CO0,D,raw_af2/AF-P0AC02-F1-model_v6.pdb,raw_pdb/9CO0.pdb,unknown,unknown,none,none,,,,false,,3.3,ELECTRON MICROSCOPY,,train,silver candidate from RCSB:mpstruc_OPM_beta_barrel; region annotation required before supervised displacement use.,silver_betaomp_displacement,silver,0.35,RCSB,RCSB:mpstruc_OPM_beta_barrel,9CO0_4,245,1.0,0,0,P0AC02,6,pdb:exists;afdb:exists
tbdt_p0a937,tbdt_p0a937_9co0_e,tbdt,,P0A937,9CO0,E,raw_af2/AF-P0A937-F1-model_v6.pdb,raw_pdb/9CO0.pdb,unknown,unknown,none,none,,,,false,,3.3,ELECTRON MICROSCOPY,,test,silver candidate from RCSB:mpstruc_OPM_beta_barrel; region annotation required before supervised displacement use.,silver_betaomp_displacement,silver,0.35,RCSB,RCSB:mpstruc_OPM_beta_barrel,9CO0_5,123,1.0,0,0,P0A937,6,pdb:exists;afdb:exists
