target_id,pair_id,family,gene_name,uniprot_id,pdb_id,pdb_chain,af2_pdb,experimental_pdb,state,state_label,substrate,substrate_class,ligand_ccd,ligand_sdf,reference_ligand_sdf,has_tonb,tonb_chain,resolution,method,region_annotation_json,split,notes,task_type,evidence_level,label_weight,source_db,source_query,rcsb_polymer_entity_id,sequence_length,reference_coverage,mutation_count,deletion_count,split_group_id,af_version,download_status
tbdt_p11461,tbdt_p11461_afdb_v6,tbdt,,P11461,,,raw_af2/AF-P11461-F1-model_v6.pdb,,unknown,unknown,unknown,unknown,,,,false,,,AFDB,,train,bronze AFDB-only TBDT homolog from UniProt PF00593/PF07715 query; no experimental displacement label.,bronze_pseudo_or_self_supervised,bronze,0.1,UniProt,UniProt:PF00593_AND_PF07715,,726,,,,P11461,6,afdb:downloaded
tbdt_q8yq14,tbdt_q8yq14_afdb_v6,tbdt,,Q8YQ14,,,raw_af2/AF-Q8YQ14-F1-model_v6.pdb,,unknown,unknown,unknown,unknown,,,,false,,,AFDB,,val,bronze AFDB-only TBDT homolog from UniProt PF00593/PF07715 query; no experimental displacement label.,bronze_pseudo_or_self_supervised,bronze,0.1,UniProt,UniProt:PF00593_AND_PF07715,,854,,,,Q8YQ14,6,afdb:downloaded
tbdt_a5f661,tbdt_a5f661_afdb_v6,tbdt,,A5F661,,,raw_af2/AF-A5F661-F1-model_v6.pdb,,unknown,unknown,unknown,unknown,,,,false,,,AFDB,,train,bronze AFDB-only TBDT homolog from UniProt PF00593/PF07715 query; no experimental displacement label.,bronze_pseudo_or_self_supervised,bronze,0.1,UniProt,UniProt:PF00593_AND_PF07715,,687,,,,A5F661,6,afdb:downloaded
tbdt_o87296,tbdt_o87296_afdb_v6,tbdt,,O87296,,,raw_af2/AF-O87296-F1-model_v6.pdb,,unknown,unknown,unknown,unknown,,,,false,,,AFDB,,train,bronze AFDB-only TBDT homolog from UniProt PF00593/PF07715 query; no experimental displacement label.,bronze_pseudo_or_self_supervised,bronze,0.1,UniProt,UniProt:PF00593_AND_PF07715,,999,,,,O87296,6,afdb:downloaded
tbdt_q8yzr0,tbdt_q8yzr0_afdb_v6,tbdt,,Q8YZR0,,,raw_af2/AF-Q8YZR0-F1-model_v6.pdb,,unknown,unknown,unknown,unknown,,,,false,,,AFDB,,train,bronze AFDB-only TBDT homolog from UniProt PF00593/PF07715 query; no experimental displacement label.,bronze_pseudo_or_self_supervised,bronze,0.1,UniProt,UniProt:PF00593_AND_PF07715,,867,,,,Q8YZR0,6,afdb:downloaded
btub_a1aie8,btub_a1aie8_afdb_v6,btub,btub,A1AIE8,,,raw_af2/AF-A1AIE8-F1-model_v6.pdb,,unknown,unknown,unknown,unknown,,,,false,,,AFDB,,test,bronze AFDB-only TBDT homolog from UniProt PF00593/PF07715 query; no experimental displacement label.,bronze_pseudo_or_self_supervised,bronze,0.1,UniProt,UniProt:PF00593_AND_PF07715,,614,,,,A1AIE8,6,afdb:downloaded
btub_a8a774,btub_a8a774_afdb_v6,btub,btub,A8A774,,,raw_af2/AF-A8A774-F1-model_v6.pdb,,unknown,unknown,unknown,unknown,,,,false,,,AFDB,,train,bronze AFDB-only TBDT homolog from UniProt PF00593/PF07715 query; no experimental displacement label.,bronze_pseudo_or_self_supervised,bronze,0.1,UniProt,UniProt:PF00593_AND_PF07715,,614,,,,A8A774,6,afdb:downloaded
tbdt_p14542,tbdt_p14542_afdb_v6,tbdt,,P14542,,,raw_af2/AF-P14542-F1-model_v6.pdb,,unknown,unknown,unknown,unknown,,,,false,,,AFDB,,val,bronze AFDB-only TBDT homolog from UniProt PF00593/PF07715 query; no experimental displacement label.,bronze_pseudo_or_self_supervised,bronze,0.1,UniProt,UniProt:PF00593_AND_PF07715,,732,,,,P14542,6,afdb:downloaded
btub_q1cnp0,btub_q1cnp0_afdb_v6,btub,btub,Q1CNP0,,,raw_af2/AF-Q1CNP0-F1-model_v6.pdb,,unknown,unknown,unknown,unknown,,,,false,,,AFDB,,train,bronze AFDB-only TBDT homolog from UniProt PF00593/PF07715 query; no experimental displacement label.,bronze_pseudo_or_self_supervised,bronze,0.1,UniProt,UniProt:PF00593_AND_PF07715,,625,,,,Q1CNP0,6,afdb:downloaded
tbdt_q47952,tbdt_q47952_afdb_v6,tbdt,,Q47952,,,raw_af2/AF-Q47952-F1-model_v6.pdb,,unknown,unknown,unknown,unknown,,,,false,,,AFDB,,train,bronze AFDB-only TBDT homolog from UniProt PF00593/PF07715 query; no experimental displacement label.,bronze_pseudo_or_self_supervised,bronze,0.1,UniProt,UniProt:PF00593_AND_PF07715,,972,,,,Q47952,6,afdb:downloaded
btub_q5pk67,btub_q5pk67_afdb_v6,btub,btub,Q5PK67,,,raw_af2/AF-Q5PK67-F1-model_v6.pdb,,unknown,unknown,unknown,unknown,,,,false,,,AFDB,,train,bronze AFDB-only TBDT homolog from UniProt PF00593/PF07715 query; no experimental displacement label.,bronze_pseudo_or_self_supervised,bronze,0.1,UniProt,UniProt:PF00593_AND_PF07715,,614,,,,Q5PK67,6,afdb:downloaded
btub_q8cvj0,btub_q8cvj0_afdb_v6,btub,btub,Q8CVJ0,,,raw_af2/AF-Q8CVJ0-F1-model_v6.pdb,,unknown,unknown,unknown,unknown,,,,false,,,AFDB,,train,bronze AFDB-only TBDT homolog from UniProt PF00593/PF07715 query; no experimental displacement label.,bronze_pseudo_or_self_supervised,bronze,0.1,UniProt,UniProt:PF00593_AND_PF07715,,614,,,,Q8CVJ0,6,afdb:failed
btub_a4wg45,btub_a4wg45_afdb_v6,btub,btub,A4WG45,,,raw_af2/AF-A4WG45-F1-model_v6.pdb,,unknown,unknown,unknown,unknown,,,,false,,,AFDB,,train,bronze AFDB-only TBDT homolog from UniProt PF00593/PF07715 query; no experimental displacement label.,bronze_pseudo_or_self_supervised,bronze,0.1,UniProt,UniProt:PF00593_AND_PF07715,,615,,,,A4WG45,6,afdb:downloaded
tbdt_p0c6r1,tbdt_p0c6r1_afdb_v6,tbdt,,P0C6R1,,,raw_af2/AF-P0C6R1-F1-model_v6.pdb,,unknown,unknown,unknown,unknown,,,,false,,,AFDB,,train,bronze AFDB-only TBDT homolog from UniProt PF00593/PF07715 query; no experimental displacement label.,bronze_pseudo_or_self_supervised,bronze,0.1,UniProt,UniProt:PF00593_AND_PF07715,,687,,,,P0C6R1,6,afdb:downloaded
tbdt_p31499,tbdt_p31499_afdb_v6,tbdt,,P31499,,,raw_af2/AF-P31499-F1-model_v6.pdb,,unknown,unknown,unknown,unknown,,,,false,,,AFDB,,train,bronze AFDB-only TBDT homolog from UniProt PF00593/PF07715 query; no experimental displacement label.,bronze_pseudo_or_self_supervised,bronze,0.1,UniProt,UniProt:PF00593_AND_PF07715,,687,,,,P31499,6,afdb:downloaded
tbdt_p81549,tbdt_p81549_afdb_v6,tbdt,,P81549,,,raw_af2/AF-P81549-F1-model_v6.pdb,,unknown,unknown,unknown,unknown,,,,false,,,AFDB,,train,bronze AFDB-only TBDT homolog from UniProt PF00593/PF07715 query; no experimental displacement label.,bronze_pseudo_or_self_supervised,bronze,0.1,UniProt,UniProt:PF00593_AND_PF07715,,743,,,,P81549,6,afdb:downloaded
tbdt_q01674,tbdt_q01674_afdb_v6,tbdt,,Q01674,,,raw_af2/AF-Q01674-F1-model_v6.pdb,,unknown,unknown,unknown,unknown,,,,false,,,AFDB,,train,bronze AFDB-only TBDT homolog from UniProt PF00593/PF07715 query; no experimental displacement label.,bronze_pseudo_or_self_supervised,bronze,0.1,UniProt,UniProt:PF00593_AND_PF07715,,710,,,,Q01674,6,afdb:downloaded
tbdt_q05202,tbdt_q05202_afdb_v6,tbdt,,Q05202,,,raw_af2/AF-Q05202-F1-model_v6.pdb,,unknown,unknown,unknown,unknown,,,,false,,,AFDB,,val,bronze AFDB-only TBDT homolog from UniProt PF00593/PF07715 query; no experimental displacement label.,bronze_pseudo_or_self_supervised,bronze,0.1,UniProt,UniProt:PF00593_AND_PF07715,,758,,,,Q05202,6,afdb:downloaded
btub_q0sy25,btub_q0sy25_afdb_v6,btub,btub,Q0SY25,,,raw_af2/AF-Q0SY25-F1-model_v6.pdb,,unknown,unknown,unknown,unknown,,,,false,,,AFDB,,train,bronze AFDB-only TBDT homolog from UniProt PF00593/PF07715 query; no experimental displacement label.,bronze_pseudo_or_self_supervised,bronze,0.1,UniProt,UniProt:PF00593_AND_PF07715,,614,,,,Q0SY25,6,afdb:downloaded
btub_q0ta90,btub_q0ta90_afdb_v6,btub,btub,Q0TA90,,,raw_af2/AF-Q0TA90-F1-model_v6.pdb,,unknown,unknown,unknown,unknown,,,,false,,,AFDB,,train,bronze AFDB-only TBDT homolog from UniProt PF00593/PF07715 query; no experimental displacement label.,bronze_pseudo_or_self_supervised,bronze,0.1,UniProt,UniProt:PF00593_AND_PF07715,,614,,,,Q0TA90,6,afdb:downloaded
btub_q1r3u1,btub_q1r3u1_afdb_v6,btub,btub,Q1R3U1,,,raw_af2/AF-Q1R3U1-F1-model_v6.pdb,,unknown,unknown,unknown,unknown,,,,false,,,AFDB,,train,bronze AFDB-only TBDT homolog from UniProt PF00593/PF07715 query; no experimental displacement label.,bronze_pseudo_or_self_supervised,bronze,0.1,UniProt,UniProt:PF00593_AND_PF07715,,614,,,,Q1R3U1,6,afdb:downloaded
tbdt_q2yjb2,tbdt_q2yjb2_afdb_v6,tbdt,,Q2YJB2,,,raw_af2/AF-Q2YJB2-F1-model_v6.pdb,,unknown,unknown,unknown,unknown,,,,false,,,AFDB,,train,bronze AFDB-only TBDT homolog from UniProt PF00593/PF07715 query; no experimental displacement label.,bronze_pseudo_or_self_supervised,bronze,0.1,UniProt,UniProt:PF00593_AND_PF07715,,661,,,,Q2YJB2,6,afdb:downloaded
tbdt_q47162,tbdt_q47162_afdb_v6,tbdt,,Q47162,,,raw_af2/AF-Q47162-F1-model_v6.pdb,,unknown,unknown,unknown,unknown,,,,false,,,AFDB,,val,bronze AFDB-only TBDT homolog from UniProt PF00593/PF07715 query; no experimental displacement label.,bronze_pseudo_or_self_supervised,bronze,0.1,UniProt,UniProt:PF00593_AND_PF07715,,735,,,,Q47162,6,afdb:downloaded
btub_q57h87,btub_q57h87_afdb_v6,btub,btub,Q57H87,,,raw_af2/AF-Q57H87-F1-model_v6.pdb,,unknown,unknown,unknown,unknown,,,,false,,,AFDB,,train,bronze AFDB-only TBDT homolog from UniProt PF00593/PF07715 query; no experimental displacement label.,bronze_pseudo_or_self_supervised,bronze,0.1,UniProt,UniProt:PF00593_AND_PF07715,,614,,,,Q57H87,6,afdb:downloaded
btub_q6czb5,btub_q6czb5_afdb_v6,btub,btub,Q6CZB5,,,raw_af2/AF-Q6CZB5-F1-model_v6.pdb,,unknown,unknown,unknown,unknown,,,,false,,,AFDB,,train,bronze AFDB-only TBDT homolog from UniProt PF00593/PF07715 query; no experimental displacement label.,bronze_pseudo_or_self_supervised,bronze,0.1,UniProt,UniProt:PF00593_AND_PF07715,,615,,,,Q6CZB5,6,afdb:downloaded
btub_q8x714,btub_q8x714_afdb_v6,btub,btub,Q8X714,,,raw_af2/AF-Q8X714-F1-model_v6.pdb,,unknown,unknown,unknown,unknown,,,,false,,,AFDB,,test,bronze AFDB-only TBDT homolog from UniProt PF00593/PF07715 query; no experimental displacement label.,bronze_pseudo_or_self_supervised,bronze,0.1,UniProt,UniProt:PF00593_AND_PF07715,,614,,,,Q8X714,6,afdb:downloaded
tbdt_q9kiv0,tbdt_q9kiv0_afdb_v6,tbdt,,Q9KIV0,,,raw_af2/AF-Q9KIV0-F1-model_v6.pdb,,unknown,unknown,unknown,unknown,,,,false,,,AFDB,,val,bronze AFDB-only TBDT homolog from UniProt PF00593/PF07715 query; no experimental displacement label.,bronze_pseudo_or_self_supervised,bronze,0.1,UniProt,UniProt:PF00593_AND_PF07715,,993,,,,Q9KIV0,6,afdb:downloaded
btub_o52903,btub_o52903_afdb_v6,btub,btub,O52903,,,raw_af2/AF-O52903-F1-model_v6.pdb,,unknown,unknown,unknown,unknown,,,,false,,,AFDB,,train,bronze AFDB-only TBDT homolog from UniProt PF00593/PF07715 query; no experimental displacement label.,bronze_pseudo_or_self_supervised,bronze,0.1,UniProt,UniProt:PF00593_AND_PF07715,,612,,,,O52903,6,afdb:downloaded
fyua_p0c2m9,fyua_p0c2m9_afdb_v6,fyua,fyua,P0C2M9,,,raw_af2/AF-P0C2M9-F1-model_v6.pdb,,unknown,unknown,unknown,unknown,,,,false,,,AFDB,,train,bronze AFDB-only TBDT homolog from UniProt PF00593/PF07715 query; no experimental displacement label.,bronze_pseudo_or_self_supervised,bronze,0.1,UniProt,UniProt:PF00593_AND_PF07715,,673,,,,P0C2M9,6,afdb:downloaded
tbdt_p44809,tbdt_p44809_afdb_v6,tbdt,,P44809,,,raw_af2/AF-P44809-F1-model_v6.pdb,,unknown,unknown,unknown,unknown,,,,false,,,AFDB,,train,bronze AFDB-only TBDT homolog from UniProt PF00593/PF07715 query; no experimental displacement label.,bronze_pseudo_or_self_supervised,bronze,0.1,UniProt,UniProt:PF00593_AND_PF07715,,999,,,,P44809,6,afdb:downloaded
tbdt_q06987,tbdt_q06987_afdb_v6,tbdt,,Q06987,,,raw_af2/AF-Q06987-F1-model_v6.pdb,,unknown,unknown,unknown,unknown,,,,false,,,AFDB,,test,bronze AFDB-only TBDT homolog from UniProt PF00593/PF07715 query; no experimental displacement label.,bronze_pseudo_or_self_supervised,bronze,0.1,UniProt,UniProt:PF00593_AND_PF07715,,908,,,,Q06987,6,afdb:downloaded
btub_q32ae6,btub_q32ae6_afdb_v6,btub,btub,Q32AE6,,,raw_af2/AF-Q32AE6-F1-model_v6.pdb,,unknown,unknown,unknown,unknown,,,,false,,,AFDB,,val,bronze AFDB-only TBDT homolog from UniProt PF00593/PF07715 query; no experimental displacement label.,bronze_pseudo_or_self_supervised,bronze,0.1,UniProt,UniProt:PF00593_AND_PF07715,,614,,,,Q32AE6,6,afdb:downloaded
btub_q3yv10,btub_q3yv10_afdb_v6,btub,btub,Q3YV10,,,raw_af2/AF-Q3YV10-F1-model_v6.pdb,,unknown,unknown,unknown,unknown,,,,false,,,AFDB,,val,bronze AFDB-only TBDT homolog from UniProt PF00593/PF07715 query; no experimental displacement label.,bronze_pseudo_or_self_supervised,bronze,0.1,UniProt,UniProt:PF00593_AND_PF07715,,614,,,,Q3YV10,6,afdb:downloaded
tbdt_q56989,tbdt_q56989_afdb_v6,tbdt,,Q56989,,,raw_af2/AF-Q56989-F1-model_v6.pdb,,unknown,unknown,unknown,unknown,,,,false,,,AFDB,,test,bronze AFDB-only TBDT homolog from UniProt PF00593/PF07715 query; no experimental displacement label.,bronze_pseudo_or_self_supervised,bronze,0.1,UniProt,UniProt:PF00593_AND_PF07715,,676,,,,Q56989,6,afdb:downloaded
tbdt_q6u607,tbdt_q6u607_afdb_v6,tbdt,,Q6U607,,,raw_af2/AF-Q6U607-F1-model_v6.pdb,,unknown,unknown,unknown,unknown,,,,false,,,AFDB,,train,bronze AFDB-only TBDT homolog from UniProt PF00593/PF07715 query; no experimental displacement label.,bronze_pseudo_or_self_supervised,bronze,0.1,UniProt,UniProt:PF00593_AND_PF07715,,733,,,,Q6U607,6,afdb:downloaded
btub_q7mye3,btub_q7mye3_afdb_v6,btub,btub,Q7MYE3,,,raw_af2/AF-Q7MYE3-F1-model_v6.pdb,,unknown,unknown,unknown,unknown,,,,false,,,AFDB,,train,bronze AFDB-only TBDT homolog from UniProt PF00593/PF07715 query; no experimental displacement label.,bronze_pseudo_or_self_supervised,bronze,0.1,UniProt,UniProt:PF00593_AND_PF07715,,619,,,,Q7MYE3,6,afdb:downloaded
tbdt_q9hux3,tbdt_q9hux3_afdb_v6,tbdt,,Q9HUX3,,,raw_af2/AF-Q9HUX3-F1-model_v6.pdb,,unknown,unknown,unknown,unknown,,,,false,,,AFDB,,train,bronze AFDB-only TBDT homolog from UniProt PF00593/PF07715 query; no experimental displacement label.,bronze_pseudo_or_self_supervised,bronze,0.1,UniProt,UniProt:PF00593_AND_PF07715,,708,,,,Q9HUX3,6,afdb:downloaded
tbdt_a0a0h2zi93,tbdt_a0a0h2zi93_afdb_v6,tbdt,,A0A0H2ZI93,,,raw_af2/AF-A0A0H2ZI93-F1-model_v6.pdb,,unknown,unknown,unknown,unknown,,,,false,,,AFDB,,test,bronze AFDB-only TBDT homolog from UniProt PF00593/PF07715 query; no experimental displacement label.,bronze_pseudo_or_self_supervised,bronze,0.1,UniProt,UniProt:PF00593_AND_PF07715,,708,,,,A0A0H2ZI93,6,afdb:downloaded
btub_a4trg0,btub_a4trg0_afdb_v6,btub,btub,A4TRG0,,,raw_af2/AF-A4TRG0-F1-model_v6.pdb,,unknown,unknown,unknown,unknown,,,,false,,,AFDB,,train,bronze AFDB-only TBDT homolog from UniProt PF00593/PF07715 query; no experimental displacement label.,bronze_pseudo_or_self_supervised,bronze,0.1,UniProt,UniProt:PF00593_AND_PF07715,,625,,,,A4TRG0,6,afdb:downloaded
btub_a7fd14,btub_a7fd14_afdb_v6,btub,btub,A7FD14,,,raw_af2/AF-A7FD14-F1-model_v6.pdb,,unknown,unknown,unknown,unknown,,,,false,,,AFDB,,train,bronze AFDB-only TBDT homolog from UniProt PF00593/PF07715 query; no experimental displacement label.,bronze_pseudo_or_self_supervised,bronze,0.1,UniProt,UniProt:PF00593_AND_PF07715,,624,,,,A7FD14,6,afdb:downloaded
btub_a7zui6,btub_a7zui6_afdb_v6,btub,btub,A7ZUI6,,,raw_af2/AF-A7ZUI6-F1-model_v6.pdb,,unknown,unknown,unknown,unknown,,,,false,,,AFDB,,train,bronze AFDB-only TBDT homolog from UniProt PF00593/PF07715 query; no experimental displacement label.,bronze_pseudo_or_self_supervised,bronze,0.1,UniProt,UniProt:PF00593_AND_PF07715,,614,,,,A7ZUI6,6,afdb:downloaded
tbdt_p25184,tbdt_p25184_afdb_v6,tbdt,,P25184,,,raw_af2/AF-P25184-F1-model_v6.pdb,,unknown,unknown,unknown,unknown,,,,false,,,AFDB,,train,bronze AFDB-only TBDT homolog from UniProt PF00593/PF07715 query; no experimental displacement label.,bronze_pseudo_or_self_supervised,bronze,0.1,UniProt,UniProt:PF00593_AND_PF07715,,819,,,,P25184,6,afdb:downloaded
tbdt_p38047,tbdt_p38047_afdb_v6,tbdt,,P38047,,,raw_af2/AF-P38047-F1-model_v6.pdb,,unknown,unknown,unknown,unknown,,,,false,,,AFDB,,train,bronze AFDB-only TBDT homolog from UniProt PF00593/PF07715 query; no experimental displacement label.,bronze_pseudo_or_self_supervised,bronze,0.1,UniProt,UniProt:PF00593_AND_PF07715,,809,,,,P38047,6,afdb:downloaded
tbdt_q06379,tbdt_q06379_afdb_v6,tbdt,,Q06379,,,raw_af2/AF-Q06379-F1-model_v6.pdb,,unknown,unknown,unknown,unknown,,,,false,,,AFDB,,train,bronze AFDB-only TBDT homolog from UniProt PF00593/PF07715 query; no experimental displacement label.,bronze_pseudo_or_self_supervised,bronze,0.1,UniProt,UniProt:PF00593_AND_PF07715,,943,,,,Q06379,6,afdb:downloaded
tbdt_q09056,tbdt_q09056_afdb_v6,tbdt,,Q09056,,,raw_af2/AF-Q09056-F1-model_v6.pdb,,unknown,unknown,unknown,unknown,,,,false,,,AFDB,,train,bronze AFDB-only TBDT homolog from UniProt PF00593/PF07715 query; no experimental displacement label.,bronze_pseudo_or_self_supervised,bronze,0.1,UniProt,UniProt:PF00593_AND_PF07715,,911,,,,Q09056,6,afdb:downloaded
btub_q1cbu1,btub_q1cbu1_afdb_v6,btub,btub,Q1CBU1,,,raw_af2/AF-Q1CBU1-F1-model_v6.pdb,,unknown,unknown,unknown,unknown,,,,false,,,AFDB,,train,bronze AFDB-only TBDT homolog from UniProt PF00593/PF07715 query; no experimental displacement label.,bronze_pseudo_or_self_supervised,bronze,0.1,UniProt,UniProt:PF00593_AND_PF07715,,625,,,,Q1CBU1,6,afdb:downloaded
btub_q8z314,btub_q8z314_afdb_v6,btub,btub,Q8Z314,,,raw_af2/AF-Q8Z314-F1-model_v6.pdb,,unknown,unknown,unknown,unknown,,,,false,,,AFDB,,train,bronze AFDB-only TBDT homolog from UniProt PF00593/PF07715 query; no experimental displacement label.,bronze_pseudo_or_self_supervised,bronze,0.1,UniProt,UniProt:PF00593_AND_PF07715,,614,,,,Q8Z314,6,afdb:downloaded
btub_q9kvi9,btub_q9kvi9_afdb_v6,btub,btub,Q9KVI9,,,raw_af2/AF-Q9KVI9-F1-model_v6.pdb,,unknown,unknown,unknown,unknown,,,,false,,,AFDB,,train,bronze AFDB-only TBDT homolog from UniProt PF00593/PF07715 query; no experimental displacement label.,bronze_pseudo_or_self_supervised,bronze,0.1,UniProt,UniProt:PF00593_AND_PF07715,,611,,,,Q9KVI9,6,afdb:downloaded
btub_a7ml93,btub_a7ml93_afdb_v6,btub,btub,A7ML93,,,raw_af2/AF-A7ML93-F1-model_v6.pdb,,unknown,unknown,unknown,unknown,,,,false,,,AFDB,,train,bronze AFDB-only TBDT homolog from UniProt PF00593/PF07715 query; no experimental displacement label.,bronze_pseudo_or_self_supervised,bronze,0.1,UniProt,UniProt:PF00593_AND_PF07715,,616,,,,A7ML93,6,afdb:downloaded
btub_p37409,btub_p37409_afdb_v6,btub,btub,P37409,,,raw_af2/AF-P37409-F1-model_v6.pdb,,unknown,unknown,unknown,unknown,,,,false,,,AFDB,,train,bronze AFDB-only TBDT homolog from UniProt PF00593/PF07715 query; no experimental displacement label.,bronze_pseudo_or_self_supervised,bronze,0.1,UniProt,UniProt:PF00593_AND_PF07715,,614,,,,P37409,6,afdb:downloaded
tbdt_q01996,tbdt_q01996_afdb_v6,tbdt,,Q01996,,,raw_af2/AF-Q01996-F1-model_v6.pdb,,unknown,unknown,unknown,unknown,,,,false,,,AFDB,,train,bronze AFDB-only TBDT homolog from UniProt PF00593/PF07715 query; no experimental displacement label.,bronze_pseudo_or_self_supervised,bronze,0.1,UniProt,UniProt:PF00593_AND_PF07715,,915,,,,Q01996,6,afdb:downloaded
tbdt_q57408,tbdt_q57408_afdb_v6,tbdt,,Q57408,,,raw_af2/AF-Q57408-F1-model_v6.pdb,,unknown,unknown,unknown,unknown,,,,false,,,AFDB,,train,bronze AFDB-only TBDT homolog from UniProt PF00593/PF07715 query; no experimental displacement label.,bronze_pseudo_or_self_supervised,bronze,0.1,UniProt,UniProt:PF00593_AND_PF07715,,999,,,,Q57408,6,afdb:downloaded
btub_q66g57,btub_q66g57_afdb_v6,btub,btub,Q66G57,,,raw_af2/AF-Q66G57-F1-model_v6.pdb,,unknown,unknown,unknown,unknown,,,,false,,,AFDB,,train,bronze AFDB-only TBDT homolog from UniProt PF00593/PF07715 query; no experimental displacement label.,bronze_pseudo_or_self_supervised,bronze,0.1,UniProt,UniProt:PF00593_AND_PF07715,,624,,,,Q66G57,6,afdb:downloaded
btub_q83is4,btub_q83is4_afdb_v6,btub,btub,Q83IS4,,,raw_af2/AF-Q83IS4-F1-model_v6.pdb,,unknown,unknown,unknown,unknown,,,,false,,,AFDB,,test,bronze AFDB-only TBDT homolog from UniProt PF00593/PF07715 query; no experimental displacement label.,bronze_pseudo_or_self_supervised,bronze,0.1,UniProt,UniProt:PF00593_AND_PF07715,,614,,,,Q83IS4,6,afdb:downloaded
btub_q8zaa1,btub_q8zaa1_afdb_v6,btub,btub,Q8ZAA1,,,raw_af2/AF-Q8ZAA1-F1-model_v6.pdb,,unknown,unknown,unknown,unknown,,,,false,,,AFDB,,train,bronze AFDB-only TBDT homolog from UniProt PF00593/PF07715 query; no experimental displacement label.,bronze_pseudo_or_self_supervised,bronze,0.1,UniProt,UniProt:PF00593_AND_PF07715,,625,,,,Q8ZAA1,6,afdb:downloaded
btub_q93se0,btub_q93se0_afdb_v6,btub,btub,Q93SE0,,,raw_af2/AF-Q93SE0-F1-model_v6.pdb,,unknown,unknown,unknown,unknown,,,,false,,,AFDB,,train,bronze AFDB-only TBDT homolog from UniProt PF00593/PF07715 query; no experimental displacement label.,bronze_pseudo_or_self_supervised,bronze,0.1,UniProt,UniProt:PF00593_AND_PF07715,,614,,,,Q93SE0,6,afdb:downloaded
tbdt_q9z3q5,tbdt_q9z3q5_afdb_v6,tbdt,,Q9Z3Q5,,,raw_af2/AF-Q9Z3Q5-F1-model_v6.pdb,,unknown,unknown,unknown,unknown,,,,false,,,AFDB,,train,bronze AFDB-only TBDT homolog from UniProt PF00593/PF07715 query; no experimental displacement label.,bronze_pseudo_or_self_supervised,bronze,0.1,UniProt,UniProt:PF00593_AND_PF07715,,746,,,,Q9Z3Q5,6,afdb:downloaded
tbdt_a5vw32,tbdt_a5vw32_afdb_v6,tbdt,,A5VW32,,,raw_af2/AF-A5VW32-F1-model_v6.pdb,,unknown,unknown,unknown,unknown,,,,false,,,AFDB,,train,bronze AFDB-only TBDT homolog from UniProt PF00593/PF07715 query; no experimental displacement label.,bronze_pseudo_or_self_supervised,bronze,0.1,UniProt,UniProt:PF00593_AND_PF07715,,661,,,,A5VW32,6,afdb:downloaded
btub_c3lpz6,btub_c3lpz6_afdb_v6,btub,btub,C3LPZ6,,,raw_af2/AF-C3LPZ6-F1-model_v6.pdb,,unknown,unknown,unknown,unknown,,,,false,,,AFDB,,train,bronze AFDB-only TBDT homolog from UniProt PF00593/PF07715 query; no experimental displacement label.,bronze_pseudo_or_self_supervised,bronze,0.1,UniProt,UniProt:PF00593_AND_PF07715,,611,,,,C3LPZ6,6,afdb:downloaded
tbdt_p0cl48,tbdt_p0cl48_afdb_v6,tbdt,,P0CL48,,,raw_af2/AF-P0CL48-F1-model_v6.pdb,,unknown,unknown,unknown,unknown,,,,false,,,AFDB,,test,bronze AFDB-only TBDT homolog from UniProt PF00593/PF07715 query; no experimental displacement label.,bronze_pseudo_or_self_supervised,bronze,0.1,UniProt,UniProt:PF00593_AND_PF07715,,702,,,,P0CL48,6,afdb:downloaded
tbdt_q08017,tbdt_q08017_afdb_v6,tbdt,,Q08017,,,raw_af2/AF-Q08017-F1-model_v6.pdb,,unknown,unknown,unknown,unknown,,,,false,,,AFDB,,train,bronze AFDB-only TBDT homolog from UniProt PF00593/PF07715 query; no experimental displacement label.,bronze_pseudo_or_self_supervised,bronze,0.1,UniProt,UniProt:PF00593_AND_PF07715,,826,,,,Q08017,6,afdb:downloaded
tbdt_q4qp67,tbdt_q4qp67_afdb_v6,tbdt,,Q4QP67,,,raw_af2/AF-Q4QP67-F1-model_v6.pdb,,unknown,unknown,unknown,unknown,,,,false,,,AFDB,,train,bronze AFDB-only TBDT homolog from UniProt PF00593/PF07715 query; no experimental displacement label.,bronze_pseudo_or_self_supervised,bronze,0.1,UniProt,UniProt:PF00593_AND_PF07715,,745,,,,Q4QP67,6,afdb:downloaded
tbdt_q576d7,tbdt_q576d7_afdb_v6,tbdt,,Q576D7,,,raw_af2/AF-Q576D7-F1-model_v6.pdb,,unknown,unknown,unknown,unknown,,,,false,,,AFDB,,train,bronze AFDB-only TBDT homolog from UniProt PF00593/PF07715 query; no experimental displacement label.,bronze_pseudo_or_self_supervised,bronze,0.1,UniProt,UniProt:PF00593_AND_PF07715,,661,,,,Q576D7,6,afdb:downloaded
tbdt_q8fun0,tbdt_q8fun0_afdb_v6,tbdt,,Q8FUN0,,,raw_af2/AF-Q8FUN0-F1-model_v6.pdb,,unknown,unknown,unknown,unknown,,,,false,,,AFDB,,test,bronze AFDB-only TBDT homolog from UniProt PF00593/PF07715 query; no experimental displacement label.,bronze_pseudo_or_self_supervised,bronze,0.1,UniProt,UniProt:PF00593_AND_PF07715,,661,,,,Q8FUN0,6,afdb:downloaded
tbdt_q8yds0,tbdt_q8yds0_afdb_v6,tbdt,,Q8YDS0,,,raw_af2/AF-Q8YDS0-F1-model_v6.pdb,,unknown,unknown,unknown,unknown,,,,false,,,AFDB,,val,bronze AFDB-only TBDT homolog from UniProt PF00593/PF07715 query; no experimental displacement label.,bronze_pseudo_or_self_supervised,bronze,0.1,UniProt,UniProt:PF00593_AND_PF07715,,661,,,,Q8YDS0,6,afdb:downloaded
tbdt_q9jtk4,tbdt_q9jtk4_afdb_v6,tbdt,,Q9JTK4,,,raw_af2/AF-Q9JTK4-F1-model_v6.pdb,,unknown,unknown,unknown,unknown,,,,false,,,AFDB,,train,bronze AFDB-only TBDT homolog from UniProt PF00593/PF07715 query; no experimental displacement label.,bronze_pseudo_or_self_supervised,bronze,0.1,UniProt,UniProt:PF00593_AND_PF07715,,944,,,,Q9JTK4,6,afdb:downloaded
tbdt_a5f9g0,tbdt_a5f9g0_afdb_v6,tbdt,,A5F9G0,,,raw_af2/AF-A5F9G0-F1-model_v6.pdb,,unknown,unknown,unknown,unknown,,,,false,,,AFDB,,train,bronze AFDB-only TBDT homolog from UniProt PF00593/PF07715 query; no experimental displacement label.,bronze_pseudo_or_self_supervised,bronze,0.1,UniProt,UniProt:PF00593_AND_PF07715,,652,,,,A5F9G0,6,afdb:downloaded
tbdt_p45114,tbdt_p45114_afdb_v6,tbdt,,P45114,,,raw_af2/AF-P45114-F1-model_v6.pdb,,unknown,unknown,unknown,unknown,,,,false,,,AFDB,,train,bronze AFDB-only TBDT homolog from UniProt PF00593/PF07715 query; no experimental displacement label.,bronze_pseudo_or_self_supervised,bronze,0.1,UniProt,UniProt:PF00593_AND_PF07715,,913,,,,P45114,6,afdb:downloaded
tbdt_q7ddb6,tbdt_q7ddb6_afdb_v6,tbdt,,Q7DDB6,,,raw_af2/AF-Q7DDB6-F1-model_v6.pdb,,unknown,unknown,unknown,unknown,,,,false,,,AFDB,,test,bronze AFDB-only TBDT homolog from UniProt PF00593/PF07715 query; no experimental displacement label.,bronze_pseudo_or_self_supervised,bronze,0.1,UniProt,UniProt:PF00593_AND_PF07715,,921,,,,Q7DDB6,6,afdb:downloaded
tbdt_p96949,tbdt_p96949_afdb_v6,tbdt,,P96949,,,raw_af2/AF-P96949-F1-model_v6.pdb,,unknown,unknown,unknown,unknown,,,,false,,,AFDB,,train,bronze AFDB-only TBDT homolog from UniProt PF00593/PF07715 query; no experimental displacement label.,bronze_pseudo_or_self_supervised,bronze,0.1,UniProt,UniProt:PF00593_AND_PF07715,,810,,,,P96949,6,afdb:downloaded
tbdt_q1rec0,tbdt_q1rec0_afdb_v6,tbdt,,Q1REC0,,,raw_af2/AF-Q1REC0-F1-model_v6.pdb,,unknown,unknown,unknown,unknown,,,,false,,,AFDB,,train,bronze AFDB-only TBDT homolog from UniProt PF00593/PF07715 query; no experimental displacement label.,bronze_pseudo_or_self_supervised,bronze,0.1,UniProt,UniProt:PF00593_AND_PF07715,,760,,,,Q1REC0,6,afdb:downloaded
tbdt_q9jwa2,tbdt_q9jwa2_afdb_v6,tbdt,,Q9JWA2,,,raw_af2/AF-Q9JWA2-F1-model_v6.pdb,,unknown,unknown,unknown,unknown,,,,false,,,AFDB,,test,bronze AFDB-only TBDT homolog from UniProt PF00593/PF07715 query; no experimental displacement label.,bronze_pseudo_or_self_supervised,bronze,0.1,UniProt,UniProt:PF00593_AND_PF07715,,810,,,,Q9JWA2,6,afdb:downloaded
fyua_a1jtg3,fyua_a1jtg3_afdb_v6,fyua,fyua,A1JTG3,,,raw_af2/AF-A1JTG3-F1-model_v6.pdb,,unknown,unknown,unknown,unknown,,,,false,,,AFDB,,test,bronze AFDB-only TBDT homolog from UniProt PF00593/PF07715 query; no experimental displacement label.,bronze_pseudo_or_self_supervised,bronze,0.1,UniProt,UniProt:PF00593_AND_PF07715,,673,,,,A1JTG3,6,afdb:downloaded
btub_a7mxy8,btub_a7mxy8_afdb_v6,btub,btub,A7MXY8,,,raw_af2/AF-A7MXY8-F1-model_v6.pdb,,unknown,unknown,unknown,unknown,,,,false,,,AFDB,,train,bronze AFDB-only TBDT homolog from UniProt PF00593/PF07715 query; no experimental displacement label.,bronze_pseudo_or_self_supervised,bronze,0.1,UniProt,UniProt:PF00593_AND_PF07715,,617,,,,A7MXY8,6,afdb:downloaded
tbdt_e1w8m5,tbdt_e1w8m5_afdb_v6,tbdt,,E1W8M5,,,raw_af2/AF-E1W8M5-F1-model_v6.pdb,,unknown,unknown,unknown,unknown,,,,false,,,AFDB,,train,bronze AFDB-only TBDT homolog from UniProt PF00593/PF07715 query; no experimental displacement label.,bronze_pseudo_or_self_supervised,bronze,0.1,UniProt,UniProt:PF00593_AND_PF07715,,702,,,,E1W8M5,6,afdb:downloaded
tbdt_p0c6r0,tbdt_p0c6r0_afdb_v6,tbdt,,P0C6R0,,,raw_af2/AF-P0C6R0-F1-model_v6.pdb,,unknown,unknown,unknown,unknown,,,,false,,,AFDB,,test,bronze AFDB-only TBDT homolog from UniProt PF00593/PF07715 query; no experimental displacement label.,bronze_pseudo_or_self_supervised,bronze,0.1,UniProt,UniProt:PF00593_AND_PF07715,,652,,,,P0C6R0,6,afdb:downloaded
tbdt_p44600,tbdt_p44600_afdb_v6,tbdt,,P44600,,,raw_af2/AF-P44600-F1-model_v6.pdb,,unknown,unknown,unknown,unknown,,,,false,,,AFDB,,train,bronze AFDB-only TBDT homolog from UniProt PF00593/PF07715 query; no experimental displacement label.,bronze_pseudo_or_self_supervised,bronze,0.1,UniProt,UniProt:PF00593_AND_PF07715,,723,,,,P44600,6,afdb:downloaded
tbdt_p45357,tbdt_p45357_afdb_v6,tbdt,,P45357,,,raw_af2/AF-P45357-F1-model_v6.pdb,,unknown,unknown,unknown,unknown,,,,false,,,AFDB,,train,bronze AFDB-only TBDT homolog from UniProt PF00593/PF07715 query; no experimental displacement label.,bronze_pseudo_or_self_supervised,bronze,0.1,UniProt,UniProt:PF00593_AND_PF07715,,725,,,,P45357,6,afdb:downloaded
btub_q7mq42,btub_q7mq42_afdb_v6,btub,btub,Q7MQ42,,,raw_af2/AF-Q7MQ42-F1-model_v6.pdb,,unknown,unknown,unknown,unknown,,,,false,,,AFDB,,train,bronze AFDB-only TBDT homolog from UniProt PF00593/PF07715 query; no experimental displacement label.,bronze_pseudo_or_self_supervised,bronze,0.1,UniProt,UniProt:PF00593_AND_PF07715,,613,,,,Q7MQ42,6,afdb:downloaded
btub_q87kn9,btub_q87kn9_afdb_v6,btub,btub,Q87KN9,,,raw_af2/AF-Q87KN9-F1-model_v6.pdb,,unknown,unknown,unknown,unknown,,,,false,,,AFDB,,train,bronze AFDB-only TBDT homolog from UniProt PF00593/PF07715 query; no experimental displacement label.,bronze_pseudo_or_self_supervised,bronze,0.1,UniProt,UniProt:PF00593_AND_PF07715,,624,,,,Q87KN9,6,afdb:downloaded
btub_a5f4p6,btub_a5f4p6_afdb_v6,btub,btub,A5F4P6,,,raw_af2/AF-A5F4P6-F1-model_v6.pdb,,unknown,unknown,unknown,unknown,,,,false,,,AFDB,,train,bronze AFDB-only TBDT homolog from UniProt PF00593/PF07715 query; no experimental displacement label.,bronze_pseudo_or_self_supervised,bronze,0.1,UniProt,UniProt:PF00593_AND_PF07715,,611,,,,A5F4P6,6,afdb:downloaded
tbdt_p44523,tbdt_p44523_afdb_v6,tbdt,,P44523,,,raw_af2/AF-P44523-F1-model_v6.pdb,,unknown,unknown,unknown,unknown,,,,false,,,AFDB,,train,bronze AFDB-only TBDT homolog from UniProt PF00593/PF07715 query; no experimental displacement label.,bronze_pseudo_or_self_supervised,bronze,0.1,UniProt,UniProt:PF00593_AND_PF07715,,744,,,,P44523,6,afdb:failed
tbdt_p44970,tbdt_p44970_afdb_v6,tbdt,,P44970,,,raw_af2/AF-P44970-F1-model_v6.pdb,,unknown,unknown,unknown,unknown,,,,false,,,AFDB,,train,bronze AFDB-only TBDT homolog from UniProt PF00593/PF07715 query; no experimental displacement label.,bronze_pseudo_or_self_supervised,bronze,0.1,UniProt,UniProt:PF00593_AND_PF07715,,912,,,,P44970,6,afdb:downloaded
tbdt_q4qns6,tbdt_q4qns6_afdb_v6,tbdt,,Q4QNS6,,,raw_af2/AF-Q4QNS6-F1-model_v6.pdb,,unknown,unknown,unknown,unknown,,,,false,,,AFDB,,val,bronze AFDB-only TBDT homolog from UniProt PF00593/PF07715 query; no experimental displacement label.,bronze_pseudo_or_self_supervised,bronze,0.1,UniProt,UniProt:PF00593_AND_PF07715,,709,,,,Q4QNS6,6,afdb:downloaded
btub_q6llu3,btub_q6llu3_afdb_v6,btub,btub,Q6LLU3,,,raw_af2/AF-Q6LLU3-F1-model_v6.pdb,,unknown,unknown,unknown,unknown,,,,false,,,AFDB,,train,bronze AFDB-only TBDT homolog from UniProt PF00593/PF07715 query; no experimental displacement label.,bronze_pseudo_or_self_supervised,bronze,0.1,UniProt,UniProt:PF00593_AND_PF07715,,606,,,,Q6LLU3,6,afdb:downloaded
tbdt_q7vnu1,tbdt_q7vnu1_afdb_v6,tbdt,,Q7VNU1,,,raw_af2/AF-Q7VNU1-F1-model_v6.pdb,,unknown,unknown,unknown,unknown,,,,false,,,AFDB,,train,bronze AFDB-only TBDT homolog from UniProt PF00593/PF07715 query; no experimental displacement label.,bronze_pseudo_or_self_supervised,bronze,0.1,UniProt,UniProt:PF00593_AND_PF07715,,739,,,,Q7VNU1,6,afdb:downloaded
tbdt_q8cw90,tbdt_q8cw90_afdb_v6,tbdt,,Q8CW90,,,raw_af2/AF-Q8CW90-F1-model_v6.pdb,,unknown,unknown,unknown,unknown,,,,false,,,AFDB,,test,bronze AFDB-only TBDT homolog from UniProt PF00593/PF07715 query; no experimental displacement label.,bronze_pseudo_or_self_supervised,bronze,0.1,UniProt,UniProt:PF00593_AND_PF07715,,760,,,,Q8CW90,6,afdb:downloaded
btub_q8dd41,btub_q8dd41_afdb_v6,btub,btub,Q8DD41,,,raw_af2/AF-Q8DD41-F1-model_v6.pdb,,unknown,unknown,unknown,unknown,,,,false,,,AFDB,,train,bronze AFDB-only TBDT homolog from UniProt PF00593/PF07715 query; no experimental displacement label.,bronze_pseudo_or_self_supervised,bronze,0.1,UniProt,UniProt:PF00593_AND_PF07715,,606,,,,Q8DD41,6,afdb:downloaded
tbdt_q8x7w7,tbdt_q8x7w7_afdb_v6,tbdt,,Q8X7W7,,,raw_af2/AF-Q8X7W7-F1-model_v6.pdb,,unknown,unknown,unknown,unknown,,,,false,,,AFDB,,train,bronze AFDB-only TBDT homolog from UniProt PF00593/PF07715 query; no experimental displacement label.,bronze_pseudo_or_self_supervised,bronze,0.1,UniProt,UniProt:PF00593_AND_PF07715,,760,,,,Q8X7W7,6,afdb:downloaded
tbdt_t2km18,tbdt_t2km18_afdb_v6,tbdt,,T2KM18,,,raw_af2/AF-T2KM18-F1-model_v6.pdb,,unknown,unknown,unknown,unknown,,,,false,,,AFDB,,train,bronze AFDB-only TBDT homolog from UniProt PF00593/PF07715 query; no experimental displacement label.,bronze_pseudo_or_self_supervised,bronze,0.1,UniProt,UniProt:PF00593_AND_PF07715,,990,,,,T2KM18,6,afdb:downloaded
tbdt_a0a3m5jef3,tbdt_a0a3m5jef3_afdb_v6,tbdt,,A0A3M5JEF3,,,raw_af2/AF-A0A3M5JEF3-F1-model_v6.pdb,,unknown,unknown,unknown,unknown,,,,false,,,AFDB,,val,bronze AFDB-only TBDT homolog from UniProt PF00593/PF07715 query; no experimental displacement label.,bronze_pseudo_or_self_supervised,bronze,0.1,UniProt,UniProt:PF00593_AND_PF07715,,989,,,,A0A3M5JEF3,6,afdb:downloaded
tbdt_a0a3m5fqe9,tbdt_a0a3m5fqe9_afdb_v6,tbdt,,A0A3M5FQE9,,,raw_af2/AF-A0A3M5FQE9-F1-model_v6.pdb,,unknown,unknown,unknown,unknown,,,,false,,,AFDB,,train,bronze AFDB-only TBDT homolog from UniProt PF00593/PF07715 query; no experimental displacement label.,bronze_pseudo_or_self_supervised,bronze,0.1,UniProt,UniProt:PF00593_AND_PF07715,,989,,,,A0A3M5FQE9,6,afdb:downloaded
btub_a0a024l604,btub_a0a024l604_afdb_v6,btub,btub,A0A024L604,,,raw_af2/AF-A0A024L604-F1-model_v6.pdb,,unknown,unknown,unknown,unknown,,,,false,,,AFDB,,train,bronze AFDB-only TBDT homolog from UniProt PF00593/PF07715 query; no experimental displacement label.,bronze_pseudo_or_self_supervised,bronze,0.1,UniProt,UniProt:PF00593_AND_PF07715,,614,,,,A0A024L604,6,afdb:downloaded
btub_a0a066pv50,btub_a0a066pv50_afdb_v6,btub,btub,A0A066PV50,,,raw_af2/AF-A0A066PV50-F1-model_v6.pdb,,unknown,unknown,unknown,unknown,,,,false,,,AFDB,,val,bronze AFDB-only TBDT homolog from UniProt PF00593/PF07715 query; no experimental displacement label.,bronze_pseudo_or_self_supervised,bronze,0.1,UniProt,UniProt:PF00593_AND_PF07715,,614,,,,A0A066PV50,6,afdb:downloaded
btub_a0a068r872,btub_a0a068r872_afdb_v6,btub,btub,A0A068R872,,,raw_af2/AF-A0A068R872-F1-model_v6.pdb,,unknown,unknown,unknown,unknown,,,,false,,,AFDB,,train,bronze AFDB-only TBDT homolog from UniProt PF00593/PF07715 query; no experimental displacement label.,bronze_pseudo_or_self_supervised,bronze,0.1,UniProt,UniProt:PF00593_AND_PF07715,,612,,,,A0A068R872,6,afdb:downloaded
btub_a0a077nk00,btub_a0a077nk00_afdb_v6,btub,btub,A0A077NK00,,,raw_af2/AF-A0A077NK00-F1-model_v6.pdb,,unknown,unknown,unknown,unknown,,,,false,,,AFDB,,train,bronze AFDB-only TBDT homolog from UniProt PF00593/PF07715 query; no experimental displacement label.,bronze_pseudo_or_self_supervised,bronze,0.1,UniProt,UniProt:PF00593_AND_PF07715,,616,,,,A0A077NK00,6,afdb:downloaded
btub_a0a085fzg0,btub_a0a085fzg0_afdb_v6,btub,btub,A0A085FZG0,,,raw_af2/AF-A0A085FZG0-F1-model_v6.pdb,,unknown,unknown,unknown,unknown,,,,false,,,AFDB,,test,bronze AFDB-only TBDT homolog from UniProt PF00593/PF07715 query; no experimental displacement label.,bronze_pseudo_or_self_supervised,bronze,0.1,UniProt,UniProt:PF00593_AND_PF07715,,622,,,,A0A085FZG0,6,afdb:downloaded
btub_a0a089q220,btub_a0a089q220_afdb_v6,btub,btub,A0A089Q220,,,raw_af2/AF-A0A089Q220-F1-model_v6.pdb,,unknown,unknown,unknown,unknown,,,,false,,,AFDB,,train,bronze AFDB-only TBDT homolog from UniProt PF00593/PF07715 query; no experimental displacement label.,bronze_pseudo_or_self_supervised,bronze,0.1,UniProt,UniProt:PF00593_AND_PF07715,,615,,,,A0A089Q220,6,afdb:downloaded
btub_a0a0e2kyh3,btub_a0a0e2kyh3_afdb_v6,btub,btub,A0A0E2KYH3,,,raw_af2/AF-A0A0E2KYH3-F1-model_v6.pdb,,unknown,unknown,unknown,unknown,,,,false,,,AFDB,,train,bronze AFDB-only TBDT homolog from UniProt PF00593/PF07715 query; no experimental displacement label.,bronze_pseudo_or_self_supervised,bronze,0.1,UniProt,UniProt:PF00593_AND_PF07715,,614,,,,A0A0E2KYH3,6,afdb:downloaded
btub_a0a0f1a3w4,btub_a0a0f1a3w4_afdb_v6,btub,btub,A0A0F1A3W4,,,raw_af2/AF-A0A0F1A3W4-F1-model_v6.pdb,,unknown,unknown,unknown,unknown,,,,false,,,AFDB,,train,bronze AFDB-only TBDT homolog from UniProt PF00593/PF07715 query; no experimental displacement label.,bronze_pseudo_or_self_supervised,bronze,0.1,UniProt,UniProt:PF00593_AND_PF07715,,612,,,,A0A0F1A3W4,6,afdb:downloaded
btub_a0a0f6b9w9,btub_a0a0f6b9w9_afdb_v6,btub,btub,A0A0F6B9W9,,,raw_af2/AF-A0A0F6B9W9-F1-model_v6.pdb,,unknown,unknown,unknown,unknown,,,,false,,,AFDB,,test,bronze AFDB-only TBDT homolog from UniProt PF00593/PF07715 query; no experimental displacement label.,bronze_pseudo_or_self_supervised,bronze,0.1,UniProt,UniProt:PF00593_AND_PF07715,,614,,,,A0A0F6B9W9,6,afdb:downloaded
btub_a0a0h3duq0,btub_a0a0h3duq0_afdb_v6,btub,btub,A0A0H3DUQ0,,,raw_af2/AF-A0A0H3DUQ0-F1-model_v6.pdb,,unknown,unknown,unknown,unknown,,,,false,,,AFDB,,train,bronze AFDB-only TBDT homolog from UniProt PF00593/PF07715 query; no experimental displacement label.,bronze_pseudo_or_self_supervised,bronze,0.1,UniProt,UniProt:PF00593_AND_PF07715,,615,,,,A0A0H3DUQ0,6,afdb:downloaded
btub_a0a0h3fp11,btub_a0a0h3fp11_afdb_v6,btub,btub,A0A0H3FP11,,,raw_af2/AF-A0A0H3FP11-F1-model_v6.pdb,,unknown,unknown,unknown,unknown,,,,false,,,AFDB,,train,bronze AFDB-only TBDT homolog from UniProt PF00593/PF07715 query; no experimental displacement label.,bronze_pseudo_or_self_supervised,bronze,0.1,UniProt,UniProt:PF00593_AND_PF07715,,615,,,,A0A0H3FP11,6,afdb:downloaded
btub_a0a0h3h423,btub_a0a0h3h423_afdb_v6,btub,btub,A0A0H3H423,,,raw_af2/AF-A0A0H3H423-F1-model_v6.pdb,,unknown,unknown,unknown,unknown,,,,false,,,AFDB,,val,bronze AFDB-only TBDT homolog from UniProt PF00593/PF07715 query; no experimental displacement label.,bronze_pseudo_or_self_supervised,bronze,0.1,UniProt,UniProt:PF00593_AND_PF07715,,622,,,,A0A0H3H423,6,afdb:downloaded
btub_a0a0h3hyc6,btub_a0a0h3hyc6_afdb_v6,btub,btub,A0A0H3HYC6,,,raw_af2/AF-A0A0H3HYC6-F1-model_v6.pdb,,unknown,unknown,unknown,unknown,,,,false,,,AFDB,,train,bronze AFDB-only TBDT homolog from UniProt PF00593/PF07715 query; no experimental displacement label.,bronze_pseudo_or_self_supervised,bronze,0.1,UniProt,UniProt:PF00593_AND_PF07715,,631,,,,A0A0H3HYC6,6,afdb:downloaded
btub_a0a0h3l130,btub_a0a0h3l130_afdb_v6,btub,btub,A0A0H3L130,,,raw_af2/AF-A0A0H3L130-F1-model_v6.pdb,,unknown,unknown,unknown,unknown,,,,false,,,AFDB,,train,bronze AFDB-only TBDT homolog from UniProt PF00593/PF07715 query; no experimental displacement label.,bronze_pseudo_or_self_supervised,bronze,0.1,UniProt,UniProt:PF00593_AND_PF07715,,654,,,,A0A0H3L130,6,afdb:downloaded
btub_a0a0h3pra4,btub_a0a0h3pra4_afdb_v6,btub,btub,A0A0H3PRA4,,,raw_af2/AF-A0A0H3PRA4-F1-model_v6.pdb,,unknown,unknown,unknown,unknown,,,,false,,,AFDB,,train,bronze AFDB-only TBDT homolog from UniProt PF00593/PF07715 query; no experimental displacement label.,bronze_pseudo_or_self_supervised,bronze,0.1,UniProt,UniProt:PF00593_AND_PF07715,,614,,,,A0A0H3PRA4,6,afdb:downloaded
btub_a0a0h5hev5,btub_a0a0h5hev5_afdb_v6,btub,btub,A0A0H5HEV5,,,raw_af2/AF-A0A0H5HEV5-F1-model_v6.pdb,,unknown,unknown,unknown,unknown,,,,false,,,AFDB,,train,bronze AFDB-only TBDT homolog from UniProt PF00593/PF07715 query; no experimental displacement label.,bronze_pseudo_or_self_supervised,bronze,0.1,UniProt,UniProt:PF00593_AND_PF07715,,632,,,,A0A0H5HEV5,6,afdb:downloaded
btub_a0a0j8vsy2,btub_a0a0j8vsy2_afdb_v6,btub,btub,A0A0J8VSY2,,,raw_af2/AF-A0A0J8VSY2-F1-model_v6.pdb,,unknown,unknown,unknown,unknown,,,,false,,,AFDB,,train,bronze AFDB-only TBDT homolog from UniProt PF00593/PF07715 query; no experimental displacement label.,bronze_pseudo_or_self_supervised,bronze,0.1,UniProt,UniProt:PF00593_AND_PF07715,,614,,,,A0A0J8VSY2,6,afdb:downloaded
btub_a0a0l6npp1,btub_a0a0l6npp1_afdb_v6,btub,btub,A0A0L6NPP1,,,raw_af2/AF-A0A0L6NPP1-F1-model_v6.pdb,,unknown,unknown,unknown,unknown,,,,false,,,AFDB,,train,bronze AFDB-only TBDT homolog from UniProt PF00593/PF07715 query; no experimental displacement label.,bronze_pseudo_or_self_supervised,bronze,0.1,UniProt,UniProt:PF00593_AND_PF07715,,627,,,,A0A0L6NPP1,6,afdb:downloaded
btub_a0a0l7tdc5,btub_a0a0l7tdc5_afdb_v6,btub,btub,A0A0L7TDC5,,,raw_af2/AF-A0A0L7TDC5-F1-model_v6.pdb,,unknown,unknown,unknown,unknown,,,,false,,,AFDB,,test,bronze AFDB-only TBDT homolog from UniProt PF00593/PF07715 query; no experimental displacement label.,bronze_pseudo_or_self_supervised,bronze,0.1,UniProt,UniProt:PF00593_AND_PF07715,,627,,,,A0A0L7TDC5,6,afdb:downloaded
btub_a0a0q3iy48,btub_a0a0q3iy48_afdb_v6,btub,btub,A0A0Q3IY48,,,raw_af2/AF-A0A0Q3IY48-F1-model_v6.pdb,,unknown,unknown,unknown,unknown,,,,false,,,AFDB,,val,bronze AFDB-only TBDT homolog from UniProt PF00593/PF07715 query; no experimental displacement label.,bronze_pseudo_or_self_supervised,bronze,0.1,UniProt,UniProt:PF00593_AND_PF07715,,614,,,,A0A0Q3IY48,6,afdb:downloaded
btub_a0a0t9umg6,btub_a0a0t9umg6_afdb_v6,btub,btub,A0A0T9UMG6,,,raw_af2/AF-A0A0T9UMG6-F1-model_v6.pdb,,unknown,unknown,unknown,unknown,,,,false,,,AFDB,,val,bronze AFDB-only TBDT homolog from UniProt PF00593/PF07715 query; no experimental displacement label.,bronze_pseudo_or_self_supervised,bronze,0.1,UniProt,UniProt:PF00593_AND_PF07715,,626,,,,A0A0T9UMG6,6,afdb:downloaded
btub_a0a0t9uyu8,btub_a0a0t9uyu8_afdb_v6,btub,btub,A0A0T9UYU8,,,raw_af2/AF-A0A0T9UYU8-F1-model_v6.pdb,,unknown,unknown,unknown,unknown,,,,false,,,AFDB,,train,bronze AFDB-only TBDT homolog from UniProt PF00593/PF07715 query; no experimental displacement label.,bronze_pseudo_or_self_supervised,bronze,0.1,UniProt,UniProt:PF00593_AND_PF07715,,627,,,,A0A0T9UYU8,6,afdb:downloaded
btub_a0a0u3iy22,btub_a0a0u3iy22_afdb_v6,btub,btub,A0A0U3IY22,,,raw_af2/AF-A0A0U3IY22-F1-model_v6.pdb,,unknown,unknown,unknown,unknown,,,,false,,,AFDB,,val,bronze AFDB-only TBDT homolog from UniProt PF00593/PF07715 query; no experimental displacement label.,bronze_pseudo_or_self_supervised,bronze,0.1,UniProt,UniProt:PF00593_AND_PF07715,,612,,,,A0A0U3IY22,6,afdb:downloaded
btub_a0a0x4egn7,btub_a0a0x4egn7_afdb_v6,btub,btub,A0A0X4EGN7,,,raw_af2/AF-A0A0X4EGN7-F1-model_v6.pdb,,unknown,unknown,unknown,unknown,,,,false,,,AFDB,,train,bronze AFDB-only TBDT homolog from UniProt PF00593/PF07715 query; no experimental displacement label.,bronze_pseudo_or_self_supervised,bronze,0.1,UniProt,UniProt:PF00593_AND_PF07715,,612,,,,A0A0X4EGN7,6,afdb:downloaded
btub_a0a144sja8,btub_a0a144sja8_afdb_v6,btub,btub,A0A144SJA8,,,raw_af2/AF-A0A144SJA8-F1-model_v6.pdb,,unknown,unknown,unknown,unknown,,,,false,,,AFDB,,train,bronze AFDB-only TBDT homolog from UniProt PF00593/PF07715 query; no experimental displacement label.,bronze_pseudo_or_self_supervised,bronze,0.1,UniProt,UniProt:PF00593_AND_PF07715,,615,,,,A0A144SJA8,6,afdb:downloaded
btub_a0a157btl9,btub_a0a157btl9_afdb_v6,btub,btub,A0A157BTL9,,,raw_af2/AF-A0A157BTL9-F1-model_v6.pdb,,unknown,unknown,unknown,unknown,,,,false,,,AFDB,,train,bronze AFDB-only TBDT homolog from UniProt PF00593/PF07715 query; no experimental displacement label.,bronze_pseudo_or_self_supervised,bronze,0.1,UniProt,UniProt:PF00593_AND_PF07715,,617,,,,A0A157BTL9,6,afdb:downloaded
btub_a0a1b7hik1,btub_a0a1b7hik1_afdb_v6,btub,btub,A0A1B7HIK1,,,raw_af2/AF-A0A1B7HIK1-F1-model_v6.pdb,,unknown,unknown,unknown,unknown,,,,false,,,AFDB,,test,bronze AFDB-only TBDT homolog from UniProt PF00593/PF07715 query; no experimental displacement label.,bronze_pseudo_or_self_supervised,bronze,0.1,UniProt,UniProt:PF00593_AND_PF07715,,620,,,,A0A1B7HIK1,6,afdb:downloaded
btub_a0a1b8ypb5,btub_a0a1b8ypb5_afdb_v6,btub,btub,A0A1B8YPB5,,,raw_af2/AF-A0A1B8YPB5-F1-model_v6.pdb,,unknown,unknown,unknown,unknown,,,,false,,,AFDB,,train,bronze AFDB-only TBDT homolog from UniProt PF00593/PF07715 query; no experimental displacement label.,bronze_pseudo_or_self_supervised,bronze,0.1,UniProt,UniProt:PF00593_AND_PF07715,,619,,,,A0A1B8YPB5,6,afdb:downloaded
btub_a0a1g5rj28,btub_a0a1g5rj28_afdb_v6,btub,btub,A0A1G5RJ28,,,raw_af2/AF-A0A1G5RJ28-F1-model_v6.pdb,,unknown,unknown,unknown,unknown,,,,false,,,AFDB,,train,bronze AFDB-only TBDT homolog from UniProt PF00593/PF07715 query; no experimental displacement label.,bronze_pseudo_or_self_supervised,bronze,0.1,UniProt,UniProt:PF00593_AND_PF07715,,619,,,,A0A1G5RJ28,6,afdb:downloaded
btub_a0a1i3u1y4,btub_a0a1i3u1y4_afdb_v6,btub,btub,A0A1I3U1Y4,,,raw_af2/AF-A0A1I3U1Y4-F1-model_v6.pdb,,unknown,unknown,unknown,unknown,,,,false,,,AFDB,,val,bronze AFDB-only TBDT homolog from UniProt PF00593/PF07715 query; no experimental displacement label.,bronze_pseudo_or_self_supervised,bronze,0.1,UniProt,UniProt:PF00593_AND_PF07715,,612,,,,A0A1I3U1Y4,6,afdb:downloaded
btub_a0a1i5bj50,btub_a0a1i5bj50_afdb_v6,btub,btub,A0A1I5BJ50,,,raw_af2/AF-A0A1I5BJ50-F1-model_v6.pdb,,unknown,unknown,unknown,unknown,,,,false,,,AFDB,,train,bronze AFDB-only TBDT homolog from UniProt PF00593/PF07715 query; no experimental displacement label.,bronze_pseudo_or_self_supervised,bronze,0.1,UniProt,UniProt:PF00593_AND_PF07715,,609,,,,A0A1I5BJ50,6,afdb:downloaded
btub_a0a1s0zql6,btub_a0a1s0zql6_afdb_v6,btub,btub,A0A1S0ZQL6,,,raw_af2/AF-A0A1S0ZQL6-F1-model_v6.pdb,,unknown,unknown,unknown,unknown,,,,false,,,AFDB,,test,bronze AFDB-only TBDT homolog from UniProt PF00593/PF07715 query; no experimental displacement label.,bronze_pseudo_or_self_supervised,bronze,0.1,UniProt,UniProt:PF00593_AND_PF07715,,618,,,,A0A1S0ZQL6,6,afdb:downloaded
btub_a0a1s8cgk9,btub_a0a1s8cgk9_afdb_v6,btub,btub,A0A1S8CGK9,,,raw_af2/AF-A0A1S8CGK9-F1-model_v6.pdb,,unknown,unknown,unknown,unknown,,,,false,,,AFDB,,train,bronze AFDB-only TBDT homolog from UniProt PF00593/PF07715 query; no experimental displacement label.,bronze_pseudo_or_self_supervised,bronze,0.1,UniProt,UniProt:PF00593_AND_PF07715,,630,,,,A0A1S8CGK9,6,afdb:downloaded
btub_a0a1s8yhi1,btub_a0a1s8yhi1_afdb_v6,btub,btub,A0A1S8YHI1,,,raw_af2/AF-A0A1S8YHI1-F1-model_v6.pdb,,unknown,unknown,unknown,unknown,,,,false,,,AFDB,,test,bronze AFDB-only TBDT homolog from UniProt PF00593/PF07715 query; no experimental displacement label.,bronze_pseudo_or_self_supervised,bronze,0.1,UniProt,UniProt:PF00593_AND_PF07715,,628,,,,A0A1S8YHI1,6,afdb:downloaded
btub_a0a1v2qyn6,btub_a0a1v2qyn6_afdb_v6,btub,btub,A0A1V2QYN6,,,raw_af2/AF-A0A1V2QYN6-F1-model_v6.pdb,,unknown,unknown,unknown,unknown,,,,false,,,AFDB,,train,bronze AFDB-only TBDT homolog from UniProt PF00593/PF07715 query; no experimental displacement label.,bronze_pseudo_or_self_supervised,bronze,0.1,UniProt,UniProt:PF00593_AND_PF07715,,625,,,,A0A1V2QYN6,6,afdb:downloaded
btub_a0a1v8nve2,btub_a0a1v8nve2_afdb_v6,btub,btub,A0A1V8NVE2,,,raw_af2/AF-A0A1V8NVE2-F1-model_v6.pdb,,unknown,unknown,unknown,unknown,,,,false,,,AFDB,,train,bronze AFDB-only TBDT homolog from UniProt PF00593/PF07715 query; no experimental displacement label.,bronze_pseudo_or_self_supervised,bronze,0.1,UniProt,UniProt:PF00593_AND_PF07715,,612,,,,A0A1V8NVE2,6,afdb:downloaded
btub_a0a1v9de89,btub_a0a1v9de89_afdb_v6,btub,btub,A0A1V9DE89,,,raw_af2/AF-A0A1V9DE89-F1-model_v6.pdb,,unknown,unknown,unknown,unknown,,,,false,,,AFDB,,train,bronze AFDB-only TBDT homolog from UniProt PF00593/PF07715 query; no experimental displacement label.,bronze_pseudo_or_self_supervised,bronze,0.1,UniProt,UniProt:PF00593_AND_PF07715,,626,,,,A0A1V9DE89,6,afdb:downloaded
btub_a0a1x0wdy3,btub_a0a1x0wdy3_afdb_v6,btub,btub,A0A1X0WDY3,,,raw_af2/AF-A0A1X0WDY3-F1-model_v6.pdb,,unknown,unknown,unknown,unknown,,,,false,,,AFDB,,train,bronze AFDB-only TBDT homolog from UniProt PF00593/PF07715 query; no experimental displacement label.,bronze_pseudo_or_self_supervised,bronze,0.1,UniProt,UniProt:PF00593_AND_PF07715,,624,,,,A0A1X0WDY3,6,afdb:downloaded
btub_a0a1x1dcv3,btub_a0a1x1dcv3_afdb_v6,btub,btub,A0A1X1DCV3,,,raw_af2/AF-A0A1X1DCV3-F1-model_v6.pdb,,unknown,unknown,unknown,unknown,,,,false,,,AFDB,,train,bronze AFDB-only TBDT homolog from UniProt PF00593/PF07715 query; no experimental displacement label.,bronze_pseudo_or_self_supervised,bronze,0.1,UniProt,UniProt:PF00593_AND_PF07715,,624,,,,A0A1X1DCV3,6,afdb:downloaded
btub_a0a210g2u3,btub_a0a210g2u3_afdb_v6,btub,btub,A0A210G2U3,,,raw_af2/AF-A0A210G2U3-F1-model_v6.pdb,,unknown,unknown,unknown,unknown,,,,false,,,AFDB,,test,bronze AFDB-only TBDT homolog from UniProt PF00593/PF07715 query; no experimental displacement label.,bronze_pseudo_or_self_supervised,bronze,0.1,UniProt,UniProt:PF00593_AND_PF07715,,614,,,,A0A210G2U3,6,afdb:downloaded
btub_a0a212is16,btub_a0a212is16_afdb_v6,btub,btub,A0A212IS16,,,raw_af2/AF-A0A212IS16-F1-model_v6.pdb,,unknown,unknown,unknown,unknown,,,,false,,,AFDB,,train,bronze AFDB-only TBDT homolog from UniProt PF00593/PF07715 query; no experimental displacement label.,bronze_pseudo_or_self_supervised,bronze,0.1,UniProt,UniProt:PF00593_AND_PF07715,,618,,,,A0A212IS16,6,afdb:downloaded
btub_a0a250b8f8,btub_a0a250b8f8_afdb_v6,btub,btub,A0A250B8F8,,,raw_af2/AF-A0A250B8F8-F1-model_v6.pdb,,unknown,unknown,unknown,unknown,,,,false,,,AFDB,,train,bronze AFDB-only TBDT homolog from UniProt PF00593/PF07715 query; no experimental displacement label.,bronze_pseudo_or_self_supervised,bronze,0.1,UniProt,UniProt:PF00593_AND_PF07715,,622,,,,A0A250B8F8,6,afdb:downloaded
btub_a0a2a5mfd3,btub_a0a2a5mfd3_afdb_v6,btub,btub,A0A2A5MFD3,,,raw_af2/AF-A0A2A5MFD3-F1-model_v6.pdb,,unknown,unknown,unknown,unknown,,,,false,,,AFDB,,train,bronze AFDB-only TBDT homolog from UniProt PF00593/PF07715 query; no experimental displacement label.,bronze_pseudo_or_self_supervised,bronze,0.1,UniProt,UniProt:PF00593_AND_PF07715,,612,,,,A0A2A5MFD3,6,afdb:downloaded
btub_a0a2a6q273,btub_a0a2a6q273_afdb_v6,btub,btub,A0A2A6Q273,,,raw_af2/AF-A0A2A6Q273-F1-model_v6.pdb,,unknown,unknown,unknown,unknown,,,,false,,,AFDB,,train,bronze AFDB-only TBDT homolog from UniProt PF00593/PF07715 query; no experimental displacement label.,bronze_pseudo_or_self_supervised,bronze,0.1,UniProt,UniProt:PF00593_AND_PF07715,,614,,,,A0A2A6Q273,6,afdb:downloaded
btub_a0a2c9p5b6,btub_a0a2c9p5b6_afdb_v6,btub,btub,A0A2C9P5B6,,,raw_af2/AF-A0A2C9P5B6-F1-model_v6.pdb,,unknown,unknown,unknown,unknown,,,,false,,,AFDB,,train,bronze AFDB-only TBDT homolog from UniProt PF00593/PF07715 query; no experimental displacement label.,bronze_pseudo_or_self_supervised,bronze,0.1,UniProt,UniProt:PF00593_AND_PF07715,,614,,,,A0A2C9P5B6,6,afdb:downloaded
btub_a0a2d0kfv3,btub_a0a2d0kfv3_afdb_v6,btub,btub,A0A2D0KFV3,,,raw_af2/AF-A0A2D0KFV3-F1-model_v6.pdb,,unknown,unknown,unknown,unknown,,,,false,,,AFDB,,val,bronze AFDB-only TBDT homolog from UniProt PF00593/PF07715 query; no experimental displacement label.,bronze_pseudo_or_self_supervised,bronze,0.1,UniProt,UniProt:PF00593_AND_PF07715,,612,,,,A0A2D0KFV3,6,afdb:downloaded
btub_a0a2g0qei2,btub_a0a2g0qei2_afdb_v6,btub,btub,A0A2G0QEI2,,,raw_af2/AF-A0A2G0QEI2-F1-model_v6.pdb,,unknown,unknown,unknown,unknown,,,,false,,,AFDB,,train,bronze AFDB-only TBDT homolog from UniProt PF00593/PF07715 query; no experimental displacement label.,bronze_pseudo_or_self_supervised,bronze,0.1,UniProt,UniProt:PF00593_AND_PF07715,,657,,,,A0A2G0QEI2,6,afdb:downloaded
btub_a0a2k3trj0,btub_a0a2k3trj0_afdb_v6,btub,btub,A0A2K3TRJ0,,,raw_af2/AF-A0A2K3TRJ0-F1-model_v6.pdb,,unknown,unknown,unknown,unknown,,,,false,,,AFDB,,train,bronze AFDB-only TBDT homolog from UniProt PF00593/PF07715 query; no experimental displacement label.,bronze_pseudo_or_self_supervised,bronze,0.1,UniProt,UniProt:PF00593_AND_PF07715,,614,,,,A0A2K3TRJ0,6,afdb:downloaded
btub_a0a2n5ekz9,btub_a0a2n5ekz9_afdb_v6,btub,btub,A0A2N5EKZ9,,,raw_af2/AF-A0A2N5EKZ9-F1-model_v6.pdb,,unknown,unknown,unknown,unknown,,,,false,,,AFDB,,test,bronze AFDB-only TBDT homolog from UniProt PF00593/PF07715 query; no experimental displacement label.,bronze_pseudo_or_self_supervised,bronze,0.1,UniProt,UniProt:PF00593_AND_PF07715,,626,,,,A0A2N5EKZ9,6,afdb:downloaded
btub_a0a2p1vrx2,btub_a0a2p1vrx2_afdb_v6,btub,btub,A0A2P1VRX2,,,raw_af2/AF-A0A2P1VRX2-F1-model_v6.pdb,,unknown,unknown,unknown,unknown,,,,false,,,AFDB,,train,bronze AFDB-only TBDT homolog from UniProt PF00593/PF07715 query; no experimental displacement label.,bronze_pseudo_or_self_supervised,bronze,0.1,UniProt,UniProt:PF00593_AND_PF07715,,623,,,,A0A2P1VRX2,6,afdb:downloaded
btub_a0a2p5gld7,btub_a0a2p5gld7_afdb_v6,btub,btub,A0A2P5GLD7,,,raw_af2/AF-A0A2P5GLD7-F1-model_v6.pdb,,unknown,unknown,unknown,unknown,,,,false,,,AFDB,,train,bronze AFDB-only TBDT homolog from UniProt PF00593/PF07715 query; no experimental displacement label.,bronze_pseudo_or_self_supervised,bronze,0.1,UniProt,UniProt:PF00593_AND_PF07715,,616,,,,A0A2P5GLD7,6,afdb:downloaded
btub_a0a2s6jzx3,btub_a0a2s6jzx3_afdb_v6,btub,btub,A0A2S6JZX3,,,raw_af2/AF-A0A2S6JZX3-F1-model_v6.pdb,,unknown,unknown,unknown,unknown,,,,false,,,AFDB,,val,bronze AFDB-only TBDT homolog from UniProt PF00593/PF07715 query; no experimental displacement label.,bronze_pseudo_or_self_supervised,bronze,0.1,UniProt,UniProt:PF00593_AND_PF07715,,612,,,,A0A2S6JZX3,6,afdb:downloaded
btub_a0a2t2xyk7,btub_a0a2t2xyk7_afdb_v6,btub,btub,A0A2T2XYK7,,,raw_af2/AF-A0A2T2XYK7-F1-model_v6.pdb,,unknown,unknown,unknown,unknown,,,,false,,,AFDB,,train,bronze AFDB-only TBDT homolog from UniProt PF00593/PF07715 query; no experimental displacement label.,bronze_pseudo_or_self_supervised,bronze,0.1,UniProt,UniProt:PF00593_AND_PF07715,,618,,,,A0A2T2XYK7,6,afdb:downloaded
btub_a0a2t4xu40,btub_a0a2t4xu40_afdb_v6,btub,btub,A0A2T4XU40,,,raw_af2/AF-A0A2T4XU40-F1-model_v6.pdb,,unknown,unknown,unknown,unknown,,,,false,,,AFDB,,train,bronze AFDB-only TBDT homolog from UniProt PF00593/PF07715 query; no experimental displacement label.,bronze_pseudo_or_self_supervised,bronze,0.1,UniProt,UniProt:PF00593_AND_PF07715,,617,,,,A0A2T4XU40,6,afdb:downloaded
btub_a0a2t6wzu6,btub_a0a2t6wzu6_afdb_v6,btub,btub,A0A2T6WZU6,,,raw_af2/AF-A0A2T6WZU6-F1-model_v6.pdb,,unknown,unknown,unknown,unknown,,,,false,,,AFDB,,train,bronze AFDB-only TBDT homolog from UniProt PF00593/PF07715 query; no experimental displacement label.,bronze_pseudo_or_self_supervised,bronze,0.1,UniProt,UniProt:PF00593_AND_PF07715,,614,,,,A0A2T6WZU6,6,afdb:downloaded
btub_a0a2t9q536,btub_a0a2t9q536_afdb_v6,btub,btub,A0A2T9Q536,,,raw_af2/AF-A0A2T9Q536-F1-model_v6.pdb,,unknown,unknown,unknown,unknown,,,,false,,,AFDB,,test,bronze AFDB-only TBDT homolog from UniProt PF00593/PF07715 query; no experimental displacement label.,bronze_pseudo_or_self_supervised,bronze,0.1,UniProt,UniProt:PF00593_AND_PF07715,,614,,,,A0A2T9Q536,6,afdb:downloaded
btub_a0a2u1tjx1,btub_a0a2u1tjx1_afdb_v6,btub,btub,A0A2U1TJX1,,,raw_af2/AF-A0A2U1TJX1-F1-model_v6.pdb,,unknown,unknown,unknown,unknown,,,,false,,,AFDB,,train,bronze AFDB-only TBDT homolog from UniProt PF00593/PF07715 query; no experimental displacement label.,bronze_pseudo_or_self_supervised,bronze,0.1,UniProt,UniProt:PF00593_AND_PF07715,,625,,,,A0A2U1TJX1,6,afdb:downloaded
btub_a0a2u1uqp7,btub_a0a2u1uqp7_afdb_v6,btub,btub,A0A2U1UQP7,,,raw_af2/AF-A0A2U1UQP7-F1-model_v6.pdb,,unknown,unknown,unknown,unknown,,,,false,,,AFDB,,train,bronze AFDB-only TBDT homolog from UniProt PF00593/PF07715 query; no experimental displacement label.,bronze_pseudo_or_self_supervised,bronze,0.1,UniProt,UniProt:PF00593_AND_PF07715,,620,,,,A0A2U1UQP7,6,afdb:downloaded
btub_a0a2w6pgj8,btub_a0a2w6pgj8_afdb_v6,btub,btub,A0A2W6PGJ8,,,raw_af2/AF-A0A2W6PGJ8-F1-model_v6.pdb,,unknown,unknown,unknown,unknown,,,,false,,,AFDB,,val,bronze AFDB-only TBDT homolog from UniProt PF00593/PF07715 query; no experimental displacement label.,bronze_pseudo_or_self_supervised,bronze,0.1,UniProt,UniProt:PF00593_AND_PF07715,,627,,,,A0A2W6PGJ8,6,afdb:downloaded
btub_a0a318fi74,btub_a0a318fi74_afdb_v6,btub,btub,A0A318FI74,,,raw_af2/AF-A0A318FI74-F1-model_v6.pdb,,unknown,unknown,unknown,unknown,,,,false,,,AFDB,,train,bronze AFDB-only TBDT homolog from UniProt PF00593/PF07715 query; no experimental displacement label.,bronze_pseudo_or_self_supervised,bronze,0.1,UniProt,UniProt:PF00593_AND_PF07715,,618,,,,A0A318FI74,6,afdb:downloaded
btub_a0a330gdv7,btub_a0a330gdv7_afdb_v6,btub,btub,A0A330GDV7,,,raw_af2/AF-A0A330GDV7-F1-model_v6.pdb,,unknown,unknown,unknown,unknown,,,,false,,,AFDB,,train,bronze AFDB-only TBDT homolog from UniProt PF00593/PF07715 query; no experimental displacement label.,bronze_pseudo_or_self_supervised,bronze,0.1,UniProt,UniProt:PF00593_AND_PF07715,,615,,,,A0A330GDV7,6,afdb:downloaded
btub_a0a377ffw4,btub_a0a377ffw4_afdb_v6,btub,btub,A0A377FFW4,,,raw_af2/AF-A0A377FFW4-F1-model_v6.pdb,,unknown,unknown,unknown,unknown,,,,false,,,AFDB,,train,bronze AFDB-only TBDT homolog from UniProt PF00593/PF07715 query; no experimental displacement label.,bronze_pseudo_or_self_supervised,bronze,0.1,UniProt,UniProt:PF00593_AND_PF07715,,614,,,,A0A377FFW4,6,afdb:downloaded
btub_a0a379qs27,btub_a0a379qs27_afdb_v6,btub,btub,A0A379QS27,,,raw_af2/AF-A0A379QS27-F1-model_v6.pdb,,unknown,unknown,unknown,unknown,,,,false,,,AFDB,,train,bronze AFDB-only TBDT homolog from UniProt PF00593/PF07715 query; no experimental displacement label.,bronze_pseudo_or_self_supervised,bronze,0.1,UniProt,UniProt:PF00593_AND_PF07715,,614,,,,A0A379QS27,6,afdb:downloaded
btub_a0a380qeg8,btub_a0a380qeg8_afdb_v6,btub,btub,A0A380QEG8,,,raw_af2/AF-A0A380QEG8-F1-model_v6.pdb,,unknown,unknown,unknown,unknown,,,,false,,,AFDB,,train,bronze AFDB-only TBDT homolog from UniProt PF00593/PF07715 query; no experimental displacement label.,bronze_pseudo_or_self_supervised,bronze,0.1,UniProt,UniProt:PF00593_AND_PF07715,,633,,,,A0A380QEG8,6,afdb:downloaded
btub_a0a3j4miq5,btub_a0a3j4miq5_afdb_v6,btub,btub,A0A3J4MIQ5,,,raw_af2/AF-A0A3J4MIQ5-F1-model_v6.pdb,,unknown,unknown,unknown,unknown,,,,false,,,AFDB,,train,bronze AFDB-only TBDT homolog from UniProt PF00593/PF07715 query; no experimental displacement label.,bronze_pseudo_or_self_supervised,bronze,0.1,UniProt,UniProt:PF00593_AND_PF07715,,618,,,,A0A3J4MIQ5,6,afdb:downloaded
btub_a0a3l5h6q7,btub_a0a3l5h6q7_afdb_v6,btub,btub,A0A3L5H6Q7,,,raw_af2/AF-A0A3L5H6Q7-F1-model_v6.pdb,,unknown,unknown,unknown,unknown,,,,false,,,AFDB,,test,bronze AFDB-only TBDT homolog from UniProt PF00593/PF07715 query; no experimental displacement label.,bronze_pseudo_or_self_supervised,bronze,0.1,UniProt,UniProt:PF00593_AND_PF07715,,614,,,,A0A3L5H6Q7,6,afdb:downloaded
btub_a0a3n2s129,btub_a0a3n2s129_afdb_v6,btub,btub,A0A3N2S129,,,raw_af2/AF-A0A3N2S129-F1-model_v6.pdb,,unknown,unknown,unknown,unknown,,,,false,,,AFDB,,train,bronze AFDB-only TBDT homolog from UniProt PF00593/PF07715 query; no experimental displacement label.,bronze_pseudo_or_self_supervised,bronze,0.1,UniProt,UniProt:PF00593_AND_PF07715,,627,,,,A0A3N2S129,6,afdb:downloaded
btub_a0a3r1b4t9,btub_a0a3r1b4t9_afdb_v6,btub,btub,A0A3R1B4T9,,,raw_af2/AF-A0A3R1B4T9-F1-model_v6.pdb,,unknown,unknown,unknown,unknown,,,,false,,,AFDB,,train,bronze AFDB-only TBDT homolog from UniProt PF00593/PF07715 query; no experimental displacement label.,bronze_pseudo_or_self_supervised,bronze,0.1,UniProt,UniProt:PF00593_AND_PF07715,,614,,,,A0A3R1B4T9,6,afdb:downloaded
btub_a0a3r9aig8,btub_a0a3r9aig8_afdb_v6,btub,btub,A0A3R9AIG8,,,raw_af2/AF-A0A3R9AIG8-F1-model_v6.pdb,,unknown,unknown,unknown,unknown,,,,false,,,AFDB,,train,bronze AFDB-only TBDT homolog from UniProt PF00593/PF07715 query; no experimental displacement label.,bronze_pseudo_or_self_supervised,bronze,0.1,UniProt,UniProt:PF00593_AND_PF07715,,612,,,,A0A3R9AIG8,6,afdb:downloaded
btub_a0a3s4gyy1,btub_a0a3s4gyy1_afdb_v6,btub,btub,A0A3S4GYY1,,,raw_af2/AF-A0A3S4GYY1-F1-model_v6.pdb,,unknown,unknown,unknown,unknown,,,,false,,,AFDB,,train,bronze AFDB-only TBDT homolog from UniProt PF00593/PF07715 query; no experimental displacement label.,bronze_pseudo_or_self_supervised,bronze,0.1,UniProt,UniProt:PF00593_AND_PF07715,,590,,,,A0A3S4GYY1,6,afdb:downloaded
btub_a0a3s4m6q7,btub_a0a3s4m6q7_afdb_v6,btub,btub,A0A3S4M6Q7,,,raw_af2/AF-A0A3S4M6Q7-F1-model_v6.pdb,,unknown,unknown,unknown,unknown,,,,false,,,AFDB,,train,bronze AFDB-only TBDT homolog from UniProt PF00593/PF07715 query; no experimental displacement label.,bronze_pseudo_or_self_supervised,bronze,0.1,UniProt,UniProt:PF00593_AND_PF07715,,622,,,,A0A3S4M6Q7,6,afdb:downloaded
btub_a0a3u8jnr6,btub_a0a3u8jnr6_afdb_v6,btub,btub,A0A3U8JNR6,,,raw_af2/AF-A0A3U8JNR6-F1-model_v6.pdb,,unknown,unknown,unknown,unknown,,,,false,,,AFDB,,train,bronze AFDB-only TBDT homolog from UniProt PF00593/PF07715 query; no experimental displacement label.,bronze_pseudo_or_self_supervised,bronze,0.1,UniProt,UniProt:PF00593_AND_PF07715,,614,,,,A0A3U8JNR6,6,afdb:downloaded
btub_a0a3u8l4g6,btub_a0a3u8l4g6_afdb_v6,btub,btub,A0A3U8L4G6,,,raw_af2/AF-A0A3U8L4G6-F1-model_v6.pdb,,unknown,unknown,unknown,unknown,,,,false,,,AFDB,,train,bronze AFDB-only TBDT homolog from UniProt PF00593/PF07715 query; no experimental displacement label.,bronze_pseudo_or_self_supervised,bronze,0.1,UniProt,UniProt:PF00593_AND_PF07715,,614,,,,A0A3U8L4G6,6,afdb:downloaded
btub_a0a3u8mpn0,btub_a0a3u8mpn0_afdb_v6,btub,btub,A0A3U8MPN0,,,raw_af2/AF-A0A3U8MPN0-F1-model_v6.pdb,,unknown,unknown,unknown,unknown,,,,false,,,AFDB,,train,bronze AFDB-only TBDT homolog from UniProt PF00593/PF07715 query; no experimental displacement label.,bronze_pseudo_or_self_supervised,bronze,0.1,UniProt,UniProt:PF00593_AND_PF07715,,614,,,,A0A3U8MPN0,6,afdb:downloaded
btub_a0a3v3u712,btub_a0a3v3u712_afdb_v6,btub,btub,A0A3V3U712,,,raw_af2/AF-A0A3V3U712-F1-model_v6.pdb,,unknown,unknown,unknown,unknown,,,,false,,,AFDB,,train,bronze AFDB-only TBDT homolog from UniProt PF00593/PF07715 query; no experimental displacement label.,bronze_pseudo_or_self_supervised,bronze,0.1,UniProt,UniProt:PF00593_AND_PF07715,,614,,,,A0A3V3U712,6,afdb:downloaded
btub_a0a3v4r1h0,btub_a0a3v4r1h0_afdb_v6,btub,btub,A0A3V4R1H0,,,raw_af2/AF-A0A3V4R1H0-F1-model_v6.pdb,,unknown,unknown,unknown,unknown,,,,false,,,AFDB,,train,bronze AFDB-only TBDT homolog from UniProt PF00593/PF07715 query; no experimental displacement label.,bronze_pseudo_or_self_supervised,bronze,0.1,UniProt,UniProt:PF00593_AND_PF07715,,618,,,,A0A3V4R1H0,6,afdb:downloaded
btub_a0a3v8kqz3,btub_a0a3v8kqz3_afdb_v6,btub,btub,A0A3V8KQZ3,,,raw_af2/AF-A0A3V8KQZ3-F1-model_v6.pdb,,unknown,unknown,unknown,unknown,,,,false,,,AFDB,,train,bronze AFDB-only TBDT homolog from UniProt PF00593/PF07715 query; no experimental displacement label.,bronze_pseudo_or_self_supervised,bronze,0.1,UniProt,UniProt:PF00593_AND_PF07715,,614,,,,A0A3V8KQZ3,6,afdb:downloaded
btub_a0a3v9nqx4,btub_a0a3v9nqx4_afdb_v6,btub,btub,A0A3V9NQX4,,,raw_af2/AF-A0A3V9NQX4-F1-model_v6.pdb,,unknown,unknown,unknown,unknown,,,,false,,,AFDB,,val,bronze AFDB-only TBDT homolog from UniProt PF00593/PF07715 query; no experimental displacement label.,bronze_pseudo_or_self_supervised,bronze,0.1,UniProt,UniProt:PF00593_AND_PF07715,,614,,,,A0A3V9NQX4,6,afdb:downloaded
btub_a0a3y2dfx9,btub_a0a3y2dfx9_afdb_v6,btub,btub,A0A3Y2DFX9,,,raw_af2/AF-A0A3Y2DFX9-F1-model_v6.pdb,,unknown,unknown,unknown,unknown,,,,false,,,AFDB,,test,bronze AFDB-only TBDT homolog from UniProt PF00593/PF07715 query; no experimental displacement label.,bronze_pseudo_or_self_supervised,bronze,0.1,UniProt,UniProt:PF00593_AND_PF07715,,614,,,,A0A3Y2DFX9,6,afdb:downloaded
btub_a0a3y4qcp1,btub_a0a3y4qcp1_afdb_v6,btub,btub,A0A3Y4QCP1,,,raw_af2/AF-A0A3Y4QCP1-F1-model_v6.pdb,,unknown,unknown,unknown,unknown,,,,false,,,AFDB,,train,bronze AFDB-only TBDT homolog from UniProt PF00593/PF07715 query; no experimental displacement label.,bronze_pseudo_or_self_supervised,bronze,0.1,UniProt,UniProt:PF00593_AND_PF07715,,614,,,,A0A3Y4QCP1,6,afdb:downloaded
btub_a0a3z4jmz7,btub_a0a3z4jmz7_afdb_v6,btub,btub,A0A3Z4JMZ7,,,raw_af2/AF-A0A3Z4JMZ7-F1-model_v6.pdb,,unknown,unknown,unknown,unknown,,,,false,,,AFDB,,train,bronze AFDB-only TBDT homolog from UniProt PF00593/PF07715 query; no experimental displacement label.,bronze_pseudo_or_self_supervised,bronze,0.1,UniProt,UniProt:PF00593_AND_PF07715,,614,,,,A0A3Z4JMZ7,6,afdb:downloaded
btub_a0a3z7whb5,btub_a0a3z7whb5_afdb_v6,btub,btub,A0A3Z7WHB5,,,raw_af2/AF-A0A3Z7WHB5-F1-model_v6.pdb,,unknown,unknown,unknown,unknown,,,,false,,,AFDB,,train,bronze AFDB-only TBDT homolog from UniProt PF00593/PF07715 query; no experimental displacement label.,bronze_pseudo_or_self_supervised,bronze,0.1,UniProt,UniProt:PF00593_AND_PF07715,,614,,,,A0A3Z7WHB5,6,afdb:downloaded
btub_a0a402suz8,btub_a0a402suz8_afdb_v6,btub,btub,A0A402SUZ8,,,raw_af2/AF-A0A402SUZ8-F1-model_v6.pdb,,unknown,unknown,unknown,unknown,,,,false,,,AFDB,,test,bronze AFDB-only TBDT homolog from UniProt PF00593/PF07715 query; no experimental displacement label.,bronze_pseudo_or_self_supervised,bronze,0.1,UniProt,UniProt:PF00593_AND_PF07715,,614,,,,A0A402SUZ8,6,afdb:downloaded
btub_a0a482ps23,btub_a0a482ps23_afdb_v6,btub,btub,A0A482PS23,,,raw_af2/AF-A0A482PS23-F1-model_v6.pdb,,unknown,unknown,unknown,unknown,,,,false,,,AFDB,,val,bronze AFDB-only TBDT homolog from UniProt PF00593/PF07715 query; no experimental displacement label.,bronze_pseudo_or_self_supervised,bronze,0.1,UniProt,UniProt:PF00593_AND_PF07715,,612,,,,A0A482PS23,6,afdb:downloaded
btub_a0a486tw11,btub_a0a486tw11_afdb_v6,btub,btub,A0A486TW11,,,raw_af2/AF-A0A486TW11-F1-model_v6.pdb,,unknown,unknown,unknown,unknown,,,,false,,,AFDB,,train,bronze AFDB-only TBDT homolog from UniProt PF00593/PF07715 query; no experimental displacement label.,bronze_pseudo_or_self_supervised,bronze,0.1,UniProt,UniProt:PF00593_AND_PF07715,,612,,,,A0A486TW11,6,afdb:downloaded
btub_a0a486uv04,btub_a0a486uv04_afdb_v6,btub,btub,A0A486UV04,,,raw_af2/AF-A0A486UV04-F1-model_v6.pdb,,unknown,unknown,unknown,unknown,,,,false,,,AFDB,,train,bronze AFDB-only TBDT homolog from UniProt PF00593/PF07715 query; no experimental displacement label.,bronze_pseudo_or_self_supervised,bronze,0.1,UniProt,UniProt:PF00593_AND_PF07715,,612,,,,A0A486UV04,6,afdb:downloaded
btub_a0a486w1d3,btub_a0a486w1d3_afdb_v6,btub,btub,A0A486W1D3,,,raw_af2/AF-A0A486W1D3-F1-model_v6.pdb,,unknown,unknown,unknown,unknown,,,,false,,,AFDB,,train,bronze AFDB-only TBDT homolog from UniProt PF00593/PF07715 query; no experimental displacement label.,bronze_pseudo_or_self_supervised,bronze,0.1,UniProt,UniProt:PF00593_AND_PF07715,,612,,,,A0A486W1D3,6,afdb:downloaded
btub_a0a486x1h0,btub_a0a486x1h0_afdb_v6,btub,btub,A0A486X1H0,,,raw_af2/AF-A0A486X1H0-F1-model_v6.pdb,,unknown,unknown,unknown,unknown,,,,false,,,AFDB,,train,bronze AFDB-only TBDT homolog from UniProt PF00593/PF07715 query; no experimental displacement label.,bronze_pseudo_or_self_supervised,bronze,0.1,UniProt,UniProt:PF00593_AND_PF07715,,614,,,,A0A486X1H0,6,afdb:downloaded
btub_a0a4d6pbv9,btub_a0a4d6pbv9_afdb_v6,btub,btub,A0A4D6PBV9,,,raw_af2/AF-A0A4D6PBV9-F1-model_v6.pdb,,unknown,unknown,unknown,unknown,,,,false,,,AFDB,,train,bronze AFDB-only TBDT homolog from UniProt PF00593/PF07715 query; no experimental displacement label.,bronze_pseudo_or_self_supervised,bronze,0.1,UniProt,UniProt:PF00593_AND_PF07715,,614,,,,A0A4D6PBV9,6,afdb:downloaded
btub_a0a4r4ir58,btub_a0a4r4ir58_afdb_v6,btub,btub,A0A4R4IR58,,,raw_af2/AF-A0A4R4IR58-F1-model_v6.pdb,,unknown,unknown,unknown,unknown,,,,false,,,AFDB,,test,bronze AFDB-only TBDT homolog from UniProt PF00593/PF07715 query; no experimental displacement label.,bronze_pseudo_or_self_supervised,bronze,0.1,UniProt,UniProt:PF00593_AND_PF07715,,621,,,,A0A4R4IR58,6,afdb:downloaded
btub_a0a4u8ihn0,btub_a0a4u8ihn0_afdb_v6,btub,btub,A0A4U8IHN0,,,raw_af2/AF-A0A4U8IHN0-F1-model_v6.pdb,,unknown,unknown,unknown,unknown,,,,false,,,AFDB,,train,bronze AFDB-only TBDT homolog from UniProt PF00593/PF07715 query; no experimental displacement label.,bronze_pseudo_or_self_supervised,bronze,0.1,UniProt,UniProt:PF00593_AND_PF07715,,614,,,,A0A4U8IHN0,6,afdb:downloaded
btub_a0a4u8lg34,btub_a0a4u8lg34_afdb_v6,btub,btub,A0A4U8LG34,,,raw_af2/AF-A0A4U8LG34-F1-model_v6.pdb,,unknown,unknown,unknown,unknown,,,,false,,,AFDB,,train,bronze AFDB-only TBDT homolog from UniProt PF00593/PF07715 query; no experimental displacement label.,bronze_pseudo_or_self_supervised,bronze,0.1,UniProt,UniProt:PF00593_AND_PF07715,,614,,,,A0A4U8LG34,6,afdb:downloaded
btub_a0a4y6n8u2,btub_a0a4y6n8u2_afdb_v6,btub,btub,A0A4Y6N8U2,,,raw_af2/AF-A0A4Y6N8U2-F1-model_v6.pdb,,unknown,unknown,unknown,unknown,,,,false,,,AFDB,,train,bronze AFDB-only TBDT homolog from UniProt PF00593/PF07715 query; no experimental displacement label.,bronze_pseudo_or_self_supervised,bronze,0.1,UniProt,UniProt:PF00593_AND_PF07715,,614,,,,A0A4Y6N8U2,6,afdb:downloaded
btub_a0a509cr00,btub_a0a509cr00_afdb_v6,btub,btub,A0A509CR00,,,raw_af2/AF-A0A509CR00-F1-model_v6.pdb,,unknown,unknown,unknown,unknown,,,,false,,,AFDB,,val,bronze AFDB-only TBDT homolog from UniProt PF00593/PF07715 query; no experimental displacement label.,bronze_pseudo_or_self_supervised,bronze,0.1,UniProt,UniProt:PF00593_AND_PF07715,,614,,,,A0A509CR00,6,afdb:downloaded
btub_a0a515d2v9,btub_a0a515d2v9_afdb_v6,btub,btub,A0A515D2V9,,,raw_af2/AF-A0A515D2V9-F1-model_v6.pdb,,unknown,unknown,unknown,unknown,,,,false,,,AFDB,,test,bronze AFDB-only TBDT homolog from UniProt PF00593/PF07715 query; no experimental displacement label.,bronze_pseudo_or_self_supervised,bronze,0.1,UniProt,UniProt:PF00593_AND_PF07715,,623,,,,A0A515D2V9,6,afdb:downloaded
btub_a0a5d1vu27,btub_a0a5d1vu27_afdb_v6,btub,btub,A0A5D1VU27,,,raw_af2/AF-A0A5D1VU27-F1-model_v6.pdb,,unknown,unknown,unknown,unknown,,,,false,,,AFDB,,train,bronze AFDB-only TBDT homolog from UniProt PF00593/PF07715 query; no experimental displacement label.,bronze_pseudo_or_self_supervised,bronze,0.1,UniProt,UniProt:PF00593_AND_PF07715,,622,,,,A0A5D1VU27,6,afdb:downloaded
btub_a0a5h7d6s3,btub_a0a5h7d6s3_afdb_v6,btub,btub,A0A5H7D6S3,,,raw_af2/AF-A0A5H7D6S3-F1-model_v6.pdb,,unknown,unknown,unknown,unknown,,,,false,,,AFDB,,val,bronze AFDB-only TBDT homolog from UniProt PF00593/PF07715 query; no experimental displacement label.,bronze_pseudo_or_self_supervised,bronze,0.1,UniProt,UniProt:PF00593_AND_PF07715,,614,,,,A0A5H7D6S3,6,afdb:downloaded
btub_a0a5h8hh13,btub_a0a5h8hh13_afdb_v6,btub,btub,A0A5H8HH13,,,raw_af2/AF-A0A5H8HH13-F1-model_v6.pdb,,unknown,unknown,unknown,unknown,,,,false,,,AFDB,,train,bronze AFDB-only TBDT homolog from UniProt PF00593/PF07715 query; no experimental displacement label.,bronze_pseudo_or_self_supervised,bronze,0.1,UniProt,UniProt:PF00593_AND_PF07715,,614,,,,A0A5H8HH13,6,afdb:downloaded
btub_a0a5h8nky7,btub_a0a5h8nky7_afdb_v6,btub,btub,A0A5H8NKY7,,,raw_af2/AF-A0A5H8NKY7-F1-model_v6.pdb,,unknown,unknown,unknown,unknown,,,,false,,,AFDB,,train,bronze AFDB-only TBDT homolog from UniProt PF00593/PF07715 query; no experimental displacement label.,bronze_pseudo_or_self_supervised,bronze,0.1,UniProt,UniProt:PF00593_AND_PF07715,,614,,,,A0A5H8NKY7,6,afdb:downloaded
btub_a0a5i0cxr7,btub_a0a5i0cxr7_afdb_v6,btub,btub,A0A5I0CXR7,,,raw_af2/AF-A0A5I0CXR7-F1-model_v6.pdb,,unknown,unknown,unknown,unknown,,,,false,,,AFDB,,train,bronze AFDB-only TBDT homolog from UniProt PF00593/PF07715 query; no experimental displacement label.,bronze_pseudo_or_self_supervised,bronze,0.1,UniProt,UniProt:PF00593_AND_PF07715,,614,,,,A0A5I0CXR7,6,afdb:downloaded
btub_a0a5i0miz5,btub_a0a5i0miz5_afdb_v6,btub,btub,A0A5I0MIZ5,,,raw_af2/AF-A0A5I0MIZ5-F1-model_v6.pdb,,unknown,unknown,unknown,unknown,,,,false,,,AFDB,,train,bronze AFDB-only TBDT homolog from UniProt PF00593/PF07715 query; no experimental displacement label.,bronze_pseudo_or_self_supervised,bronze,0.1,UniProt,UniProt:PF00593_AND_PF07715,,614,,,,A0A5I0MIZ5,6,afdb:downloaded
btub_a0a5i2u9a2,btub_a0a5i2u9a2_afdb_v6,btub,btub,A0A5I2U9A2,,,raw_af2/AF-A0A5I2U9A2-F1-model_v6.pdb,,unknown,unknown,unknown,unknown,,,,false,,,AFDB,,train,bronze AFDB-only TBDT homolog from UniProt PF00593/PF07715 query; no experimental displacement label.,bronze_pseudo_or_self_supervised,bronze,0.1,UniProt,UniProt:PF00593_AND_PF07715,,614,,,,A0A5I2U9A2,6,afdb:downloaded
btub_a0a5i3f0g1,btub_a0a5i3f0g1_afdb_v6,btub,btub,A0A5I3F0G1,,,raw_af2/AF-A0A5I3F0G1-F1-model_v6.pdb,,unknown,unknown,unknown,unknown,,,,false,,,AFDB,,test,bronze AFDB-only TBDT homolog from UniProt PF00593/PF07715 query; no experimental displacement label.,bronze_pseudo_or_self_supervised,bronze,0.1,UniProt,UniProt:PF00593_AND_PF07715,,614,,,,A0A5I3F0G1,6,afdb:downloaded
btub_a0a5i3rcl1,btub_a0a5i3rcl1_afdb_v6,btub,btub,A0A5I3RCL1,,,raw_af2/AF-A0A5I3RCL1-F1-model_v6.pdb,,unknown,unknown,unknown,unknown,,,,false,,,AFDB,,train,bronze AFDB-only TBDT homolog from UniProt PF00593/PF07715 query; no experimental displacement label.,bronze_pseudo_or_self_supervised,bronze,0.1,UniProt,UniProt:PF00593_AND_PF07715,,614,,,,A0A5I3RCL1,6,afdb:downloaded
btub_a0a5i3wcg9,btub_a0a5i3wcg9_afdb_v6,btub,btub,A0A5I3WCG9,,,raw_af2/AF-A0A5I3WCG9-F1-model_v6.pdb,,unknown,unknown,unknown,unknown,,,,false,,,AFDB,,test,bronze AFDB-only TBDT homolog from UniProt PF00593/PF07715 query; no experimental displacement label.,bronze_pseudo_or_self_supervised,bronze,0.1,UniProt,UniProt:PF00593_AND_PF07715,,614,,,,A0A5I3WCG9,6,afdb:downloaded
btub_a0a5i5dyw1,btub_a0a5i5dyw1_afdb_v6,btub,btub,A0A5I5DYW1,,,raw_af2/AF-A0A5I5DYW1-F1-model_v6.pdb,,unknown,unknown,unknown,unknown,,,,false,,,AFDB,,train,bronze AFDB-only TBDT homolog from UniProt PF00593/PF07715 query; no experimental displacement label.,bronze_pseudo_or_self_supervised,bronze,0.1,UniProt,UniProt:PF00593_AND_PF07715,,614,,,,A0A5I5DYW1,6,afdb:downloaded
btub_a0a5i8gxu5,btub_a0a5i8gxu5_afdb_v6,btub,btub,A0A5I8GXU5,,,raw_af2/AF-A0A5I8GXU5-F1-model_v6.pdb,,unknown,unknown,unknown,unknown,,,,false,,,AFDB,,val,bronze AFDB-only TBDT homolog from UniProt PF00593/PF07715 query; no experimental displacement label.,bronze_pseudo_or_self_supervised,bronze,0.1,UniProt,UniProt:PF00593_AND_PF07715,,618,,,,A0A5I8GXU5,6,afdb:downloaded
btub_a0a5m9qxn0,btub_a0a5m9qxn0_afdb_v6,btub,btub,A0A5M9QXN0,,,raw_af2/AF-A0A5M9QXN0-F1-model_v6.pdb,,unknown,unknown,unknown,unknown,,,,false,,,AFDB,,test,bronze AFDB-only TBDT homolog from UniProt PF00593/PF07715 query; no experimental displacement label.,bronze_pseudo_or_self_supervised,bronze,0.1,UniProt,UniProt:PF00593_AND_PF07715,,627,,,,A0A5M9QXN0,6,afdb:downloaded
btub_a0a5t9r9t5,btub_a0a5t9r9t5_afdb_v6,btub,btub,A0A5T9R9T5,,,raw_af2/AF-A0A5T9R9T5-F1-model_v6.pdb,,unknown,unknown,unknown,unknown,,,,false,,,AFDB,,train,bronze AFDB-only TBDT homolog from UniProt PF00593/PF07715 query; no experimental displacement label.,bronze_pseudo_or_self_supervised,bronze,0.1,UniProt,UniProt:PF00593_AND_PF07715,,614,,,,A0A5T9R9T5,6,afdb:downloaded
btub_a0a5v0jva9,btub_a0a5v0jva9_afdb_v6,btub,btub,A0A5V0JVA9,,,raw_af2/AF-A0A5V0JVA9-F1-model_v6.pdb,,unknown,unknown,unknown,unknown,,,,false,,,AFDB,,train,bronze AFDB-only TBDT homolog from UniProt PF00593/PF07715 query; no experimental displacement label.,bronze_pseudo_or_self_supervised,bronze,0.1,UniProt,UniProt:PF00593_AND_PF07715,,614,,,,A0A5V0JVA9,6,afdb:downloaded
btub_a0a5v6q0u6,btub_a0a5v6q0u6_afdb_v6,btub,btub,A0A5V6Q0U6,,,raw_af2/AF-A0A5V6Q0U6-F1-model_v6.pdb,,unknown,unknown,unknown,unknown,,,,false,,,AFDB,,train,bronze AFDB-only TBDT homolog from UniProt PF00593/PF07715 query; no experimental displacement label.,bronze_pseudo_or_self_supervised,bronze,0.1,UniProt,UniProt:PF00593_AND_PF07715,,614,,,,A0A5V6Q0U6,6,afdb:downloaded
btub_a0a5v9glb5,btub_a0a5v9glb5_afdb_v6,btub,btub,A0A5V9GLB5,,,raw_af2/AF-A0A5V9GLB5-F1-model_v6.pdb,,unknown,unknown,unknown,unknown,,,,false,,,AFDB,,train,bronze AFDB-only TBDT homolog from UniProt PF00593/PF07715 query; no experimental displacement label.,bronze_pseudo_or_self_supervised,bronze,0.1,UniProt,UniProt:PF00593_AND_PF07715,,614,,,,A0A5V9GLB5,6,afdb:downloaded
btub_a0a5w0wk77,btub_a0a5w0wk77_afdb_v6,btub,btub,A0A5W0WK77,,,raw_af2/AF-A0A5W0WK77-F1-model_v6.pdb,,unknown,unknown,unknown,unknown,,,,false,,,AFDB,,train,bronze AFDB-only TBDT homolog from UniProt PF00593/PF07715 query; no experimental displacement label.,bronze_pseudo_or_self_supervised,bronze,0.1,UniProt,UniProt:PF00593_AND_PF07715,,614,,,,A0A5W0WK77,6,afdb:downloaded
btub_a0a5w2ab24,btub_a0a5w2ab24_afdb_v6,btub,btub,A0A5W2AB24,,,raw_af2/AF-A0A5W2AB24-F1-model_v6.pdb,,unknown,unknown,unknown,unknown,,,,false,,,AFDB,,val,bronze AFDB-only TBDT homolog from UniProt PF00593/PF07715 query; no experimental displacement label.,bronze_pseudo_or_self_supervised,bronze,0.1,UniProt,UniProt:PF00593_AND_PF07715,,614,,,,A0A5W2AB24,6,afdb:downloaded
btub_a0a5w3e7a2,btub_a0a5w3e7a2_afdb_v6,btub,btub,A0A5W3E7A2,,,raw_af2/AF-A0A5W3E7A2-F1-model_v6.pdb,,unknown,unknown,unknown,unknown,,,,false,,,AFDB,,train,bronze AFDB-only TBDT homolog from UniProt PF00593/PF07715 query; no experimental displacement label.,bronze_pseudo_or_self_supervised,bronze,0.1,UniProt,UniProt:PF00593_AND_PF07715,,614,,,,A0A5W3E7A2,6,afdb:downloaded
btub_a0a5w3f0b3,btub_a0a5w3f0b3_afdb_v6,btub,btub,A0A5W3F0B3,,,raw_af2/AF-A0A5W3F0B3-F1-model_v6.pdb,,unknown,unknown,unknown,unknown,,,,false,,,AFDB,,test,bronze AFDB-only TBDT homolog from UniProt PF00593/PF07715 query; no experimental displacement label.,bronze_pseudo_or_self_supervised,bronze,0.1,UniProt,UniProt:PF00593_AND_PF07715,,614,,,,A0A5W3F0B3,6,afdb:downloaded
btub_a0a5w6rq33,btub_a0a5w6rq33_afdb_v6,btub,btub,A0A5W6RQ33,,,raw_af2/AF-A0A5W6RQ33-F1-model_v6.pdb,,unknown,unknown,unknown,unknown,,,,false,,,AFDB,,train,bronze AFDB-only TBDT homolog from UniProt PF00593/PF07715 query; no experimental displacement label.,bronze_pseudo_or_self_supervised,bronze,0.1,UniProt,UniProt:PF00593_AND_PF07715,,614,,,,A0A5W6RQ33,6,afdb:downloaded
btub_a0a5w7yhy3,btub_a0a5w7yhy3_afdb_v6,btub,btub,A0A5W7YHY3,,,raw_af2/AF-A0A5W7YHY3-F1-model_v6.pdb,,unknown,unknown,unknown,unknown,,,,false,,,AFDB,,train,bronze AFDB-only TBDT homolog from UniProt PF00593/PF07715 query; no experimental displacement label.,bronze_pseudo_or_self_supervised,bronze,0.1,UniProt,UniProt:PF00593_AND_PF07715,,614,,,,A0A5W7YHY3,6,afdb:downloaded
btub_a0a5x6ejv5,btub_a0a5x6ejv5_afdb_v6,btub,btub,A0A5X6EJV5,,,raw_af2/AF-A0A5X6EJV5-F1-model_v6.pdb,,unknown,unknown,unknown,unknown,,,,false,,,AFDB,,test,bronze AFDB-only TBDT homolog from UniProt PF00593/PF07715 query; no experimental displacement label.,bronze_pseudo_or_self_supervised,bronze,0.1,UniProt,UniProt:PF00593_AND_PF07715,,614,,,,A0A5X6EJV5,6,afdb:downloaded
btub_a0a5y2j220,btub_a0a5y2j220_afdb_v6,btub,btub,A0A5Y2J220,,,raw_af2/AF-A0A5Y2J220-F1-model_v6.pdb,,unknown,unknown,unknown,unknown,,,,false,,,AFDB,,val,bronze AFDB-only TBDT homolog from UniProt PF00593/PF07715 query; no experimental displacement label.,bronze_pseudo_or_self_supervised,bronze,0.1,UniProt,UniProt:PF00593_AND_PF07715,,614,,,,A0A5Y2J220,6,afdb:downloaded
btub_a0a5y3a0r8,btub_a0a5y3a0r8_afdb_v6,btub,btub,A0A5Y3A0R8,,,raw_af2/AF-A0A5Y3A0R8-F1-model_v6.pdb,,unknown,unknown,unknown,unknown,,,,false,,,AFDB,,train,bronze AFDB-only TBDT homolog from UniProt PF00593/PF07715 query; no experimental displacement label.,bronze_pseudo_or_self_supervised,bronze,0.1,UniProt,UniProt:PF00593_AND_PF07715,,614,,,,A0A5Y3A0R8,6,afdb:downloaded
btub_a0a5y3buj8,btub_a0a5y3buj8_afdb_v6,btub,btub,A0A5Y3BUJ8,,,raw_af2/AF-A0A5Y3BUJ8-F1-model_v6.pdb,,unknown,unknown,unknown,unknown,,,,false,,,AFDB,,test,bronze AFDB-only TBDT homolog from UniProt PF00593/PF07715 query; no experimental displacement label.,bronze_pseudo_or_self_supervised,bronze,0.1,UniProt,UniProt:PF00593_AND_PF07715,,614,,,,A0A5Y3BUJ8,6,afdb:downloaded
btub_a0a5y4lfa5,btub_a0a5y4lfa5_afdb_v6,btub,btub,A0A5Y4LFA5,,,raw_af2/AF-A0A5Y4LFA5-F1-model_v6.pdb,,unknown,unknown,unknown,unknown,,,,false,,,AFDB,,train,bronze AFDB-only TBDT homolog from UniProt PF00593/PF07715 query; no experimental displacement label.,bronze_pseudo_or_self_supervised,bronze,0.1,UniProt,UniProt:PF00593_AND_PF07715,,614,,,,A0A5Y4LFA5,6,afdb:downloaded
btub_a0a5z7ba65,btub_a0a5z7ba65_afdb_v6,btub,btub,A0A5Z7BA65,,,raw_af2/AF-A0A5Z7BA65-F1-model_v6.pdb,,unknown,unknown,unknown,unknown,,,,false,,,AFDB,,train,bronze AFDB-only TBDT homolog from UniProt PF00593/PF07715 query; no experimental displacement label.,bronze_pseudo_or_self_supervised,bronze,0.1,UniProt,UniProt:PF00593_AND_PF07715,,614,,,,A0A5Z7BA65,6,afdb:downloaded
btub_a0a5z7u5l8,btub_a0a5z7u5l8_afdb_v6,btub,btub,A0A5Z7U5L8,,,raw_af2/AF-A0A5Z7U5L8-F1-model_v6.pdb,,unknown,unknown,unknown,unknown,,,,false,,,AFDB,,train,bronze AFDB-only TBDT homolog from UniProt PF00593/PF07715 query; no experimental displacement label.,bronze_pseudo_or_self_supervised,bronze,0.1,UniProt,UniProt:PF00593_AND_PF07715,,610,,,,A0A5Z7U5L8,6,afdb:downloaded
btub_a0a603bj96,btub_a0a603bj96_afdb_v6,btub,btub,A0A603BJ96,,,raw_af2/AF-A0A603BJ96-F1-model_v6.pdb,,unknown,unknown,unknown,unknown,,,,false,,,AFDB,,train,bronze AFDB-only TBDT homolog from UniProt PF00593/PF07715 query; no experimental displacement label.,bronze_pseudo_or_self_supervised,bronze,0.1,UniProt,UniProt:PF00593_AND_PF07715,,618,,,,A0A603BJ96,6,afdb:downloaded
btub_a0a603e3m2,btub_a0a603e3m2_afdb_v6,btub,btub,A0A603E3M2,,,raw_af2/AF-A0A603E3M2-F1-model_v6.pdb,,unknown,unknown,unknown,unknown,,,,false,,,AFDB,,train,bronze AFDB-only TBDT homolog from UniProt PF00593/PF07715 query; no experimental displacement label.,bronze_pseudo_or_self_supervised,bronze,0.1,UniProt,UniProt:PF00593_AND_PF07715,,614,,,,A0A603E3M2,6,afdb:downloaded
btub_a0a608muq9,btub_a0a608muq9_afdb_v6,btub,btub,A0A608MUQ9,,,raw_af2/AF-A0A608MUQ9-F1-model_v6.pdb,,unknown,unknown,unknown,unknown,,,,false,,,AFDB,,train,bronze AFDB-only TBDT homolog from UniProt PF00593/PF07715 query; no experimental displacement label.,bronze_pseudo_or_self_supervised,bronze,0.1,UniProt,UniProt:PF00593_AND_PF07715,,614,,,,A0A608MUQ9,6,afdb:downloaded
btub_a0a631ts67,btub_a0a631ts67_afdb_v6,btub,btub,A0A631TS67,,,raw_af2/AF-A0A631TS67-F1-model_v6.pdb,,unknown,unknown,unknown,unknown,,,,false,,,AFDB,,train,bronze AFDB-only TBDT homolog from UniProt PF00593/PF07715 query; no experimental displacement label.,bronze_pseudo_or_self_supervised,bronze,0.1,UniProt,UniProt:PF00593_AND_PF07715,,614,,,,A0A631TS67,6,afdb:downloaded
btub_a0a632esg1,btub_a0a632esg1_afdb_v6,btub,btub,A0A632ESG1,,,raw_af2/AF-A0A632ESG1-F1-model_v6.pdb,,unknown,unknown,unknown,unknown,,,,false,,,AFDB,,train,bronze AFDB-only TBDT homolog from UniProt PF00593/PF07715 query; no experimental displacement label.,bronze_pseudo_or_self_supervised,bronze,0.1,UniProt,UniProt:PF00593_AND_PF07715,,614,,,,A0A632ESG1,6,afdb:downloaded
btub_a0a637qp24,btub_a0a637qp24_afdb_v6,btub,btub,A0A637QP24,,,raw_af2/AF-A0A637QP24-F1-model_v6.pdb,,unknown,unknown,unknown,unknown,,,,false,,,AFDB,,test,bronze AFDB-only TBDT homolog from UniProt PF00593/PF07715 query; no experimental displacement label.,bronze_pseudo_or_self_supervised,bronze,0.1,UniProt,UniProt:PF00593_AND_PF07715,,614,,,,A0A637QP24,6,afdb:downloaded
btub_a0a656vne3,btub_a0a656vne3_afdb_v6,btub,btub,A0A656VNE3,,,raw_af2/AF-A0A656VNE3-F1-model_v6.pdb,,unknown,unknown,unknown,unknown,,,,false,,,AFDB,,train,bronze AFDB-only TBDT homolog from UniProt PF00593/PF07715 query; no experimental displacement label.,bronze_pseudo_or_self_supervised,bronze,0.1,UniProt,UniProt:PF00593_AND_PF07715,,625,,,,A0A656VNE3,6,afdb:downloaded
btub_a0a6a8enh3,btub_a0a6a8enh3_afdb_v6,btub,btub,A0A6A8ENH3,,,raw_af2/AF-A0A6A8ENH3-F1-model_v6.pdb,,unknown,unknown,unknown,unknown,,,,false,,,AFDB,,test,bronze AFDB-only TBDT homolog from UniProt PF00593/PF07715 query; no experimental displacement label.,bronze_pseudo_or_self_supervised,bronze,0.1,UniProt,UniProt:PF00593_AND_PF07715,,612,,,,A0A6A8ENH3,6,afdb:downloaded
btub_a0a6b2ert6,btub_a0a6b2ert6_afdb_v6,btub,btub,A0A6B2ERT6,,,raw_af2/AF-A0A6B2ERT6-F1-model_v6.pdb,,unknown,unknown,unknown,unknown,,,,false,,,AFDB,,train,bronze AFDB-only TBDT homolog from UniProt PF00593/PF07715 query; no experimental displacement label.,bronze_pseudo_or_self_supervised,bronze,0.1,UniProt,UniProt:PF00593_AND_PF07715,,618,,,,A0A6B2ERT6,6,afdb:downloaded
btub_a0a6c8f5t5,btub_a0a6c8f5t5_afdb_v6,btub,btub,A0A6C8F5T5,,,raw_af2/AF-A0A6C8F5T5-F1-model_v6.pdb,,unknown,unknown,unknown,unknown,,,,false,,,AFDB,,train,bronze AFDB-only TBDT homolog from UniProt PF00593/PF07715 query; no experimental displacement label.,bronze_pseudo_or_self_supervised,bronze,0.1,UniProt,UniProt:PF00593_AND_PF07715,,614,,,,A0A6C8F5T5,6,afdb:downloaded
btub_a0a6c8g1n0,btub_a0a6c8g1n0_afdb_v6,btub,btub,A0A6C8G1N0,,,raw_af2/AF-A0A6C8G1N0-F1-model_v6.pdb,,unknown,unknown,unknown,unknown,,,,false,,,AFDB,,val,bronze AFDB-only TBDT homolog from UniProt PF00593/PF07715 query; no experimental displacement label.,bronze_pseudo_or_self_supervised,bronze,0.1,UniProt,UniProt:PF00593_AND_PF07715,,614,,,,A0A6C8G1N0,6,afdb:downloaded
btub_a0a6m2b9c9,btub_a0a6m2b9c9_afdb_v6,btub,btub,A0A6M2B9C9,,,raw_af2/AF-A0A6M2B9C9-F1-model_v6.pdb,,unknown,unknown,unknown,unknown,,,,false,,,AFDB,,train,bronze AFDB-only TBDT homolog from UniProt PF00593/PF07715 query; no experimental displacement label.,bronze_pseudo_or_self_supervised,bronze,0.1,UniProt,UniProt:PF00593_AND_PF07715,,620,,,,A0A6M2B9C9,6,afdb:downloaded
btub_a0a6p1q3g0,btub_a0a6p1q3g0_afdb_v6,btub,btub,A0A6P1Q3G0,,,raw_af2/AF-A0A6P1Q3G0-F1-model_v6.pdb,,unknown,unknown,unknown,unknown,,,,false,,,AFDB,,val,bronze AFDB-only TBDT homolog from UniProt PF00593/PF07715 query; no experimental displacement label.,bronze_pseudo_or_self_supervised,bronze,0.1,UniProt,UniProt:PF00593_AND_PF07715,,625,,,,A0A6P1Q3G0,6,afdb:downloaded
btub_a0a6w0p0f3,btub_a0a6w0p0f3_afdb_v6,btub,btub,A0A6W0P0F3,,,raw_af2/AF-A0A6W0P0F3-F1-model_v6.pdb,,unknown,unknown,unknown,unknown,,,,false,,,AFDB,,train,bronze AFDB-only TBDT homolog from UniProt PF00593/PF07715 query; no experimental displacement label.,bronze_pseudo_or_self_supervised,bronze,0.1,UniProt,UniProt:PF00593_AND_PF07715,,614,,,,A0A6W0P0F3,6,afdb:downloaded
btub_a0a6x8mzy3,btub_a0a6x8mzy3_afdb_v6,btub,btub,A0A6X8MZY3,,,raw_af2/AF-A0A6X8MZY3-F1-model_v6.pdb,,unknown,unknown,unknown,unknown,,,,false,,,AFDB,,train,bronze AFDB-only TBDT homolog from UniProt PF00593/PF07715 query; no experimental displacement label.,bronze_pseudo_or_self_supervised,bronze,0.1,UniProt,UniProt:PF00593_AND_PF07715,,614,,,,A0A6X8MZY3,6,afdb:downloaded
btub_a0a702bpe9,btub_a0a702bpe9_afdb_v6,btub,btub,A0A702BPE9,,,raw_af2/AF-A0A702BPE9-F1-model_v6.pdb,,unknown,unknown,unknown,unknown,,,,false,,,AFDB,,train,bronze AFDB-only TBDT homolog from UniProt PF00593/PF07715 query; no experimental displacement label.,bronze_pseudo_or_self_supervised,bronze,0.1,UniProt,UniProt:PF00593_AND_PF07715,,614,,,,A0A702BPE9,6,afdb:downloaded
btub_a0a702fd30,btub_a0a702fd30_afdb_v6,btub,btub,A0A702FD30,,,raw_af2/AF-A0A702FD30-F1-model_v6.pdb,,unknown,unknown,unknown,unknown,,,,false,,,AFDB,,test,bronze AFDB-only TBDT homolog from UniProt PF00593/PF07715 query; no experimental displacement label.,bronze_pseudo_or_self_supervised,bronze,0.1,UniProt,UniProt:PF00593_AND_PF07715,,614,,,,A0A702FD30,6,afdb:downloaded
btub_a0a702kci3,btub_a0a702kci3_afdb_v6,btub,btub,A0A702KCI3,,,raw_af2/AF-A0A702KCI3-F1-model_v6.pdb,,unknown,unknown,unknown,unknown,,,,false,,,AFDB,,train,bronze AFDB-only TBDT homolog from UniProt PF00593/PF07715 query; no experimental displacement label.,bronze_pseudo_or_self_supervised,bronze,0.1,UniProt,UniProt:PF00593_AND_PF07715,,614,,,,A0A702KCI3,6,afdb:downloaded
btub_a0a706ukn2,btub_a0a706ukn2_afdb_v6,btub,btub,A0A706UKN2,,,raw_af2/AF-A0A706UKN2-F1-model_v6.pdb,,unknown,unknown,unknown,unknown,,,,false,,,AFDB,,val,bronze AFDB-only TBDT homolog from UniProt PF00593/PF07715 query; no experimental displacement label.,bronze_pseudo_or_self_supervised,bronze,0.1,UniProt,UniProt:PF00593_AND_PF07715,,614,,,,A0A706UKN2,6,afdb:downloaded
btub_a0a715kl18,btub_a0a715kl18_afdb_v6,btub,btub,A0A715KL18,,,raw_af2/AF-A0A715KL18-F1-model_v6.pdb,,unknown,unknown,unknown,unknown,,,,false,,,AFDB,,test,bronze AFDB-only TBDT homolog from UniProt PF00593/PF07715 query; no experimental displacement label.,bronze_pseudo_or_self_supervised,bronze,0.1,UniProt,UniProt:PF00593_AND_PF07715,,614,,,,A0A715KL18,6,afdb:downloaded
btub_a0a720nwg2,btub_a0a720nwg2_afdb_v6,btub,btub,A0A720NWG2,,,raw_af2/AF-A0A720NWG2-F1-model_v6.pdb,,unknown,unknown,unknown,unknown,,,,false,,,AFDB,,train,bronze AFDB-only TBDT homolog from UniProt PF00593/PF07715 query; no experimental displacement label.,bronze_pseudo_or_self_supervised,bronze,0.1,UniProt,UniProt:PF00593_AND_PF07715,,614,,,,A0A720NWG2,6,afdb:downloaded
btub_a0a721dhx2,btub_a0a721dhx2_afdb_v6,btub,btub,A0A721DHX2,,,raw_af2/AF-A0A721DHX2-F1-model_v6.pdb,,unknown,unknown,unknown,unknown,,,,false,,,AFDB,,train,bronze AFDB-only TBDT homolog from UniProt PF00593/PF07715 query; no experimental displacement label.,bronze_pseudo_or_self_supervised,bronze,0.1,UniProt,UniProt:PF00593_AND_PF07715,,614,,,,A0A721DHX2,6,afdb:downloaded
btub_a0a728lr50,btub_a0a728lr50_afdb_v6,btub,btub,A0A728LR50,,,raw_af2/AF-A0A728LR50-F1-model_v6.pdb,,unknown,unknown,unknown,unknown,,,,false,,,AFDB,,train,bronze AFDB-only TBDT homolog from UniProt PF00593/PF07715 query; no experimental displacement label.,bronze_pseudo_or_self_supervised,bronze,0.1,UniProt,UniProt:PF00593_AND_PF07715,,614,,,,A0A728LR50,6,afdb:downloaded
btub_a0a729g835,btub_a0a729g835_afdb_v6,btub,btub,A0A729G835,,,raw_af2/AF-A0A729G835-F1-model_v6.pdb,,unknown,unknown,unknown,unknown,,,,false,,,AFDB,,train,bronze AFDB-only TBDT homolog from UniProt PF00593/PF07715 query; no experimental displacement label.,bronze_pseudo_or_self_supervised,bronze,0.1,UniProt,UniProt:PF00593_AND_PF07715,,614,,,,A0A729G835,6,afdb:downloaded
btub_a0a729wf80,btub_a0a729wf80_afdb_v6,btub,btub,A0A729WF80,,,raw_af2/AF-A0A729WF80-F1-model_v6.pdb,,unknown,unknown,unknown,unknown,,,,false,,,AFDB,,train,bronze AFDB-only TBDT homolog from UniProt PF00593/PF07715 query; no experimental displacement label.,bronze_pseudo_or_self_supervised,bronze,0.1,UniProt,UniProt:PF00593_AND_PF07715,,614,,,,A0A729WF80,6,afdb:downloaded
btub_a0a730ppx2,btub_a0a730ppx2_afdb_v6,btub,btub,A0A730PPX2,,,raw_af2/AF-A0A730PPX2-F1-model_v6.pdb,,unknown,unknown,unknown,unknown,,,,false,,,AFDB,,train,bronze AFDB-only TBDT homolog from UniProt PF00593/PF07715 query; no experimental displacement label.,bronze_pseudo_or_self_supervised,bronze,0.1,UniProt,UniProt:PF00593_AND_PF07715,,614,,,,A0A730PPX2,6,afdb:downloaded
btub_a0a735at85,btub_a0a735at85_afdb_v6,btub,btub,A0A735AT85,,,raw_af2/AF-A0A735AT85-F1-model_v6.pdb,,unknown,unknown,unknown,unknown,,,,false,,,AFDB,,train,bronze AFDB-only TBDT homolog from UniProt PF00593/PF07715 query; no experimental displacement label.,bronze_pseudo_or_self_supervised,bronze,0.1,UniProt,UniProt:PF00593_AND_PF07715,,614,,,,A0A735AT85,6,afdb:downloaded
btub_a0a735jvn8,btub_a0a735jvn8_afdb_v6,btub,btub,A0A735JVN8,,,raw_af2/AF-A0A735JVN8-F1-model_v6.pdb,,unknown,unknown,unknown,unknown,,,,false,,,AFDB,,train,bronze AFDB-only TBDT homolog from UniProt PF00593/PF07715 query; no experimental displacement label.,bronze_pseudo_or_self_supervised,bronze,0.1,UniProt,UniProt:PF00593_AND_PF07715,,614,,,,A0A735JVN8,6,afdb:downloaded
btub_a0a735l4k8,btub_a0a735l4k8_afdb_v6,btub,btub,A0A735L4K8,,,raw_af2/AF-A0A735L4K8-F1-model_v6.pdb,,unknown,unknown,unknown,unknown,,,,false,,,AFDB,,train,bronze AFDB-only TBDT homolog from UniProt PF00593/PF07715 query; no experimental displacement label.,bronze_pseudo_or_self_supervised,bronze,0.1,UniProt,UniProt:PF00593_AND_PF07715,,614,,,,A0A735L4K8,6,afdb:downloaded
btub_a0a735v3d5,btub_a0a735v3d5_afdb_v6,btub,btub,A0A735V3D5,,,raw_af2/AF-A0A735V3D5-F1-model_v6.pdb,,unknown,unknown,unknown,unknown,,,,false,,,AFDB,,train,bronze AFDB-only TBDT homolog from UniProt PF00593/PF07715 query; no experimental displacement label.,bronze_pseudo_or_self_supervised,bronze,0.1,UniProt,UniProt:PF00593_AND_PF07715,,618,,,,A0A735V3D5,6,afdb:downloaded
btub_a0a736i8n3,btub_a0a736i8n3_afdb_v6,btub,btub,A0A736I8N3,,,raw_af2/AF-A0A736I8N3-F1-model_v6.pdb,,unknown,unknown,unknown,unknown,,,,false,,,AFDB,,train,bronze AFDB-only TBDT homolog from UniProt PF00593/PF07715 query; no experimental displacement label.,bronze_pseudo_or_self_supervised,bronze,0.1,UniProt,UniProt:PF00593_AND_PF07715,,614,,,,A0A736I8N3,6,afdb:downloaded
btub_a0a736nny8,btub_a0a736nny8_afdb_v6,btub,btub,A0A736NNY8,,,raw_af2/AF-A0A736NNY8-F1-model_v6.pdb,,unknown,unknown,unknown,unknown,,,,false,,,AFDB,,train,bronze AFDB-only TBDT homolog from UniProt PF00593/PF07715 query; no experimental displacement label.,bronze_pseudo_or_self_supervised,bronze,0.1,UniProt,UniProt:PF00593_AND_PF07715,,618,,,,A0A736NNY8,6,afdb:downloaded
btub_a0a738ap10,btub_a0a738ap10_afdb_v6,btub,btub,A0A738AP10,,,raw_af2/AF-A0A738AP10-F1-model_v6.pdb,,unknown,unknown,unknown,unknown,,,,false,,,AFDB,,train,bronze AFDB-only TBDT homolog from UniProt PF00593/PF07715 query; no experimental displacement label.,bronze_pseudo_or_self_supervised,bronze,0.1,UniProt,UniProt:PF00593_AND_PF07715,,614,,,,A0A738AP10,6,afdb:downloaded
btub_a0a739acb9,btub_a0a739acb9_afdb_v6,btub,btub,A0A739ACB9,,,raw_af2/AF-A0A739ACB9-F1-model_v6.pdb,,unknown,unknown,unknown,unknown,,,,false,,,AFDB,,train,bronze AFDB-only TBDT homolog from UniProt PF00593/PF07715 query; no experimental displacement label.,bronze_pseudo_or_self_supervised,bronze,0.1,UniProt,UniProt:PF00593_AND_PF07715,,607,,,,A0A739ACB9,6,afdb:downloaded
btub_a0a742tym7,btub_a0a742tym7_afdb_v6,btub,btub,A0A742TYM7,,,raw_af2/AF-A0A742TYM7-F1-model_v6.pdb,,unknown,unknown,unknown,unknown,,,,false,,,AFDB,,test,bronze AFDB-only TBDT homolog from UniProt PF00593/PF07715 query; no experimental displacement label.,bronze_pseudo_or_self_supervised,bronze,0.1,UniProt,UniProt:PF00593_AND_PF07715,,614,,,,A0A742TYM7,6,afdb:downloaded
btub_a0a744emb5,btub_a0a744emb5_afdb_v6,btub,btub,A0A744EMB5,,,raw_af2/AF-A0A744EMB5-F1-model_v6.pdb,,unknown,unknown,unknown,unknown,,,,false,,,AFDB,,train,bronze AFDB-only TBDT homolog from UniProt PF00593/PF07715 query; no experimental displacement label.,bronze_pseudo_or_self_supervised,bronze,0.1,UniProt,UniProt:PF00593_AND_PF07715,,614,,,,A0A744EMB5,6,afdb:downloaded
btub_a0a744n4w7,btub_a0a744n4w7_afdb_v6,btub,btub,A0A744N4W7,,,raw_af2/AF-A0A744N4W7-F1-model_v6.pdb,,unknown,unknown,unknown,unknown,,,,false,,,AFDB,,test,bronze AFDB-only TBDT homolog from UniProt PF00593/PF07715 query; no experimental displacement label.,bronze_pseudo_or_self_supervised,bronze,0.1,UniProt,UniProt:PF00593_AND_PF07715,,614,,,,A0A744N4W7,6,afdb:downloaded
btub_a0a747sv37,btub_a0a747sv37_afdb_v6,btub,btub,A0A747SV37,,,raw_af2/AF-A0A747SV37-F1-model_v6.pdb,,unknown,unknown,unknown,unknown,,,,false,,,AFDB,,train,bronze AFDB-only TBDT homolog from UniProt PF00593/PF07715 query; no experimental displacement label.,bronze_pseudo_or_self_supervised,bronze,0.1,UniProt,UniProt:PF00593_AND_PF07715,,614,,,,A0A747SV37,6,afdb:downloaded
btub_a0a748d801,btub_a0a748d801_afdb_v6,btub,btub,A0A748D801,,,raw_af2/AF-A0A748D801-F1-model_v6.pdb,,unknown,unknown,unknown,unknown,,,,false,,,AFDB,,train,bronze AFDB-only TBDT homolog from UniProt PF00593/PF07715 query; no experimental displacement label.,bronze_pseudo_or_self_supervised,bronze,0.1,UniProt,UniProt:PF00593_AND_PF07715,,614,,,,A0A748D801,6,afdb:downloaded
btub_a0a748hdq1,btub_a0a748hdq1_afdb_v6,btub,btub,A0A748HDQ1,,,raw_af2/AF-A0A748HDQ1-F1-model_v6.pdb,,unknown,unknown,unknown,unknown,,,,false,,,AFDB,,val,bronze AFDB-only TBDT homolog from UniProt PF00593/PF07715 query; no experimental displacement label.,bronze_pseudo_or_self_supervised,bronze,0.1,UniProt,UniProt:PF00593_AND_PF07715,,614,,,,A0A748HDQ1,6,afdb:downloaded
btub_a0a750fle5,btub_a0a750fle5_afdb_v6,btub,btub,A0A750FLE5,,,raw_af2/AF-A0A750FLE5-F1-model_v6.pdb,,unknown,unknown,unknown,unknown,,,,false,,,AFDB,,val,bronze AFDB-only TBDT homolog from UniProt PF00593/PF07715 query; no experimental displacement label.,bronze_pseudo_or_self_supervised,bronze,0.1,UniProt,UniProt:PF00593_AND_PF07715,,614,,,,A0A750FLE5,6,afdb:downloaded
btub_a0a750uh17,btub_a0a750uh17_afdb_v6,btub,btub,A0A750UH17,,,raw_af2/AF-A0A750UH17-F1-model_v6.pdb,,unknown,unknown,unknown,unknown,,,,false,,,AFDB,,train,bronze AFDB-only TBDT homolog from UniProt PF00593/PF07715 query; no experimental displacement label.,bronze_pseudo_or_self_supervised,bronze,0.1,UniProt,UniProt:PF00593_AND_PF07715,,614,,,,A0A750UH17,6,afdb:downloaded
btub_a0a759nsc1,btub_a0a759nsc1_afdb_v6,btub,btub,A0A759NSC1,,,raw_af2/AF-A0A759NSC1-F1-model_v6.pdb,,unknown,unknown,unknown,unknown,,,,false,,,AFDB,,train,bronze AFDB-only TBDT homolog from UniProt PF00593/PF07715 query; no experimental displacement label.,bronze_pseudo_or_self_supervised,bronze,0.1,UniProt,UniProt:PF00593_AND_PF07715,,614,,,,A0A759NSC1,6,afdb:downloaded
btub_a0a759rdf7,btub_a0a759rdf7_afdb_v6,btub,btub,A0A759RDF7,,,raw_af2/AF-A0A759RDF7-F1-model_v6.pdb,,unknown,unknown,unknown,unknown,,,,false,,,AFDB,,test,bronze AFDB-only TBDT homolog from UniProt PF00593/PF07715 query; no experimental displacement label.,bronze_pseudo_or_self_supervised,bronze,0.1,UniProt,UniProt:PF00593_AND_PF07715,,614,,,,A0A759RDF7,6,afdb:downloaded
btub_a0a7d8eqp1,btub_a0a7d8eqp1_afdb_v6,btub,btub,A0A7D8EQP1,,,raw_af2/AF-A0A7D8EQP1-F1-model_v6.pdb,,unknown,unknown,unknown,unknown,,,,false,,,AFDB,,train,bronze AFDB-only TBDT homolog from UniProt PF00593/PF07715 query; no experimental displacement label.,bronze_pseudo_or_self_supervised,bronze,0.1,UniProt,UniProt:PF00593_AND_PF07715,,614,,,,A0A7D8EQP1,6,afdb:downloaded
btub_a0a7h8uca2,btub_a0a7h8uca2_afdb_v6,btub,btub,A0A7H8UCA2,,,raw_af2/AF-A0A7H8UCA2-F1-model_v6.pdb,,unknown,unknown,unknown,unknown,,,,false,,,AFDB,,train,bronze AFDB-only TBDT homolog from UniProt PF00593/PF07715 query; no experimental displacement label.,bronze_pseudo_or_self_supervised,bronze,0.1,UniProt,UniProt:PF00593_AND_PF07715,,615,,,,A0A7H8UCA2,6,afdb:downloaded
btub_a0a7t0dvy6,btub_a0a7t0dvy6_afdb_v6,btub,btub,A0A7T0DVY6,,,raw_af2/AF-A0A7T0DVY6-F1-model_v6.pdb,,unknown,unknown,unknown,unknown,,,,false,,,AFDB,,train,bronze AFDB-only TBDT homolog from UniProt PF00593/PF07715 query; no experimental displacement label.,bronze_pseudo_or_self_supervised,bronze,0.1,UniProt,UniProt:PF00593_AND_PF07715,,617,,,,A0A7T0DVY6,6,afdb:downloaded
btub_a0a7u3f3r0,btub_a0a7u3f3r0_afdb_v6,btub,btub,A0A7U3F3R0,,,raw_af2/AF-A0A7U3F3R0-F1-model_v6.pdb,,unknown,unknown,unknown,unknown,,,,false,,,AFDB,,train,bronze AFDB-only TBDT homolog from UniProt PF00593/PF07715 query; no experimental displacement label.,bronze_pseudo_or_self_supervised,bronze,0.1,UniProt,UniProt:PF00593_AND_PF07715,,612,,,,A0A7U3F3R0,6,afdb:downloaded
btub_a0a7u4giv9,btub_a0a7u4giv9_afdb_v6,btub,btub,A0A7U4GIV9,,,raw_af2/AF-A0A7U4GIV9-F1-model_v6.pdb,,unknown,unknown,unknown,unknown,,,,false,,,AFDB,,val,bronze AFDB-only TBDT homolog from UniProt PF00593/PF07715 query; no experimental displacement label.,bronze_pseudo_or_self_supervised,bronze,0.1,UniProt,UniProt:PF00593_AND_PF07715,,629,,,,A0A7U4GIV9,6,afdb:downloaded
btub_a0a7w3c804,btub_a0a7w3c804_afdb_v6,btub,btub,A0A7W3C804,,,raw_af2/AF-A0A7W3C804-F1-model_v6.pdb,,unknown,unknown,unknown,unknown,,,,false,,,AFDB,,train,bronze AFDB-only TBDT homolog from UniProt PF00593/PF07715 query; no experimental displacement label.,bronze_pseudo_or_self_supervised,bronze,0.1,UniProt,UniProt:PF00593_AND_PF07715,,615,,,,A0A7W3C804,6,afdb:downloaded
btub_a0a7x1ej52,btub_a0a7x1ej52_afdb_v6,btub,btub,A0A7X1EJ52,,,raw_af2/AF-A0A7X1EJ52-F1-model_v6.pdb,,unknown,unknown,unknown,unknown,,,,false,,,AFDB,,val,bronze AFDB-only TBDT homolog from UniProt PF00593/PF07715 query; no experimental displacement label.,bronze_pseudo_or_self_supervised,bronze,0.1,UniProt,UniProt:PF00593_AND_PF07715,,612,,,,A0A7X1EJ52,6,afdb:downloaded
btub_a0a7z8zk85,btub_a0a7z8zk85_afdb_v6,btub,btub,A0A7Z8ZK85,,,raw_af2/AF-A0A7Z8ZK85-F1-model_v6.pdb,,unknown,unknown,unknown,unknown,,,,false,,,AFDB,,test,bronze AFDB-only TBDT homolog from UniProt PF00593/PF07715 query; no experimental displacement label.,bronze_pseudo_or_self_supervised,bronze,0.1,UniProt,UniProt:PF00593_AND_PF07715,,614,,,,A0A7Z8ZK85,6,afdb:downloaded
btub_a0a806x1n2,btub_a0a806x1n2_afdb_v6,btub,btub,A0A806X1N2,,,raw_af2/AF-A0A806X1N2-F1-model_v6.pdb,,unknown,unknown,unknown,unknown,,,,false,,,AFDB,,train,bronze AFDB-only TBDT homolog from UniProt PF00593/PF07715 query; no experimental displacement label.,bronze_pseudo_or_self_supervised,bronze,0.1,UniProt,UniProt:PF00593_AND_PF07715,,614,,,,A0A806X1N2,6,afdb:downloaded
btub_a0a828mw59,btub_a0a828mw59_afdb_v6,btub,btub,A0A828MW59,,,raw_af2/AF-A0A828MW59-F1-model_v6.pdb,,unknown,unknown,unknown,unknown,,,,false,,,AFDB,,val,bronze AFDB-only TBDT homolog from UniProt PF00593/PF07715 query; no experimental displacement label.,bronze_pseudo_or_self_supervised,bronze,0.1,UniProt,UniProt:PF00593_AND_PF07715,,614,,,,A0A828MW59,6,afdb:downloaded
btub_a0a828u1v7,btub_a0a828u1v7_afdb_v6,btub,btub,A0A828U1V7,,,raw_af2/AF-A0A828U1V7-F1-model_v6.pdb,,unknown,unknown,unknown,unknown,,,,false,,,AFDB,,val,bronze AFDB-only TBDT homolog from UniProt PF00593/PF07715 query; no experimental displacement label.,bronze_pseudo_or_self_supervised,bronze,0.1,UniProt,UniProt:PF00593_AND_PF07715,,627,,,,A0A828U1V7,6,afdb:downloaded
btub_a0a830v602,btub_a0a830v602_afdb_v6,btub,btub,A0A830V602,,,raw_af2/AF-A0A830V602-F1-model_v6.pdb,,unknown,unknown,unknown,unknown,,,,false,,,AFDB,,train,bronze AFDB-only TBDT homolog from UniProt PF00593/PF07715 query; no experimental displacement label.,bronze_pseudo_or_self_supervised,bronze,0.1,UniProt,UniProt:PF00593_AND_PF07715,,614,,,,A0A830V602,6,afdb:downloaded
btub_a0a855mid7,btub_a0a855mid7_afdb_v6,btub,btub,A0A855MID7,,,raw_af2/AF-A0A855MID7-F1-model_v6.pdb,,unknown,unknown,unknown,unknown,,,,false,,,AFDB,,val,bronze AFDB-only TBDT homolog from UniProt PF00593/PF07715 query; no experimental displacement label.,bronze_pseudo_or_self_supervised,bronze,0.1,UniProt,UniProt:PF00593_AND_PF07715,,634,,,,A0A855MID7,6,afdb:downloaded
btub_a0a8e5nez4,btub_a0a8e5nez4_afdb_v6,btub,btub,A0A8E5NEZ4,,,raw_af2/AF-A0A8E5NEZ4-F1-model_v6.pdb,,unknown,unknown,unknown,unknown,,,,false,,,AFDB,,val,bronze AFDB-only TBDT homolog from UniProt PF00593/PF07715 query; no experimental displacement label.,bronze_pseudo_or_self_supervised,bronze,0.1,UniProt,UniProt:PF00593_AND_PF07715,,614,,,,A0A8E5NEZ4,6,afdb:downloaded
btub_a0a8e6kre5,btub_a0a8e6kre5_afdb_v6,btub,btub,A0A8E6KRE5,,,raw_af2/AF-A0A8E6KRE5-F1-model_v6.pdb,,unknown,unknown,unknown,unknown,,,,false,,,AFDB,,train,bronze AFDB-only TBDT homolog from UniProt PF00593/PF07715 query; no experimental displacement label.,bronze_pseudo_or_self_supervised,bronze,0.1,UniProt,UniProt:PF00593_AND_PF07715,,614,,,,A0A8E6KRE5,6,afdb:downloaded
btub_a0a8e6ryd3,btub_a0a8e6ryd3_afdb_v6,btub,btub,A0A8E6RYD3,,,raw_af2/AF-A0A8E6RYD3-F1-model_v6.pdb,,unknown,unknown,unknown,unknown,,,,false,,,AFDB,,train,bronze AFDB-only TBDT homolog from UniProt PF00593/PF07715 query; no experimental displacement label.,bronze_pseudo_or_self_supervised,bronze,0.1,UniProt,UniProt:PF00593_AND_PF07715,,614,,,,A0A8E6RYD3,6,afdb:downloaded
btub_a0a8e6y3l8,btub_a0a8e6y3l8_afdb_v6,btub,btub,A0A8E6Y3L8,,,raw_af2/AF-A0A8E6Y3L8-F1-model_v6.pdb,,unknown,unknown,unknown,unknown,,,,false,,,AFDB,,train,bronze AFDB-only TBDT homolog from UniProt PF00593/PF07715 query; no experimental displacement label.,bronze_pseudo_or_self_supervised,bronze,0.1,UniProt,UniProt:PF00593_AND_PF07715,,614,,,,A0A8E6Y3L8,6,afdb:downloaded
btub_a0a8f0cei4,btub_a0a8f0cei4_afdb_v6,btub,btub,A0A8F0CEI4,,,raw_af2/AF-A0A8F0CEI4-F1-model_v6.pdb,,unknown,unknown,unknown,unknown,,,,false,,,AFDB,,train,bronze AFDB-only TBDT homolog from UniProt PF00593/PF07715 query; no experimental displacement label.,bronze_pseudo_or_self_supervised,bronze,0.1,UniProt,UniProt:PF00593_AND_PF07715,,618,,,,A0A8F0CEI4,6,afdb:downloaded
btub_a0a8f7yhr2,btub_a0a8f7yhr2_afdb_v6,btub,btub,A0A8F7YHR2,,,raw_af2/AF-A0A8F7YHR2-F1-model_v6.pdb,,unknown,unknown,unknown,unknown,,,,false,,,AFDB,,val,bronze AFDB-only TBDT homolog from UniProt PF00593/PF07715 query; no experimental displacement label.,bronze_pseudo_or_self_supervised,bronze,0.1,UniProt,UniProt:PF00593_AND_PF07715,,614,,,,A0A8F7YHR2,6,afdb:downloaded
btub_a0a8s7ts14,btub_a0a8s7ts14_afdb_v6,btub,btub,A0A8S7TS14,,,raw_af2/AF-A0A8S7TS14-F1-model_v6.pdb,,unknown,unknown,unknown,unknown,,,,false,,,AFDB,,train,bronze AFDB-only TBDT homolog from UniProt PF00593/PF07715 query; no experimental displacement label.,bronze_pseudo_or_self_supervised,bronze,0.1,UniProt,UniProt:PF00593_AND_PF07715,,614,,,,A0A8S7TS14,6,afdb:downloaded
btub_a0a8t5yci0,btub_a0a8t5yci0_afdb_v6,btub,btub,A0A8T5YCI0,,,raw_af2/AF-A0A8T5YCI0-F1-model_v6.pdb,,unknown,unknown,unknown,unknown,,,,false,,,AFDB,,train,bronze AFDB-only TBDT homolog from UniProt PF00593/PF07715 query; no experimental displacement label.,bronze_pseudo_or_self_supervised,bronze,0.1,UniProt,UniProt:PF00593_AND_PF07715,,614,,,,A0A8T5YCI0,6,afdb:downloaded
btub_a0a8t9ijf3,btub_a0a8t9ijf3_afdb_v6,btub,btub,A0A8T9IJF3,,,raw_af2/AF-A0A8T9IJF3-F1-model_v6.pdb,,unknown,unknown,unknown,unknown,,,,false,,,AFDB,,train,bronze AFDB-only TBDT homolog from UniProt PF00593/PF07715 query; no experimental displacement label.,bronze_pseudo_or_self_supervised,bronze,0.1,UniProt,UniProt:PF00593_AND_PF07715,,614,,,,A0A8T9IJF3,6,afdb:downloaded
btub_a0a8x6fm29,btub_a0a8x6fm29_afdb_v6,btub,btub,A0A8X6FM29,,,raw_af2/AF-A0A8X6FM29-F1-model_v6.pdb,,unknown,unknown,unknown,unknown,,,,false,,,AFDB,,test,bronze AFDB-only TBDT homolog from UniProt PF00593/PF07715 query; no experimental displacement label.,bronze_pseudo_or_self_supervised,bronze,0.1,UniProt,UniProt:PF00593_AND_PF07715,,614,,,,A0A8X6FM29,6,afdb:downloaded
btub_a0a9d7all6,btub_a0a9d7all6_afdb_v6,btub,btub,A0A9D7ALL6,,,raw_af2/AF-A0A9D7ALL6-F1-model_v6.pdb,,unknown,unknown,unknown,unknown,,,,false,,,AFDB,,train,bronze AFDB-only TBDT homolog from UniProt PF00593/PF07715 query; no experimental displacement label.,bronze_pseudo_or_self_supervised,bronze,0.1,UniProt,UniProt:PF00593_AND_PF07715,,615,,,,A0A9D7ALL6,6,afdb:downloaded
btub_a0a9p3z9k9,btub_a0a9p3z9k9_afdb_v6,btub,btub,A0A9P3Z9K9,,,raw_af2/AF-A0A9P3Z9K9-F1-model_v6.pdb,,unknown,unknown,unknown,unknown,,,,false,,,AFDB,,train,bronze AFDB-only TBDT homolog from UniProt PF00593/PF07715 query; no experimental displacement label.,bronze_pseudo_or_self_supervised,bronze,0.1,UniProt,UniProt:PF00593_AND_PF07715,,612,,,,A0A9P3Z9K9,6,afdb:downloaded
btub_a0a9q2wd58,btub_a0a9q2wd58_afdb_v6,btub,btub,A0A9Q2WD58,,,raw_af2/AF-A0A9Q2WD58-F1-model_v6.pdb,,unknown,unknown,unknown,unknown,,,,false,,,AFDB,,train,bronze AFDB-only TBDT homolog from UniProt PF00593/PF07715 query; no experimental displacement label.,bronze_pseudo_or_self_supervised,bronze,0.1,UniProt,UniProt:PF00593_AND_PF07715,,615,,,,A0A9Q2WD58,6,afdb:downloaded
btub_a0a9q7zmd7,btub_a0a9q7zmd7_afdb_v6,btub,btub,A0A9Q7ZMD7,,,raw_af2/AF-A0A9Q7ZMD7-F1-model_v6.pdb,,unknown,unknown,unknown,unknown,,,,false,,,AFDB,,test,bronze AFDB-only TBDT homolog from UniProt PF00593/PF07715 query; no experimental displacement label.,bronze_pseudo_or_self_supervised,bronze,0.1,UniProt,UniProt:PF00593_AND_PF07715,,612,,,,A0A9Q7ZMD7,6,afdb:downloaded
btub_a0a9x1mvm4,btub_a0a9x1mvm4_afdb_v6,btub,btub,A0A9X1MVM4,,,raw_af2/AF-A0A9X1MVM4-F1-model_v6.pdb,,unknown,unknown,unknown,unknown,,,,false,,,AFDB,,train,bronze AFDB-only TBDT homolog from UniProt PF00593/PF07715 query; no experimental displacement label.,bronze_pseudo_or_self_supervised,bronze,0.1,UniProt,UniProt:PF00593_AND_PF07715,,615,,,,A0A9X1MVM4,6,afdb:downloaded
btub_a0a9x4gr56,btub_a0a9x4gr56_afdb_v6,btub,btub,A0A9X4GR56,,,raw_af2/AF-A0A9X4GR56-F1-model_v6.pdb,,unknown,unknown,unknown,unknown,,,,false,,,AFDB,,train,bronze AFDB-only TBDT homolog from UniProt PF00593/PF07715 query; no experimental displacement label.,bronze_pseudo_or_self_supervised,bronze,0.1,UniProt,UniProt:PF00593_AND_PF07715,,617,,,,A0A9X4GR56,6,afdb:downloaded
btub_a0a9x7kzm3,btub_a0a9x7kzm3_afdb_v6,btub,btub,A0A9X7KZM3,,,raw_af2/AF-A0A9X7KZM3-F1-model_v6.pdb,,unknown,unknown,unknown,unknown,,,,false,,,AFDB,,train,bronze AFDB-only TBDT homolog from UniProt PF00593/PF07715 query; no experimental displacement label.,bronze_pseudo_or_self_supervised,bronze,0.1,UniProt,UniProt:PF00593_AND_PF07715,,615,,,,A0A9X7KZM3,6,afdb:downloaded
btub_a0a9x9byy3,btub_a0a9x9byy3_afdb_v6,btub,btub,A0A9X9BYY3,,,raw_af2/AF-A0A9X9BYY3-F1-model_v6.pdb,,unknown,unknown,unknown,unknown,,,,false,,,AFDB,,train,bronze AFDB-only TBDT homolog from UniProt PF00593/PF07715 query; no experimental displacement label.,bronze_pseudo_or_self_supervised,bronze,0.1,UniProt,UniProt:PF00593_AND_PF07715,,623,,,,A0A9X9BYY3,6,afdb:downloaded
btub_a0aa44z6s7,btub_a0aa44z6s7_afdb_v6,btub,btub,A0AA44Z6S7,,,raw_af2/AF-A0AA44Z6S7-F1-model_v6.pdb,,unknown,unknown,unknown,unknown,,,,false,,,AFDB,,train,bronze AFDB-only TBDT homolog from UniProt PF00593/PF07715 query; no experimental displacement label.,bronze_pseudo_or_self_supervised,bronze,0.1,UniProt,UniProt:PF00593_AND_PF07715,,617,,,,A0AA44Z6S7,6,afdb:downloaded
btub_a0aa91bjp5,btub_a0aa91bjp5_afdb_v6,btub,btub,A0AA91BJP5,,,raw_af2/AF-A0AA91BJP5-F1-model_v6.pdb,,unknown,unknown,unknown,unknown,,,,false,,,AFDB,,test,bronze AFDB-only TBDT homolog from UniProt PF00593/PF07715 query; no experimental displacement label.,bronze_pseudo_or_self_supervised,bronze,0.1,UniProt,UniProt:PF00593_AND_PF07715,,629,,,,A0AA91BJP5,6,afdb:downloaded
btub_a0aa92x005,btub_a0aa92x005_afdb_v6,btub,btub,A0AA92X005,,,raw_af2/AF-A0AA92X005-F1-model_v6.pdb,,unknown,unknown,unknown,unknown,,,,false,,,AFDB,,test,bronze AFDB-only TBDT homolog from UniProt PF00593/PF07715 query; no experimental displacement label.,bronze_pseudo_or_self_supervised,bronze,0.1,UniProt,UniProt:PF00593_AND_PF07715,,623,,,,A0AA92X005,6,afdb:downloaded
btub_a0aa96m3r6,btub_a0aa96m3r6_afdb_v6,btub,btub,A0AA96M3R6,,,raw_af2/AF-A0AA96M3R6-F1-model_v6.pdb,,unknown,unknown,unknown,unknown,,,,false,,,AFDB,,train,bronze AFDB-only TBDT homolog from UniProt PF00593/PF07715 query; no experimental displacement label.,bronze_pseudo_or_self_supervised,bronze,0.1,UniProt,UniProt:PF00593_AND_PF07715,,615,,,,A0AA96M3R6,6,afdb:downloaded
btub_a0aac8zsl0,btub_a0aac8zsl0_afdb_v6,btub,btub,A0AAC8ZSL0,,,raw_af2/AF-A0AAC8ZSL0-F1-model_v6.pdb,,unknown,unknown,unknown,unknown,,,,false,,,AFDB,,train,bronze AFDB-only TBDT homolog from UniProt PF00593/PF07715 query; no experimental displacement label.,bronze_pseudo_or_self_supervised,bronze,0.1,UniProt,UniProt:PF00593_AND_PF07715,,617,,,,A0AAC8ZSL0,6,afdb:downloaded
btub_a0aad2vcm5,btub_a0aad2vcm5_afdb_v6,btub,btub,A0AAD2VCM5,,,raw_af2/AF-A0AAD2VCM5-F1-model_v6.pdb,,unknown,unknown,unknown,unknown,,,,false,,,AFDB,,train,bronze AFDB-only TBDT homolog from UniProt PF00593/PF07715 query; no experimental displacement label.,bronze_pseudo_or_self_supervised,bronze,0.1,UniProt,UniProt:PF00593_AND_PF07715,,614,,,,A0AAD2VCM5,6,afdb:downloaded
btub_a0aad2zj54,btub_a0aad2zj54_afdb_v6,btub,btub,A0AAD2ZJ54,,,raw_af2/AF-A0AAD2ZJ54-F1-model_v6.pdb,,unknown,unknown,unknown,unknown,,,,false,,,AFDB,,val,bronze AFDB-only TBDT homolog from UniProt PF00593/PF07715 query; no experimental displacement label.,bronze_pseudo_or_self_supervised,bronze,0.1,UniProt,UniProt:PF00593_AND_PF07715,,635,,,,A0AAD2ZJ54,6,afdb:downloaded
btub_a0aae4jm50,btub_a0aae4jm50_afdb_v6,btub,btub,A0AAE4JM50,,,raw_af2/AF-A0AAE4JM50-F1-model_v6.pdb,,unknown,unknown,unknown,unknown,,,,false,,,AFDB,,train,bronze AFDB-only TBDT homolog from UniProt PF00593/PF07715 query; no experimental displacement label.,bronze_pseudo_or_self_supervised,bronze,0.1,UniProt,UniProt:PF00593_AND_PF07715,,636,,,,A0AAE4JM50,6,afdb:downloaded
btub_a0aae7eep0,btub_a0aae7eep0_afdb_v6,btub,btub,A0AAE7EEP0,,,raw_af2/AF-A0AAE7EEP0-F1-model_v6.pdb,,unknown,unknown,unknown,unknown,,,,false,,,AFDB,,train,bronze AFDB-only TBDT homolog from UniProt PF00593/PF07715 query; no experimental displacement label.,bronze_pseudo_or_self_supervised,bronze,0.1,UniProt,UniProt:PF00593_AND_PF07715,,628,,,,A0AAE7EEP0,6,afdb:downloaded
btub_a0aae8eqe7,btub_a0aae8eqe7_afdb_v6,btub,btub,A0AAE8EQE7,,,raw_af2/AF-A0AAE8EQE7-F1-model_v6.pdb,,unknown,unknown,unknown,unknown,,,,false,,,AFDB,,test,bronze AFDB-only TBDT homolog from UniProt PF00593/PF07715 query; no experimental displacement label.,bronze_pseudo_or_self_supervised,bronze,0.1,UniProt,UniProt:PF00593_AND_PF07715,,626,,,,A0AAE8EQE7,6,afdb:downloaded
btub_a0aai9mu43,btub_a0aai9mu43_afdb_v6,btub,btub,A0AAI9MU43,,,raw_af2/AF-A0AAI9MU43-F1-model_v6.pdb,,unknown,unknown,unknown,unknown,,,,false,,,AFDB,,val,bronze AFDB-only TBDT homolog from UniProt PF00593/PF07715 query; no experimental displacement label.,bronze_pseudo_or_self_supervised,bronze,0.1,UniProt,UniProt:PF00593_AND_PF07715,,628,,,,A0AAI9MU43,6,afdb:downloaded
btub_a0aaj1d2b8,btub_a0aaj1d2b8_afdb_v6,btub,btub,A0AAJ1D2B8,,,raw_af2/AF-A0AAJ1D2B8-F1-model_v6.pdb,,unknown,unknown,unknown,unknown,,,,false,,,AFDB,,train,bronze AFDB-only TBDT homolog from UniProt PF00593/PF07715 query; no experimental displacement label.,bronze_pseudo_or_self_supervised,bronze,0.1,UniProt,UniProt:PF00593_AND_PF07715,,618,,,,A0AAJ1D2B8,6,afdb:downloaded
btub_a0aaj1jrk7,btub_a0aaj1jrk7_afdb_v6,btub,btub,A0AAJ1JRK7,,,raw_af2/AF-A0AAJ1JRK7-F1-model_v6.pdb,,unknown,unknown,unknown,unknown,,,,false,,,AFDB,,train,bronze AFDB-only TBDT homolog from UniProt PF00593/PF07715 query; no experimental displacement label.,bronze_pseudo_or_self_supervised,bronze,0.1,UniProt,UniProt:PF00593_AND_PF07715,,618,,,,A0AAJ1JRK7,6,afdb:downloaded
btub_a0aaj4ti45,btub_a0aaj4ti45_afdb_v6,btub,btub,A0AAJ4TI45,,,raw_af2/AF-A0AAJ4TI45-F1-model_v6.pdb,,unknown,unknown,unknown,unknown,,,,false,,,AFDB,,train,bronze AFDB-only TBDT homolog from UniProt PF00593/PF07715 query; no experimental displacement label.,bronze_pseudo_or_self_supervised,bronze,0.1,UniProt,UniProt:PF00593_AND_PF07715,,623,,,,A0AAJ4TI45,6,afdb:downloaded
btub_a0aan0kd71,btub_a0aan0kd71_afdb_v6,btub,btub,A0AAN0KD71,,,raw_af2/AF-A0AAN0KD71-F1-model_v6.pdb,,unknown,unknown,unknown,unknown,,,,false,,,AFDB,,val,bronze AFDB-only TBDT homolog from UniProt PF00593/PF07715 query; no experimental displacement label.,bronze_pseudo_or_self_supervised,bronze,0.1,UniProt,UniProt:PF00593_AND_PF07715,,625,,,,A0AAN0KD71,6,afdb:downloaded
btub_a0aan1y9z3,btub_a0aan1y9z3_afdb_v6,btub,btub,A0AAN1Y9Z3,,,raw_af2/AF-A0AAN1Y9Z3-F1-model_v6.pdb,,unknown,unknown,unknown,unknown,,,,false,,,AFDB,,val,bronze AFDB-only TBDT homolog from UniProt PF00593/PF07715 query; no experimental displacement label.,bronze_pseudo_or_self_supervised,bronze,0.1,UniProt,UniProt:PF00593_AND_PF07715,,612,,,,A0AAN1Y9Z3,6,afdb:downloaded
btub_a0aan3yvr7,btub_a0aan3yvr7_afdb_v6,btub,btub,A0AAN3YVR7,,,raw_af2/AF-A0AAN3YVR7-F1-model_v6.pdb,,unknown,unknown,unknown,unknown,,,,false,,,AFDB,,test,bronze AFDB-only TBDT homolog from UniProt PF00593/PF07715 query; no experimental displacement label.,bronze_pseudo_or_self_supervised,bronze,0.1,UniProt,UniProt:PF00593_AND_PF07715,,617,,,,A0AAN3YVR7,6,afdb:downloaded
btub_a0aan4cnk6,btub_a0aan4cnk6_afdb_v6,btub,btub,A0AAN4CNK6,,,raw_af2/AF-A0AAN4CNK6-F1-model_v6.pdb,,unknown,unknown,unknown,unknown,,,,false,,,AFDB,,train,bronze AFDB-only TBDT homolog from UniProt PF00593/PF07715 query; no experimental displacement label.,bronze_pseudo_or_self_supervised,bronze,0.1,UniProt,UniProt:PF00593_AND_PF07715,,614,,,,A0AAN4CNK6,6,afdb:downloaded
btub_a0aan6avv2,btub_a0aan6avv2_afdb_v6,btub,btub,A0AAN6AVV2,,,raw_af2/AF-A0AAN6AVV2-F1-model_v6.pdb,,unknown,unknown,unknown,unknown,,,,false,,,AFDB,,val,bronze AFDB-only TBDT homolog from UniProt PF00593/PF07715 query; no experimental displacement label.,bronze_pseudo_or_self_supervised,bronze,0.1,UniProt,UniProt:PF00593_AND_PF07715,,616,,,,A0AAN6AVV2,6,afdb:downloaded
btub_a0aap1mfh4,btub_a0aap1mfh4_afdb_v6,btub,btub,A0AAP1MFH4,,,raw_af2/AF-A0AAP1MFH4-F1-model_v6.pdb,,unknown,unknown,unknown,unknown,,,,false,,,AFDB,,train,bronze AFDB-only TBDT homolog from UniProt PF00593/PF07715 query; no experimental displacement label.,bronze_pseudo_or_self_supervised,bronze,0.1,UniProt,UniProt:PF00593_AND_PF07715,,625,,,,A0AAP1MFH4,6,afdb:downloaded
btub_a0aap8phz8,btub_a0aap8phz8_afdb_v6,btub,btub,A0AAP8PHZ8,,,raw_af2/AF-A0AAP8PHZ8-F1-model_v6.pdb,,unknown,unknown,unknown,unknown,,,,false,,,AFDB,,train,bronze AFDB-only TBDT homolog from UniProt PF00593/PF07715 query; no experimental displacement label.,bronze_pseudo_or_self_supervised,bronze,0.1,UniProt,UniProt:PF00593_AND_PF07715,,625,,,,A0AAP8PHZ8,6,afdb:downloaded
btub_a0aap9kqz3,btub_a0aap9kqz3_afdb_v6,btub,btub,A0AAP9KQZ3,,,raw_af2/AF-A0AAP9KQZ3-F1-model_v6.pdb,,unknown,unknown,unknown,unknown,,,,false,,,AFDB,,train,bronze AFDB-only TBDT homolog from UniProt PF00593/PF07715 query; no experimental displacement label.,bronze_pseudo_or_self_supervised,bronze,0.1,UniProt,UniProt:PF00593_AND_PF07715,,624,,,,A0AAP9KQZ3,6,afdb:downloaded
btub_a0aap9qws6,btub_a0aap9qws6_afdb_v6,btub,btub,A0AAP9QWS6,,,raw_af2/AF-A0AAP9QWS6-F1-model_v6.pdb,,unknown,unknown,unknown,unknown,,,,false,,,AFDB,,train,bronze AFDB-only TBDT homolog from UniProt PF00593/PF07715 query; no experimental displacement label.,bronze_pseudo_or_self_supervised,bronze,0.1,UniProt,UniProt:PF00593_AND_PF07715,,615,,,,A0AAP9QWS6,6,afdb:downloaded
btub_a0aat9mre4,btub_a0aat9mre4_afdb_v6,btub,btub,A0AAT9MRE4,,,raw_af2/AF-A0AAT9MRE4-F1-model_v6.pdb,,unknown,unknown,unknown,unknown,,,,false,,,AFDB,,val,bronze AFDB-only TBDT homolog from UniProt PF00593/PF07715 query; no experimental displacement label.,bronze_pseudo_or_self_supervised,bronze,0.1,UniProt,UniProt:PF00593_AND_PF07715,,614,,,,A0AAT9MRE4,6,afdb:downloaded
btub_a0aat9n3c9,btub_a0aat9n3c9_afdb_v6,btub,btub,A0AAT9N3C9,,,raw_af2/AF-A0AAT9N3C9-F1-model_v6.pdb,,unknown,unknown,unknown,unknown,,,,false,,,AFDB,,train,bronze AFDB-only TBDT homolog from UniProt PF00593/PF07715 query; no experimental displacement label.,bronze_pseudo_or_self_supervised,bronze,0.1,UniProt,UniProt:PF00593_AND_PF07715,,614,,,,A0AAT9N3C9,6,afdb:downloaded
btub_a0aau7qa14,btub_a0aau7qa14_afdb_v6,btub,btub,A0AAU7QA14,,,raw_af2/AF-A0AAU7QA14-F1-model_v6.pdb,,unknown,unknown,unknown,unknown,,,,false,,,AFDB,,val,bronze AFDB-only TBDT homolog from UniProt PF00593/PF07715 query; no experimental displacement label.,bronze_pseudo_or_self_supervised,bronze,0.1,UniProt,UniProt:PF00593_AND_PF07715,,626,,,,A0AAU7QA14,6,afdb:downloaded
btub_a0aav3h380,btub_a0aav3h380_afdb_v6,btub,btub,A0AAV3H380,,,raw_af2/AF-A0AAV3H380-F1-model_v6.pdb,,unknown,unknown,unknown,unknown,,,,false,,,AFDB,,train,bronze AFDB-only TBDT homolog from UniProt PF00593/PF07715 query; no experimental displacement label.,bronze_pseudo_or_self_supervised,bronze,0.1,UniProt,UniProt:PF00593_AND_PF07715,,614,,,,A0AAV3H380,6,afdb:downloaded
btub_a0aaw3h9s5,btub_a0aaw3h9s5_afdb_v6,btub,btub,A0AAW3H9S5,,,raw_af2/AF-A0AAW3H9S5-F1-model_v6.pdb,,unknown,unknown,unknown,unknown,,,,false,,,AFDB,,train,bronze AFDB-only TBDT homolog from UniProt PF00593/PF07715 query; no experimental displacement label.,bronze_pseudo_or_self_supervised,bronze,0.1,UniProt,UniProt:PF00593_AND_PF07715,,617,,,,A0AAW3H9S5,6,afdb:downloaded
btub_a0aaw4p096,btub_a0aaw4p096_afdb_v6,btub,btub,A0AAW4P096,,,raw_af2/AF-A0AAW4P096-F1-model_v6.pdb,,unknown,unknown,unknown,unknown,,,,false,,,AFDB,,val,bronze AFDB-only TBDT homolog from UniProt PF00593/PF07715 query; no experimental displacement label.,bronze_pseudo_or_self_supervised,bronze,0.1,UniProt,UniProt:PF00593_AND_PF07715,,634,,,,A0AAW4P096,6,afdb:downloaded
btub_a0aaw6scf0,btub_a0aaw6scf0_afdb_v6,btub,btub,A0AAW6SCF0,,,raw_af2/AF-A0AAW6SCF0-F1-model_v6.pdb,,unknown,unknown,unknown,unknown,,,,false,,,AFDB,,train,bronze AFDB-only TBDT homolog from UniProt PF00593/PF07715 query; no experimental displacement label.,bronze_pseudo_or_self_supervised,bronze,0.1,UniProt,UniProt:PF00593_AND_PF07715,,617,,,,A0AAW6SCF0,6,afdb:downloaded
btub_a0aaw6x615,btub_a0aaw6x615_afdb_v6,btub,btub,A0AAW6X615,,,raw_af2/AF-A0AAW6X615-F1-model_v6.pdb,,unknown,unknown,unknown,unknown,,,,false,,,AFDB,,train,bronze AFDB-only TBDT homolog from UniProt PF00593/PF07715 query; no experimental displacement label.,bronze_pseudo_or_self_supervised,bronze,0.1,UniProt,UniProt:PF00593_AND_PF07715,,625,,,,A0AAW6X615,6,afdb:downloaded
btub_a0aaw7cle2,btub_a0aaw7cle2_afdb_v6,btub,btub,A0AAW7CLE2,,,raw_af2/AF-A0AAW7CLE2-F1-model_v6.pdb,,unknown,unknown,unknown,unknown,,,,false,,,AFDB,,train,bronze AFDB-only TBDT homolog from UniProt PF00593/PF07715 query; no experimental displacement label.,bronze_pseudo_or_self_supervised,bronze,0.1,UniProt,UniProt:PF00593_AND_PF07715,,618,,,,A0AAW7CLE2,6,afdb:downloaded
btub_a0aaw7ka09,btub_a0aaw7ka09_afdb_v6,btub,btub,A0AAW7KA09,,,raw_af2/AF-A0AAW7KA09-F1-model_v6.pdb,,unknown,unknown,unknown,unknown,,,,false,,,AFDB,,train,bronze AFDB-only TBDT homolog from UniProt PF00593/PF07715 query; no experimental displacement label.,bronze_pseudo_or_self_supervised,bronze,0.1,UniProt,UniProt:PF00593_AND_PF07715,,627,,,,A0AAW7KA09,6,afdb:downloaded
btub_a0aaw9x1r2,btub_a0aaw9x1r2_afdb_v6,btub,btub,A0AAW9X1R2,,,raw_af2/AF-A0AAW9X1R2-F1-model_v6.pdb,,unknown,unknown,unknown,unknown,,,,false,,,AFDB,,test,bronze AFDB-only TBDT homolog from UniProt PF00593/PF07715 query; no experimental displacement label.,bronze_pseudo_or_self_supervised,bronze,0.1,UniProt,UniProt:PF00593_AND_PF07715,,627,,,,A0AAW9X1R2,6,afdb:downloaded
btub_a0aax2hxa7,btub_a0aax2hxa7_afdb_v6,btub,btub,A0AAX2HXA7,,,raw_af2/AF-A0AAX2HXA7-F1-model_v6.pdb,,unknown,unknown,unknown,unknown,,,,false,,,AFDB,,test,bronze AFDB-only TBDT homolog from UniProt PF00593/PF07715 query; no experimental displacement label.,bronze_pseudo_or_self_supervised,bronze,0.1,UniProt,UniProt:PF00593_AND_PF07715,,631,,,,A0AAX2HXA7,6,afdb:downloaded
btub_a0aax3mnt5,btub_a0aax3mnt5_afdb_v6,btub,btub,A0AAX3MNT5,,,raw_af2/AF-A0AAX3MNT5-F1-model_v6.pdb,,unknown,unknown,unknown,unknown,,,,false,,,AFDB,,val,bronze AFDB-only TBDT homolog from UniProt PF00593/PF07715 query; no experimental displacement label.,bronze_pseudo_or_self_supervised,bronze,0.1,UniProt,UniProt:PF00593_AND_PF07715,,614,,,,A0AAX3MNT5,6,afdb:downloaded
btub_a0ab33i1f9,btub_a0ab33i1f9_afdb_v6,btub,btub,A0AB33I1F9,,,raw_af2/AF-A0AB33I1F9-F1-model_v6.pdb,,unknown,unknown,unknown,unknown,,,,false,,,AFDB,,train,bronze AFDB-only TBDT homolog from UniProt PF00593/PF07715 query; no experimental displacement label.,bronze_pseudo_or_self_supervised,bronze,0.1,UniProt,UniProt:PF00593_AND_PF07715,,614,,,,A0AB33I1F9,6,afdb:downloaded
btub_a0ab33sk27,btub_a0ab33sk27_afdb_v6,btub,btub,A0AB33SK27,,,raw_af2/AF-A0AB33SK27-F1-model_v6.pdb,,unknown,unknown,unknown,unknown,,,,false,,,AFDB,,train,bronze AFDB-only TBDT homolog from UniProt PF00593/PF07715 query; no experimental displacement label.,bronze_pseudo_or_self_supervised,bronze,0.1,UniProt,UniProt:PF00593_AND_PF07715,,614,,,,A0AB33SK27,6,afdb:downloaded
btub_a0ab37vhe4,btub_a0ab37vhe4_afdb_v6,btub,btub,A0AB37VHE4,,,raw_af2/AF-A0AB37VHE4-F1-model_v6.pdb,,unknown,unknown,unknown,unknown,,,,false,,,AFDB,,train,bronze AFDB-only TBDT homolog from UniProt PF00593/PF07715 query; no experimental displacement label.,bronze_pseudo_or_self_supervised,bronze,0.1,UniProt,UniProt:PF00593_AND_PF07715,,612,,,,A0AB37VHE4,6,afdb:downloaded
btub_a0ab38nyt0,btub_a0ab38nyt0_afdb_v6,btub,btub,A0AB38NYT0,,,raw_af2/AF-A0AB38NYT0-F1-model_v6.pdb,,unknown,unknown,unknown,unknown,,,,false,,,AFDB,,val,bronze AFDB-only TBDT homolog from UniProt PF00593/PF07715 query; no experimental displacement label.,bronze_pseudo_or_self_supervised,bronze,0.1,UniProt,UniProt:PF00593_AND_PF07715,,615,,,,A0AB38NYT0,6,afdb:downloaded
btub_a0ab39ih84,btub_a0ab39ih84_afdb_v6,btub,btub,A0AB39IH84,,,raw_af2/AF-A0AB39IH84-F1-model_v6.pdb,,unknown,unknown,unknown,unknown,,,,false,,,AFDB,,test,bronze AFDB-only TBDT homolog from UniProt PF00593/PF07715 query; no experimental displacement label.,bronze_pseudo_or_self_supervised,bronze,0.1,UniProt,UniProt:PF00593_AND_PF07715,,622,,,,A0AB39IH84,6,afdb:downloaded
btub_a0ab74qsy6,btub_a0ab74qsy6_afdb_v6,btub,btub,A0AB74QSY6,,,raw_af2/AF-A0AB74QSY6-F1-model_v6.pdb,,unknown,unknown,unknown,unknown,,,,false,,,AFDB,,train,bronze AFDB-only TBDT homolog from UniProt PF00593/PF07715 query; no experimental displacement label.,bronze_pseudo_or_self_supervised,bronze,0.1,UniProt,UniProt:PF00593_AND_PF07715,,612,,,,A0AB74QSY6,6,afdb:downloaded
btub_a0abc9ipv7,btub_a0abc9ipv7_afdb_v6,btub,btub,A0ABC9IPV7,,,raw_af2/AF-A0ABC9IPV7-F1-model_v6.pdb,,unknown,unknown,unknown,unknown,,,,false,,,AFDB,,test,bronze AFDB-only TBDT homolog from UniProt PF00593/PF07715 query; no experimental displacement label.,bronze_pseudo_or_self_supervised,bronze,0.1,UniProt,UniProt:PF00593_AND_PF07715,,625,,,,A0ABC9IPV7,6,afdb:downloaded
btub_a0abd5ip34,btub_a0abd5ip34_afdb_v6,btub,btub,A0ABD5IP34,,,raw_af2/AF-A0ABD5IP34-F1-model_v6.pdb,,unknown,unknown,unknown,unknown,,,,false,,,AFDB,,val,bronze AFDB-only TBDT homolog from UniProt PF00593/PF07715 query; no experimental displacement label.,bronze_pseudo_or_self_supervised,bronze,0.1,UniProt,UniProt:PF00593_AND_PF07715,,622,,,,A0ABD5IP34,6,afdb:downloaded
btub_a6tgf0,btub_a6tgf0_afdb_v6,btub,btub,A6TGF0,,,raw_af2/AF-A6TGF0-F1-model_v6.pdb,,unknown,unknown,unknown,unknown,,,,false,,,AFDB,,train,bronze AFDB-only TBDT homolog from UniProt PF00593/PF07715 query; no experimental displacement label.,bronze_pseudo_or_self_supervised,bronze,0.1,UniProt,UniProt:PF00593_AND_PF07715,,618,,,,A6TGF0,6,afdb:downloaded
btub_a8gl73,btub_a8gl73_afdb_v6,btub,btub,A8GL73,,,raw_af2/AF-A8GL73-F1-model_v6.pdb,,unknown,unknown,unknown,unknown,,,,false,,,AFDB,,train,bronze AFDB-only TBDT homolog from UniProt PF00593/PF07715 query; no experimental displacement label.,bronze_pseudo_or_self_supervised,bronze,0.1,UniProt,UniProt:PF00593_AND_PF07715,,623,,,,A8GL73,6,afdb:downloaded
btub_c0q482,btub_c0q482_afdb_v6,btub,btub,C0Q482,,,raw_af2/AF-C0Q482-F1-model_v6.pdb,,unknown,unknown,unknown,unknown,,,,false,,,AFDB,,train,bronze AFDB-only TBDT homolog from UniProt PF00593/PF07715 query; no experimental displacement label.,bronze_pseudo_or_self_supervised,bronze,0.1,UniProt,UniProt:PF00593_AND_PF07715,,614,,,,C0Q482,6,afdb:downloaded
btub_d3vh81,btub_d3vh81_afdb_v6,btub,btub,D3VH81,,,raw_af2/AF-D3VH81-F1-model_v6.pdb,,unknown,unknown,unknown,unknown,,,,false,,,AFDB,,train,bronze AFDB-only TBDT homolog from UniProt PF00593/PF07715 query; no experimental displacement label.,bronze_pseudo_or_self_supervised,bronze,0.1,UniProt,UniProt:PF00593_AND_PF07715,,614,,,,D3VH81,6,afdb:downloaded
btub_d4gdv9,btub_d4gdv9_afdb_v6,btub,btub,D4GDV9,,,raw_af2/AF-D4GDV9-F1-model_v6.pdb,,unknown,unknown,unknown,unknown,,,,false,,,AFDB,,test,bronze AFDB-only TBDT homolog from UniProt PF00593/PF07715 query; no experimental displacement label.,bronze_pseudo_or_self_supervised,bronze,0.1,UniProt,UniProt:PF00593_AND_PF07715,,618,,,,D4GDV9,6,afdb:downloaded
btub_h5v466,btub_h5v466_afdb_v6,btub,btub,H5V466,,,raw_af2/AF-H5V466-F1-model_v6.pdb,,unknown,unknown,unknown,unknown,,,,false,,,AFDB,,train,bronze AFDB-only TBDT homolog from UniProt PF00593/PF07715 query; no experimental displacement label.,bronze_pseudo_or_self_supervised,bronze,0.1,UniProt,UniProt:PF00593_AND_PF07715,,613,,,,H5V466,6,afdb:downloaded
btub_j7qj63,btub_j7qj63_afdb_v6,btub,btub,J7QJ63,,,raw_af2/AF-J7QJ63-F1-model_v6.pdb,,unknown,unknown,unknown,unknown,,,,false,,,AFDB,,train,bronze AFDB-only TBDT homolog from UniProt PF00593/PF07715 query; no experimental displacement label.,bronze_pseudo_or_self_supervised,bronze,0.1,UniProt,UniProt:PF00593_AND_PF07715,,614,,,,J7QJ63,6,afdb:downloaded
btub_s1p3s2,btub_s1p3s2_afdb_v6,btub,btub,S1P3S2,,,raw_af2/AF-S1P3S2-F1-model_v6.pdb,,unknown,unknown,unknown,unknown,,,,false,,,AFDB,,train,bronze AFDB-only TBDT homolog from UniProt PF00593/PF07715 query; no experimental displacement label.,bronze_pseudo_or_self_supervised,bronze,0.1,UniProt,UniProt:PF00593_AND_PF07715,,614,,,,S1P3S2,6,afdb:downloaded
btub_w1j2t0,btub_w1j2t0_afdb_v6,btub,btub,W1J2T0,,,raw_af2/AF-W1J2T0-F1-model_v6.pdb,,unknown,unknown,unknown,unknown,,,,false,,,AFDB,,train,bronze AFDB-only TBDT homolog from UniProt PF00593/PF07715 query; no experimental displacement label.,bronze_pseudo_or_self_supervised,bronze,0.1,UniProt,UniProt:PF00593_AND_PF07715,,604,,,,W1J2T0,6,afdb:downloaded
btub_a0a077qf17,btub_a0a077qf17_afdb_v6,btub,btub,A0A077QF17,,,raw_af2/AF-A0A077QF17-F1-model_v6.pdb,,unknown,unknown,unknown,unknown,,,,false,,,AFDB,,train,bronze AFDB-only TBDT homolog from UniProt PF00593/PF07715 query; no experimental displacement label.,bronze_pseudo_or_self_supervised,bronze,0.1,UniProt,UniProt:PF00593_AND_PF07715,,616,,,,A0A077QF17,6,afdb:downloaded
btub_a0a0a8vnm3,btub_a0a0a8vnm3_afdb_v6,btub,btub,A0A0A8VNM3,,,raw_af2/AF-A0A0A8VNM3-F1-model_v6.pdb,,unknown,unknown,unknown,unknown,,,,false,,,AFDB,,test,bronze AFDB-only TBDT homolog from UniProt PF00593/PF07715 query; no experimental displacement label.,bronze_pseudo_or_self_supervised,bronze,0.1,UniProt,UniProt:PF00593_AND_PF07715,,622,,,,A0A0A8VNM3,6,afdb:downloaded
btub_a0a0b6xeh9,btub_a0a0b6xeh9_afdb_v6,btub,btub,A0A0B6XEH9,,,raw_af2/AF-A0A0B6XEH9-F1-model_v6.pdb,,unknown,unknown,unknown,unknown,,,,false,,,AFDB,,train,bronze AFDB-only TBDT homolog from UniProt PF00593/PF07715 query; no experimental displacement label.,bronze_pseudo_or_self_supervised,bronze,0.1,UniProt,UniProt:PF00593_AND_PF07715,,616,,,,A0A0B6XEH9,6,afdb:downloaded
btub_a0a0i2wn25,btub_a0a0i2wn25_afdb_v6,btub,btub,A0A0I2WN25,,,raw_af2/AF-A0A0I2WN25-F1-model_v6.pdb,,unknown,unknown,unknown,unknown,,,,false,,,AFDB,,test,bronze AFDB-only TBDT homolog from UniProt PF00593/PF07715 query; no experimental displacement label.,bronze_pseudo_or_self_supervised,bronze,0.1,UniProt,UniProt:PF00593_AND_PF07715,,614,,,,A0A0I2WN25,6,afdb:downloaded
btub_a0a0j5fwz2,btub_a0a0j5fwz2_afdb_v6,btub,btub,A0A0J5FWZ2,,,raw_af2/AF-A0A0J5FWZ2-F1-model_v6.pdb,,unknown,unknown,unknown,unknown,,,,false,,,AFDB,,train,bronze AFDB-only TBDT homolog from UniProt PF00593/PF07715 query; no experimental displacement label.,bronze_pseudo_or_self_supervised,bronze,0.1,UniProt,UniProt:PF00593_AND_PF07715,,604,,,,A0A0J5FWZ2,6,afdb:downloaded
btub_a0a0j5lsr4,btub_a0a0j5lsr4_afdb_v6,btub,btub,A0A0J5LSR4,,,raw_af2/AF-A0A0J5LSR4-F1-model_v6.pdb,,unknown,unknown,unknown,unknown,,,,false,,,AFDB,,train,bronze AFDB-only TBDT homolog from UniProt PF00593/PF07715 query; no experimental displacement label.,bronze_pseudo_or_self_supervised,bronze,0.1,UniProt,UniProt:PF00593_AND_PF07715,,619,,,,A0A0J5LSR4,6,afdb:downloaded
btub_a0a0t9mpp1,btub_a0a0t9mpp1_afdb_v6,btub,btub,A0A0T9MPP1,,,raw_af2/AF-A0A0T9MPP1-F1-model_v6.pdb,,unknown,unknown,unknown,unknown,,,,false,,,AFDB,,val,bronze AFDB-only TBDT homolog from UniProt PF00593/PF07715 query; no experimental displacement label.,bronze_pseudo_or_self_supervised,bronze,0.1,UniProt,UniProt:PF00593_AND_PF07715,,627,,,,A0A0T9MPP1,6,afdb:downloaded
btub_a0a0t9py17,btub_a0a0t9py17_afdb_v6,btub,btub,A0A0T9PY17,,,raw_af2/AF-A0A0T9PY17-F1-model_v6.pdb,,unknown,unknown,unknown,unknown,,,,false,,,AFDB,,train,bronze AFDB-only TBDT homolog from UniProt PF00593/PF07715 query; no experimental displacement label.,bronze_pseudo_or_self_supervised,bronze,0.1,UniProt,UniProt:PF00593_AND_PF07715,,632,,,,A0A0T9PY17,6,afdb:downloaded
btub_a0a0t9ra27,btub_a0a0t9ra27_afdb_v6,btub,btub,A0A0T9RA27,,,raw_af2/AF-A0A0T9RA27-F1-model_v6.pdb,,unknown,unknown,unknown,unknown,,,,false,,,AFDB,,train,bronze AFDB-only TBDT homolog from UniProt PF00593/PF07715 query; no experimental displacement label.,bronze_pseudo_or_self_supervised,bronze,0.1,UniProt,UniProt:PF00593_AND_PF07715,,631,,,,A0A0T9RA27,6,afdb:downloaded
btub_a0a0w4y5n7,btub_a0a0w4y5n7_afdb_v6,btub,btub,A0A0W4Y5N7,,,raw_af2/AF-A0A0W4Y5N7-F1-model_v6.pdb,,unknown,unknown,unknown,unknown,,,,false,,,AFDB,,test,bronze AFDB-only TBDT homolog from UniProt PF00593/PF07715 query; no experimental displacement label.,bronze_pseudo_or_self_supervised,bronze,0.1,UniProt,UniProt:PF00593_AND_PF07715,,614,,,,A0A0W4Y5N7,6,afdb:downloaded
btub_a0a1c6yz40,btub_a0a1c6yz40_afdb_v6,btub,btub,A0A1C6YZ40,,,raw_af2/AF-A0A1C6YZ40-F1-model_v6.pdb,,unknown,unknown,unknown,unknown,,,,false,,,AFDB,,train,bronze AFDB-only TBDT homolog from UniProt PF00593/PF07715 query; no experimental displacement label.,bronze_pseudo_or_self_supervised,bronze,0.1,UniProt,UniProt:PF00593_AND_PF07715,,634,,,,A0A1C6YZ40,6,afdb:downloaded
btub_a0a1m0skc9,btub_a0a1m0skc9_afdb_v6,btub,btub,A0A1M0SKC9,,,raw_af2/AF-A0A1M0SKC9-F1-model_v6.pdb,,unknown,unknown,unknown,unknown,,,,false,,,AFDB,,train,bronze AFDB-only TBDT homolog from UniProt PF00593/PF07715 query; no experimental displacement label.,bronze_pseudo_or_self_supervised,bronze,0.1,UniProt,UniProt:PF00593_AND_PF07715,,612,,,,A0A1M0SKC9,6,afdb:downloaded
btub_a0a1q5tnv3,btub_a0a1q5tnv3_afdb_v6,btub,btub,A0A1Q5TNV3,,,raw_af2/AF-A0A1Q5TNV3-F1-model_v6.pdb,,unknown,unknown,unknown,unknown,,,,false,,,AFDB,,train,bronze AFDB-only TBDT homolog from UniProt PF00593/PF07715 query; no experimental displacement label.,bronze_pseudo_or_self_supervised,bronze,0.1,UniProt,UniProt:PF00593_AND_PF07715,,612,,,,A0A1Q5TNV3,6,afdb:downloaded
btub_a0a2a2m8f6,btub_a0a2a2m8f6_afdb_v6,btub,btub,A0A2A2M8F6,,,raw_af2/AF-A0A2A2M8F6-F1-model_v6.pdb,,unknown,unknown,unknown,unknown,,,,false,,,AFDB,,val,bronze AFDB-only TBDT homolog from UniProt PF00593/PF07715 query; no experimental displacement label.,bronze_pseudo_or_self_supervised,bronze,0.1,UniProt,UniProt:PF00593_AND_PF07715,,634,,,,A0A2A2M8F6,6,afdb:downloaded
btub_a0a2a6d6t1,btub_a0a2a6d6t1_afdb_v6,btub,btub,A0A2A6D6T1,,,raw_af2/AF-A0A2A6D6T1-F1-model_v6.pdb,,unknown,unknown,unknown,unknown,,,,false,,,AFDB,,train,bronze AFDB-only TBDT homolog from UniProt PF00593/PF07715 query; no experimental displacement label.,bronze_pseudo_or_self_supervised,bronze,0.1,UniProt,UniProt:PF00593_AND_PF07715,,614,,,,A0A2A6D6T1,6,afdb:downloaded
btub_a0a2d0iuy9,btub_a0a2d0iuy9_afdb_v6,btub,btub,A0A2D0IUY9,,,raw_af2/AF-A0A2D0IUY9-F1-model_v6.pdb,,unknown,unknown,unknown,unknown,,,,false,,,AFDB,,train,bronze AFDB-only TBDT homolog from UniProt PF00593/PF07715 query; no experimental displacement label.,bronze_pseudo_or_self_supervised,bronze,0.1,UniProt,UniProt:PF00593_AND_PF07715,,612,,,,A0A2D0IUY9,6,afdb:downloaded
btub_a0a2d0iwx1,btub_a0a2d0iwx1_afdb_v6,btub,btub,A0A2D0IWX1,,,raw_af2/AF-A0A2D0IWX1-F1-model_v6.pdb,,unknown,unknown,unknown,unknown,,,,false,,,AFDB,,train,bronze AFDB-only TBDT homolog from UniProt PF00593/PF07715 query; no experimental displacement label.,bronze_pseudo_or_self_supervised,bronze,0.1,UniProt,UniProt:PF00593_AND_PF07715,,604,,,,A0A2D0IWX1,6,afdb:downloaded
btub_a0a2d0jlt8,btub_a0a2d0jlt8_afdb_v6,btub,btub,A0A2D0JLT8,,,raw_af2/AF-A0A2D0JLT8-F1-model_v6.pdb,,unknown,unknown,unknown,unknown,,,,false,,,AFDB,,val,bronze AFDB-only TBDT homolog from UniProt PF00593/PF07715 query; no experimental displacement label.,bronze_pseudo_or_self_supervised,bronze,0.1,UniProt,UniProt:PF00593_AND_PF07715,,604,,,,A0A2D0JLT8,6,afdb:downloaded
btub_a0a2d0law4,btub_a0a2d0law4_afdb_v6,btub,btub,A0A2D0LAW4,,,raw_af2/AF-A0A2D0LAW4-F1-model_v6.pdb,,unknown,unknown,unknown,unknown,,,,false,,,AFDB,,train,bronze AFDB-only TBDT homolog from UniProt PF00593/PF07715 query; no experimental displacement label.,bronze_pseudo_or_self_supervised,bronze,0.1,UniProt,UniProt:PF00593_AND_PF07715,,612,,,,A0A2D0LAW4,6,afdb:downloaded
btub_a0a2f0psq3,btub_a0a2f0psq3_afdb_v6,btub,btub,A0A2F0PSQ3,,,raw_af2/AF-A0A2F0PSQ3-F1-model_v6.pdb,,unknown,unknown,unknown,unknown,,,,false,,,AFDB,,train,bronze AFDB-only TBDT homolog from UniProt PF00593/PF07715 query; no experimental displacement label.,bronze_pseudo_or_self_supervised,bronze,0.1,UniProt,UniProt:PF00593_AND_PF07715,,625,,,,A0A2F0PSQ3,6,afdb:downloaded
btub_a0a2i5hnu5,btub_a0a2i5hnu5_afdb_v6,btub,btub,A0A2I5HNU5,,,raw_af2/AF-A0A2I5HNU5-F1-model_v6.pdb,,unknown,unknown,unknown,unknown,,,,false,,,AFDB,,train,bronze AFDB-only TBDT homolog from UniProt PF00593/PF07715 query; no experimental displacement label.,bronze_pseudo_or_self_supervised,bronze,0.1,UniProt,UniProt:PF00593_AND_PF07715,,618,,,,A0A2I5HNU5,6,afdb:downloaded
btub_a0a2i5t349,btub_a0a2i5t349_afdb_v6,btub,btub,A0A2I5T349,,,raw_af2/AF-A0A2I5T349-F1-model_v6.pdb,,unknown,unknown,unknown,unknown,,,,false,,,AFDB,,train,bronze AFDB-only TBDT homolog from UniProt PF00593/PF07715 query; no experimental displacement label.,bronze_pseudo_or_self_supervised,bronze,0.1,UniProt,UniProt:PF00593_AND_PF07715,,623,,,,A0A2I5T349,6,afdb:downloaded
btub_a0a2j0phd0,btub_a0a2j0phd0_afdb_v6,btub,btub,A0A2J0PHD0,,,raw_af2/AF-A0A2J0PHD0-F1-model_v6.pdb,,unknown,unknown,unknown,unknown,,,,false,,,AFDB,,train,bronze AFDB-only TBDT homolog from UniProt PF00593/PF07715 query; no experimental displacement label.,bronze_pseudo_or_self_supervised,bronze,0.1,UniProt,UniProt:PF00593_AND_PF07715,,616,,,,A0A2J0PHD0,6,afdb:downloaded
btub_a0a2m9wc83,btub_a0a2m9wc83_afdb_v6,btub,btub,A0A2M9WC83,,,raw_af2/AF-A0A2M9WC83-F1-model_v6.pdb,,unknown,unknown,unknown,unknown,,,,false,,,AFDB,,train,bronze AFDB-only TBDT homolog from UniProt PF00593/PF07715 query; no experimental displacement label.,bronze_pseudo_or_self_supervised,bronze,0.1,UniProt,UniProt:PF00593_AND_PF07715,,623,,,,A0A2M9WC83,6,afdb:downloaded
btub_a0a2n5e0e4,btub_a0a2n5e0e4_afdb_v6,btub,btub,A0A2N5E0E4,,,raw_af2/AF-A0A2N5E0E4-F1-model_v6.pdb,,unknown,unknown,unknown,unknown,,,,false,,,AFDB,,train,bronze AFDB-only TBDT homolog from UniProt PF00593/PF07715 query; no experimental displacement label.,bronze_pseudo_or_self_supervised,bronze,0.1,UniProt,UniProt:PF00593_AND_PF07715,,623,,,,A0A2N5E0E4,6,afdb:downloaded
btub_a0a2s8jxd5,btub_a0a2s8jxd5_afdb_v6,btub,btub,A0A2S8JXD5,,,raw_af2/AF-A0A2S8JXD5-F1-model_v6.pdb,,unknown,unknown,unknown,unknown,,,,false,,,AFDB,,train,bronze AFDB-only TBDT homolog from UniProt PF00593/PF07715 query; no experimental displacement label.,bronze_pseudo_or_self_supervised,bronze,0.1,UniProt,UniProt:PF00593_AND_PF07715,,614,,,,A0A2S8JXD5,6,afdb:downloaded
btub_a0a2t8sxk3,btub_a0a2t8sxk3_afdb_v6,btub,btub,A0A2T8SXK3,,,raw_af2/AF-A0A2T8SXK3-F1-model_v6.pdb,,unknown,unknown,unknown,unknown,,,,false,,,AFDB,,train,bronze AFDB-only TBDT homolog from UniProt PF00593/PF07715 query; no experimental displacement label.,bronze_pseudo_or_self_supervised,bronze,0.1,UniProt,UniProt:PF00593_AND_PF07715,,614,,,,A0A2T8SXK3,6,afdb:downloaded
btub_a0a2v3kjl0,btub_a0a2v3kjl0_afdb_v6,btub,btub,A0A2V3KJL0,,,raw_af2/AF-A0A2V3KJL0-F1-model_v6.pdb,,unknown,unknown,unknown,unknown,,,,false,,,AFDB,,train,bronze AFDB-only TBDT homolog from UniProt PF00593/PF07715 query; no experimental displacement label.,bronze_pseudo_or_self_supervised,bronze,0.1,UniProt,UniProt:PF00593_AND_PF07715,,612,,,,A0A2V3KJL0,6,afdb:downloaded
btub_a0a2x2wq61,btub_a0a2x2wq61_afdb_v6,btub,btub,A0A2X2WQ61,,,raw_af2/AF-A0A2X2WQ61-F1-model_v6.pdb,,unknown,unknown,unknown,unknown,,,,false,,,AFDB,,test,bronze AFDB-only TBDT homolog from UniProt PF00593/PF07715 query; no experimental displacement label.,bronze_pseudo_or_self_supervised,bronze,0.1,UniProt,UniProt:PF00593_AND_PF07715,,622,,,,A0A2X2WQ61,6,afdb:downloaded
btub_a0a2y5axv3,btub_a0a2y5axv3_afdb_v6,btub,btub,A0A2Y5AXV3,,,raw_af2/AF-A0A2Y5AXV3-F1-model_v6.pdb,,unknown,unknown,unknown,unknown,,,,false,,,AFDB,,train,bronze AFDB-only TBDT homolog from UniProt PF00593/PF07715 query; no experimental displacement label.,bronze_pseudo_or_self_supervised,bronze,0.1,UniProt,UniProt:PF00593_AND_PF07715,,614,,,,A0A2Y5AXV3,6,afdb:downloaded
btub_a0a2y9u077,btub_a0a2y9u077_afdb_v6,btub,btub,A0A2Y9U077,,,raw_af2/AF-A0A2Y9U077-F1-model_v6.pdb,,unknown,unknown,unknown,unknown,,,,false,,,AFDB,,train,bronze AFDB-only TBDT homolog from UniProt PF00593/PF07715 query; no experimental displacement label.,bronze_pseudo_or_self_supervised,bronze,0.1,UniProt,UniProt:PF00593_AND_PF07715,,615,,,,A0A2Y9U077,6,afdb:downloaded
btub_a0a329vi59,btub_a0a329vi59_afdb_v6,btub,btub,A0A329VI59,,,raw_af2/AF-A0A329VI59-F1-model_v6.pdb,,unknown,unknown,unknown,unknown,,,,false,,,AFDB,,train,bronze AFDB-only TBDT homolog from UniProt PF00593/PF07715 query; no experimental displacement label.,bronze_pseudo_or_self_supervised,bronze,0.1,UniProt,UniProt:PF00593_AND_PF07715,,619,,,,A0A329VI59,6,afdb:downloaded
btub_a0a366i7b6,btub_a0a366i7b6_afdb_v6,btub,btub,A0A366I7B6,,,raw_af2/AF-A0A366I7B6-F1-model_v6.pdb,,unknown,unknown,unknown,unknown,,,,false,,,AFDB,,train,bronze AFDB-only TBDT homolog from UniProt PF00593/PF07715 query; no experimental displacement label.,bronze_pseudo_or_self_supervised,bronze,0.1,UniProt,UniProt:PF00593_AND_PF07715,,614,,,,A0A366I7B6,6,afdb:downloaded
btub_a0a376dq61,btub_a0a376dq61_afdb_v6,btub,btub,A0A376DQ61,,,raw_af2/AF-A0A376DQ61-F1-model_v6.pdb,,unknown,unknown,unknown,unknown,,,,false,,,AFDB,,train,bronze AFDB-only TBDT homolog from UniProt PF00593/PF07715 query; no experimental displacement label.,bronze_pseudo_or_self_supervised,bronze,0.1,UniProt,UniProt:PF00593_AND_PF07715,,616,,,,A0A376DQ61,6,afdb:downloaded
btub_a0a376fg32,btub_a0a376fg32_afdb_v6,btub,btub,A0A376FG32,,,raw_af2/AF-A0A376FG32-F1-model_v6.pdb,,unknown,unknown,unknown,unknown,,,,false,,,AFDB,,train,bronze AFDB-only TBDT homolog from UniProt PF00593/PF07715 query; no experimental displacement label.,bronze_pseudo_or_self_supervised,bronze,0.1,UniProt,UniProt:PF00593_AND_PF07715,,615,,,,A0A376FG32,6,afdb:downloaded
btub_a0a377pdr5,btub_a0a377pdr5_afdb_v6,btub,btub,A0A377PDR5,,,raw_af2/AF-A0A377PDR5-F1-model_v6.pdb,,unknown,unknown,unknown,unknown,,,,false,,,AFDB,,train,bronze AFDB-only TBDT homolog from UniProt PF00593/PF07715 query; no experimental displacement label.,bronze_pseudo_or_self_supervised,bronze,0.1,UniProt,UniProt:PF00593_AND_PF07715,,630,,,,A0A377PDR5,6,afdb:downloaded
btub_a0a379a9a1,btub_a0a379a9a1_afdb_v6,btub,btub,A0A379A9A1,,,raw_af2/AF-A0A379A9A1-F1-model_v6.pdb,,unknown,unknown,unknown,unknown,,,,false,,,AFDB,,train,bronze AFDB-only TBDT homolog from UniProt PF00593/PF07715 query; no experimental displacement label.,bronze_pseudo_or_self_supervised,bronze,0.1,UniProt,UniProt:PF00593_AND_PF07715,,625,,,,A0A379A9A1,6,afdb:downloaded
btub_a0a379qds3,btub_a0a379qds3_afdb_v6,btub,btub,A0A379QDS3,,,raw_af2/AF-A0A379QDS3-F1-model_v6.pdb,,unknown,unknown,unknown,unknown,,,,false,,,AFDB,,train,bronze AFDB-only TBDT homolog from UniProt PF00593/PF07715 query; no experimental displacement label.,bronze_pseudo_or_self_supervised,bronze,0.1,UniProt,UniProt:PF00593_AND_PF07715,,614,,,,A0A379QDS3,6,afdb:downloaded
btub_a0a379qxf9,btub_a0a379qxf9_afdb_v6,btub,btub,A0A379QXF9,,,raw_af2/AF-A0A379QXF9-F1-model_v6.pdb,,unknown,unknown,unknown,unknown,,,,false,,,AFDB,,train,bronze AFDB-only TBDT homolog from UniProt PF00593/PF07715 query; no experimental displacement label.,bronze_pseudo_or_self_supervised,bronze,0.1,UniProt,UniProt:PF00593_AND_PF07715,,614,,,,A0A379QXF9,6,afdb:downloaded
btub_a0a379yaa7,btub_a0a379yaa7_afdb_v6,btub,btub,A0A379YAA7,,,raw_af2/AF-A0A379YAA7-F1-model_v6.pdb,,unknown,unknown,unknown,unknown,,,,false,,,AFDB,,train,bronze AFDB-only TBDT homolog from UniProt PF00593/PF07715 query; no experimental displacement label.,bronze_pseudo_or_self_supervised,bronze,0.1,UniProt,UniProt:PF00593_AND_PF07715,,623,,,,A0A379YAA7,6,afdb:downloaded
btub_a0a386h9x8,btub_a0a386h9x8_afdb_v6,btub,btub,A0A386H9X8,,,raw_af2/AF-A0A386H9X8-F1-model_v6.pdb,,unknown,unknown,unknown,unknown,,,,false,,,AFDB,,val,bronze AFDB-only TBDT homolog from UniProt PF00593/PF07715 query; no experimental displacement label.,bronze_pseudo_or_self_supervised,bronze,0.1,UniProt,UniProt:PF00593_AND_PF07715,,630,,,,A0A386H9X8,6,afdb:downloaded
btub_a0a398pr11,btub_a0a398pr11_afdb_v6,btub,btub,A0A398PR11,,,raw_af2/AF-A0A398PR11-F1-model_v6.pdb,,unknown,unknown,unknown,unknown,,,,false,,,AFDB,,train,bronze AFDB-only TBDT homolog from UniProt PF00593/PF07715 query; no experimental displacement label.,bronze_pseudo_or_self_supervised,bronze,0.1,UniProt,UniProt:PF00593_AND_PF07715,,614,,,,A0A398PR11,6,afdb:downloaded
btub_a0a3a5jwr5,btub_a0a3a5jwr5_afdb_v6,btub,btub,A0A3A5JWR5,,,raw_af2/AF-A0A3A5JWR5-F1-model_v6.pdb,,unknown,unknown,unknown,unknown,,,,false,,,AFDB,,train,bronze AFDB-only TBDT homolog from UniProt PF00593/PF07715 query; no experimental displacement label.,bronze_pseudo_or_self_supervised,bronze,0.1,UniProt,UniProt:PF00593_AND_PF07715,,624,,,,A0A3A5JWR5,6,afdb:downloaded
btub_a0a3i8hbv0,btub_a0a3i8hbv0_afdb_v6,btub,btub,A0A3I8HBV0,,,raw_af2/AF-A0A3I8HBV0-F1-model_v6.pdb,,unknown,unknown,unknown,unknown,,,,false,,,AFDB,,train,bronze AFDB-only TBDT homolog from UniProt PF00593/PF07715 query; no experimental displacement label.,bronze_pseudo_or_self_supervised,bronze,0.1,UniProt,UniProt:PF00593_AND_PF07715,,618,,,,A0A3I8HBV0,6,afdb:downloaded
btub_a0a3j2q282,btub_a0a3j2q282_afdb_v6,btub,btub,A0A3J2Q282,,,raw_af2/AF-A0A3J2Q282-F1-model_v6.pdb,,unknown,unknown,unknown,unknown,,,,false,,,AFDB,,train,bronze AFDB-only TBDT homolog from UniProt PF00593/PF07715 query; no experimental displacement label.,bronze_pseudo_or_self_supervised,bronze,0.1,UniProt,UniProt:PF00593_AND_PF07715,,614,,,,A0A3J2Q282,6,afdb:downloaded
btub_a0a3l0wcr3,btub_a0a3l0wcr3_afdb_v6,btub,btub,A0A3L0WCR3,,,raw_af2/AF-A0A3L0WCR3-F1-model_v6.pdb,,unknown,unknown,unknown,unknown,,,,false,,,AFDB,,train,bronze AFDB-only TBDT homolog from UniProt PF00593/PF07715 query; no experimental displacement label.,bronze_pseudo_or_self_supervised,bronze,0.1,UniProt,UniProt:PF00593_AND_PF07715,,625,,,,A0A3L0WCR3,6,afdb:downloaded
btub_a0a3n0ftg9,btub_a0a3n0ftg9_afdb_v6,btub,btub,A0A3N0FTG9,,,raw_af2/AF-A0A3N0FTG9-F1-model_v6.pdb,,unknown,unknown,unknown,unknown,,,,false,,,AFDB,,train,bronze AFDB-only TBDT homolog from UniProt PF00593/PF07715 query; no experimental displacement label.,bronze_pseudo_or_self_supervised,bronze,0.1,UniProt,UniProt:PF00593_AND_PF07715,,627,,,,A0A3N0FTG9,6,afdb:downloaded
btub_a0a3s0xqz9,btub_a0a3s0xqz9_afdb_v6,btub,btub,A0A3S0XQZ9,,,raw_af2/AF-A0A3S0XQZ9-F1-model_v6.pdb,,unknown,unknown,unknown,unknown,,,,false,,,AFDB,,test,bronze AFDB-only TBDT homolog from UniProt PF00593/PF07715 query; no experimental displacement label.,bronze_pseudo_or_self_supervised,bronze,0.1,UniProt,UniProt:PF00593_AND_PF07715,,625,,,,A0A3S0XQZ9,6,afdb:downloaded
btub_a0a3t2wg78,btub_a0a3t2wg78_afdb_v6,btub,btub,A0A3T2WG78,,,raw_af2/AF-A0A3T2WG78-F1-model_v6.pdb,,unknown,unknown,unknown,unknown,,,,false,,,AFDB,,train,bronze AFDB-only TBDT homolog from UniProt PF00593/PF07715 query; no experimental displacement label.,bronze_pseudo_or_self_supervised,bronze,0.1,UniProt,UniProt:PF00593_AND_PF07715,,614,,,,A0A3T2WG78,6,afdb:downloaded
btub_a0a3u2m7g1,btub_a0a3u2m7g1_afdb_v6,btub,btub,A0A3U2M7G1,,,raw_af2/AF-A0A3U2M7G1-F1-model_v6.pdb,,unknown,unknown,unknown,unknown,,,,false,,,AFDB,,train,bronze AFDB-only TBDT homolog from UniProt PF00593/PF07715 query; no experimental displacement label.,bronze_pseudo_or_self_supervised,bronze,0.1,UniProt,UniProt:PF00593_AND_PF07715,,614,,,,A0A3U2M7G1,6,afdb:downloaded
btub_a0a3u8bmj2,btub_a0a3u8bmj2_afdb_v6,btub,btub,A0A3U8BMJ2,,,raw_af2/AF-A0A3U8BMJ2-F1-model_v6.pdb,,unknown,unknown,unknown,unknown,,,,false,,,AFDB,,train,bronze AFDB-only TBDT homolog from UniProt PF00593/PF07715 query; no experimental displacement label.,bronze_pseudo_or_self_supervised,bronze,0.1,UniProt,UniProt:PF00593_AND_PF07715,,614,,,,A0A3U8BMJ2,6,afdb:downloaded
btub_a0a3u8pge6,btub_a0a3u8pge6_afdb_v6,btub,btub,A0A3U8PGE6,,,raw_af2/AF-A0A3U8PGE6-F1-model_v6.pdb,,unknown,unknown,unknown,unknown,,,,false,,,AFDB,,train,bronze AFDB-only TBDT homolog from UniProt PF00593/PF07715 query; no experimental displacement label.,bronze_pseudo_or_self_supervised,bronze,0.1,UniProt,UniProt:PF00593_AND_PF07715,,614,,,,A0A3U8PGE6,6,afdb:downloaded
btub_a0a3u9dri3,btub_a0a3u9dri3_afdb_v6,btub,btub,A0A3U9DRI3,,,raw_af2/AF-A0A3U9DRI3-F1-model_v6.pdb,,unknown,unknown,unknown,unknown,,,,false,,,AFDB,,train,bronze AFDB-only TBDT homolog from UniProt PF00593/PF07715 query; no experimental displacement label.,bronze_pseudo_or_self_supervised,bronze,0.1,UniProt,UniProt:PF00593_AND_PF07715,,614,,,,A0A3U9DRI3,6,afdb:downloaded
btub_a0a3v3sab9,btub_a0a3v3sab9_afdb_v6,btub,btub,A0A3V3SAB9,,,raw_af2/AF-A0A3V3SAB9-F1-model_v6.pdb,,unknown,unknown,unknown,unknown,,,,false,,,AFDB,,train,bronze AFDB-only TBDT homolog from UniProt PF00593/PF07715 query; no experimental displacement label.,bronze_pseudo_or_self_supervised,bronze,0.1,UniProt,UniProt:PF00593_AND_PF07715,,618,,,,A0A3V3SAB9,6,afdb:downloaded
btub_a0a3v4sqr1,btub_a0a3v4sqr1_afdb_v6,btub,btub,A0A3V4SQR1,,,raw_af2/AF-A0A3V4SQR1-F1-model_v6.pdb,,unknown,unknown,unknown,unknown,,,,false,,,AFDB,,train,bronze AFDB-only TBDT homolog from UniProt PF00593/PF07715 query; no experimental displacement label.,bronze_pseudo_or_self_supervised,bronze,0.1,UniProt,UniProt:PF00593_AND_PF07715,,618,,,,A0A3V4SQR1,6,afdb:downloaded
btub_a0a3v7isd8,btub_a0a3v7isd8_afdb_v6,btub,btub,A0A3V7ISD8,,,raw_af2/AF-A0A3V7ISD8-F1-model_v6.pdb,,unknown,unknown,unknown,unknown,,,,false,,,AFDB,,train,bronze AFDB-only TBDT homolog from UniProt PF00593/PF07715 query; no experimental displacement label.,bronze_pseudo_or_self_supervised,bronze,0.1,UniProt,UniProt:PF00593_AND_PF07715,,614,,,,A0A3V7ISD8,6,afdb:downloaded
btub_a0a3v9pv90,btub_a0a3v9pv90_afdb_v6,btub,btub,A0A3V9PV90,,,raw_af2/AF-A0A3V9PV90-F1-model_v6.pdb,,unknown,unknown,unknown,unknown,,,,false,,,AFDB,,train,bronze AFDB-only TBDT homolog from UniProt PF00593/PF07715 query; no experimental displacement label.,bronze_pseudo_or_self_supervised,bronze,0.1,UniProt,UniProt:PF00593_AND_PF07715,,614,,,,A0A3V9PV90,6,afdb:downloaded
btub_a0a3v9x5q6,btub_a0a3v9x5q6_afdb_v6,btub,btub,A0A3V9X5Q6,,,raw_af2/AF-A0A3V9X5Q6-F1-model_v6.pdb,,unknown,unknown,unknown,unknown,,,,false,,,AFDB,,val,bronze AFDB-only TBDT homolog from UniProt PF00593/PF07715 query; no experimental displacement label.,bronze_pseudo_or_self_supervised,bronze,0.1,UniProt,UniProt:PF00593_AND_PF07715,,614,,,,A0A3V9X5Q6,6,afdb:downloaded
btub_a0a3x9u269,btub_a0a3x9u269_afdb_v6,btub,btub,A0A3X9U269,,,raw_af2/AF-A0A3X9U269-F1-model_v6.pdb,,unknown,unknown,unknown,unknown,,,,false,,,AFDB,,train,bronze AFDB-only TBDT homolog from UniProt PF00593/PF07715 query; no experimental displacement label.,bronze_pseudo_or_self_supervised,bronze,0.1,UniProt,UniProt:PF00593_AND_PF07715,,614,,,,A0A3X9U269,6,afdb:downloaded
btub_a0a3y6q7e3,btub_a0a3y6q7e3_afdb_v6,btub,btub,A0A3Y6Q7E3,,,raw_af2/AF-A0A3Y6Q7E3-F1-model_v6.pdb,,unknown,unknown,unknown,unknown,,,,false,,,AFDB,,val,bronze AFDB-only TBDT homolog from UniProt PF00593/PF07715 query; no experimental displacement label.,bronze_pseudo_or_self_supervised,bronze,0.1,UniProt,UniProt:PF00593_AND_PF07715,,614,,,,A0A3Y6Q7E3,6,afdb:downloaded
btub_a0a3y6w572,btub_a0a3y6w572_afdb_v6,btub,btub,A0A3Y6W572,,,raw_af2/AF-A0A3Y6W572-F1-model_v6.pdb,,unknown,unknown,unknown,unknown,,,,false,,,AFDB,,test,bronze AFDB-only TBDT homolog from UniProt PF00593/PF07715 query; no experimental displacement label.,bronze_pseudo_or_self_supervised,bronze,0.1,UniProt,UniProt:PF00593_AND_PF07715,,614,,,,A0A3Y6W572,6,afdb:downloaded
btub_a0a3z0y0b0,btub_a0a3z0y0b0_afdb_v6,btub,btub,A0A3Z0Y0B0,,,raw_af2/AF-A0A3Z0Y0B0-F1-model_v6.pdb,,unknown,unknown,unknown,unknown,,,,false,,,AFDB,,train,bronze AFDB-only TBDT homolog from UniProt PF00593/PF07715 query; no experimental displacement label.,bronze_pseudo_or_self_supervised,bronze,0.1,UniProt,UniProt:PF00593_AND_PF07715,,614,,,,A0A3Z0Y0B0,6,afdb:downloaded
btub_a0a401api4,btub_a0a401api4_afdb_v6,btub,btub,A0A401API4,,,raw_af2/AF-A0A401API4-F1-model_v6.pdb,,unknown,unknown,unknown,unknown,,,,false,,,AFDB,,train,bronze AFDB-only TBDT homolog from UniProt PF00593/PF07715 query; no experimental displacement label.,bronze_pseudo_or_self_supervised,bronze,0.1,UniProt,UniProt:PF00593_AND_PF07715,,614,,,,A0A401API4,6,afdb:downloaded
btub_a0a403fct7,btub_a0a403fct7_afdb_v6,btub,btub,A0A403FCT7,,,raw_af2/AF-A0A403FCT7-F1-model_v6.pdb,,unknown,unknown,unknown,unknown,,,,false,,,AFDB,,train,bronze AFDB-only TBDT homolog from UniProt PF00593/PF07715 query; no experimental displacement label.,bronze_pseudo_or_self_supervised,bronze,0.1,UniProt,UniProt:PF00593_AND_PF07715,,618,,,,A0A403FCT7,6,afdb:downloaded
btub_a0a403m3i5,btub_a0a403m3i5_afdb_v6,btub,btub,A0A403M3I5,,,raw_af2/AF-A0A403M3I5-F1-model_v6.pdb,,unknown,unknown,unknown,unknown,,,,false,,,AFDB,,val,bronze AFDB-only TBDT homolog from UniProt PF00593/PF07715 query; no experimental displacement label.,bronze_pseudo_or_self_supervised,bronze,0.1,UniProt,UniProt:PF00593_AND_PF07715,,614,,,,A0A403M3I5,6,afdb:downloaded
btub_a0a411wft4,btub_a0a411wft4_afdb_v6,btub,btub,A0A411WFT4,,,raw_af2/AF-A0A411WFT4-F1-model_v6.pdb,,unknown,unknown,unknown,unknown,,,,false,,,AFDB,,val,bronze AFDB-only TBDT homolog from UniProt PF00593/PF07715 query; no experimental displacement label.,bronze_pseudo_or_self_supervised,bronze,0.1,UniProt,UniProt:PF00593_AND_PF07715,,619,,,,A0A411WFT4,6,afdb:downloaded
btub_a0a422vra5,btub_a0a422vra5_afdb_v6,btub,btub,A0A422VRA5,,,raw_af2/AF-A0A422VRA5-F1-model_v6.pdb,,unknown,unknown,unknown,unknown,,,,false,,,AFDB,,train,bronze AFDB-only TBDT homolog from UniProt PF00593/PF07715 query; no experimental displacement label.,bronze_pseudo_or_self_supervised,bronze,0.1,UniProt,UniProt:PF00593_AND_PF07715,,612,,,,A0A422VRA5,6,afdb:downloaded
btub_a0a4p8yh99,btub_a0a4p8yh99_afdb_v6,btub,btub,A0A4P8YH99,,,raw_af2/AF-A0A4P8YH99-F1-model_v6.pdb,,unknown,unknown,unknown,unknown,,,,false,,,AFDB,,val,bronze AFDB-only TBDT homolog from UniProt PF00593/PF07715 query; no experimental displacement label.,bronze_pseudo_or_self_supervised,bronze,0.1,UniProt,UniProt:PF00593_AND_PF07715,,622,,,,A0A4P8YH99,6,afdb:downloaded
btub_a0a4q8p3q6,btub_a0a4q8p3q6_afdb_v6,btub,btub,A0A4Q8P3Q6,,,raw_af2/AF-A0A4Q8P3Q6-F1-model_v6.pdb,,unknown,unknown,unknown,unknown,,,,false,,,AFDB,,train,bronze AFDB-only TBDT homolog from UniProt PF00593/PF07715 query; no experimental displacement label.,bronze_pseudo_or_self_supervised,bronze,0.1,UniProt,UniProt:PF00593_AND_PF07715,,614,,,,A0A4Q8P3Q6,6,afdb:downloaded
btub_a0a4q9evp4,btub_a0a4q9evp4_afdb_v6,btub,btub,A0A4Q9EVP4,,,raw_af2/AF-A0A4Q9EVP4-F1-model_v6.pdb,,unknown,unknown,unknown,unknown,,,,false,,,AFDB,,train,bronze AFDB-only TBDT homolog from UniProt PF00593/PF07715 query; no experimental displacement label.,bronze_pseudo_or_self_supervised,bronze,0.1,UniProt,UniProt:PF00593_AND_PF07715,,634,,,,A0A4Q9EVP4,6,afdb:downloaded
btub_a0a4u7zt77,btub_a0a4u7zt77_afdb_v6,btub,btub,A0A4U7ZT77,,,raw_af2/AF-A0A4U7ZT77-F1-model_v6.pdb,,unknown,unknown,unknown,unknown,,,,false,,,AFDB,,val,bronze AFDB-only TBDT homolog from UniProt PF00593/PF07715 query; no experimental displacement label.,bronze_pseudo_or_self_supervised,bronze,0.1,UniProt,UniProt:PF00593_AND_PF07715,,614,,,,A0A4U7ZT77,6,afdb:downloaded
btub_a0a4v1ds89,btub_a0a4v1ds89_afdb_v6,btub,btub,A0A4V1DS89,,,raw_af2/AF-A0A4V1DS89-F1-model_v6.pdb,,unknown,unknown,unknown,unknown,,,,false,,,AFDB,,test,bronze AFDB-only TBDT homolog from UniProt PF00593/PF07715 query; no experimental displacement label.,bronze_pseudo_or_self_supervised,bronze,0.1,UniProt,UniProt:PF00593_AND_PF07715,,614,,,,A0A4V1DS89,6,afdb:downloaded
btub_a0a4v4eru9,btub_a0a4v4eru9_afdb_v6,btub,btub,A0A4V4ERU9,,,raw_af2/AF-A0A4V4ERU9-F1-model_v6.pdb,,unknown,unknown,unknown,unknown,,,,false,,,AFDB,,train,bronze AFDB-only TBDT homolog from UniProt PF00593/PF07715 query; no experimental displacement label.,bronze_pseudo_or_self_supervised,bronze,0.1,UniProt,UniProt:PF00593_AND_PF07715,,618,,,,A0A4V4ERU9,6,afdb:downloaded
btub_a0a506v5z7,btub_a0a506v5z7_afdb_v6,btub,btub,A0A506V5Z7,,,raw_af2/AF-A0A506V5Z7-F1-model_v6.pdb,,unknown,unknown,unknown,unknown,,,,false,,,AFDB,,train,bronze AFDB-only TBDT homolog from UniProt PF00593/PF07715 query; no experimental displacement label.,bronze_pseudo_or_self_supervised,bronze,0.1,UniProt,UniProt:PF00593_AND_PF07715,,625,,,,A0A506V5Z7,6,afdb:downloaded
btub_a0a518xgs8,btub_a0a518xgs8_afdb_v6,btub,btub,A0A518XGS8,,,raw_af2/AF-A0A518XGS8-F1-model_v6.pdb,,unknown,unknown,unknown,unknown,,,,false,,,AFDB,,train,bronze AFDB-only TBDT homolog from UniProt PF00593/PF07715 query; no experimental displacement label.,bronze_pseudo_or_self_supervised,bronze,0.1,UniProt,UniProt:PF00593_AND_PF07715,,626,,,,A0A518XGS8,6,afdb:downloaded
btub_a0a542bh06,btub_a0a542bh06_afdb_v6,btub,btub,A0A542BH06,,,raw_af2/AF-A0A542BH06-F1-model_v6.pdb,,unknown,unknown,unknown,unknown,,,,false,,,AFDB,,train,bronze AFDB-only TBDT homolog from UniProt PF00593/PF07715 query; no experimental displacement label.,bronze_pseudo_or_self_supervised,bronze,0.1,UniProt,UniProt:PF00593_AND_PF07715,,628,,,,A0A542BH06,6,afdb:downloaded
btub_a0a5h5wwu9,btub_a0a5h5wwu9_afdb_v6,btub,btub,A0A5H5WWU9,,,raw_af2/AF-A0A5H5WWU9-F1-model_v6.pdb,,unknown,unknown,unknown,unknown,,,,false,,,AFDB,,train,bronze AFDB-only TBDT homolog from UniProt PF00593/PF07715 query; no experimental displacement label.,bronze_pseudo_or_self_supervised,bronze,0.1,UniProt,UniProt:PF00593_AND_PF07715,,614,,,,A0A5H5WWU9,6,afdb:downloaded
btub_a0a5h6aku0,btub_a0a5h6aku0_afdb_v6,btub,btub,A0A5H6AKU0,,,raw_af2/AF-A0A5H6AKU0-F1-model_v6.pdb,,unknown,unknown,unknown,unknown,,,,false,,,AFDB,,val,bronze AFDB-only TBDT homolog from UniProt PF00593/PF07715 query; no experimental displacement label.,bronze_pseudo_or_self_supervised,bronze,0.1,UniProt,UniProt:PF00593_AND_PF07715,,614,,,,A0A5H6AKU0,6,afdb:downloaded
btub_a0a5h7bq09,btub_a0a5h7bq09_afdb_v6,btub,btub,A0A5H7BQ09,,,raw_af2/AF-A0A5H7BQ09-F1-model_v6.pdb,,unknown,unknown,unknown,unknown,,,,false,,,AFDB,,train,bronze AFDB-only TBDT homolog from UniProt PF00593/PF07715 query; no experimental displacement label.,bronze_pseudo_or_self_supervised,bronze,0.1,UniProt,UniProt:PF00593_AND_PF07715,,614,,,,A0A5H7BQ09,6,afdb:downloaded
btub_a0a5h7iia0,btub_a0a5h7iia0_afdb_v6,btub,btub,A0A5H7IIA0,,,raw_af2/AF-A0A5H7IIA0-F1-model_v6.pdb,,unknown,unknown,unknown,unknown,,,,false,,,AFDB,,train,bronze AFDB-only TBDT homolog from UniProt PF00593/PF07715 query; no experimental displacement label.,bronze_pseudo_or_self_supervised,bronze,0.1,UniProt,UniProt:PF00593_AND_PF07715,,614,,,,A0A5H7IIA0,6,afdb:downloaded
btub_a0a5i0knz7,btub_a0a5i0knz7_afdb_v6,btub,btub,A0A5I0KNZ7,,,raw_af2/AF-A0A5I0KNZ7-F1-model_v6.pdb,,unknown,unknown,unknown,unknown,,,,false,,,AFDB,,test,bronze AFDB-only TBDT homolog from UniProt PF00593/PF07715 query; no experimental displacement label.,bronze_pseudo_or_self_supervised,bronze,0.1,UniProt,UniProt:PF00593_AND_PF07715,,614,,,,A0A5I0KNZ7,6,afdb:downloaded
btub_a0a5i1mdq6,btub_a0a5i1mdq6_afdb_v6,btub,btub,A0A5I1MDQ6,,,raw_af2/AF-A0A5I1MDQ6-F1-model_v6.pdb,,unknown,unknown,unknown,unknown,,,,false,,,AFDB,,train,bronze AFDB-only TBDT homolog from UniProt PF00593/PF07715 query; no experimental displacement label.,bronze_pseudo_or_self_supervised,bronze,0.1,UniProt,UniProt:PF00593_AND_PF07715,,614,,,,A0A5I1MDQ6,6,afdb:downloaded
btub_a0a5i1rx42,btub_a0a5i1rx42_afdb_v6,btub,btub,A0A5I1RX42,,,raw_af2/AF-A0A5I1RX42-F1-model_v6.pdb,,unknown,unknown,unknown,unknown,,,,false,,,AFDB,,test,bronze AFDB-only TBDT homolog from UniProt PF00593/PF07715 query; no experimental displacement label.,bronze_pseudo_or_self_supervised,bronze,0.1,UniProt,UniProt:PF00593_AND_PF07715,,614,,,,A0A5I1RX42,6,afdb:downloaded
btub_a0a5i7zrm5,btub_a0a5i7zrm5_afdb_v6,btub,btub,A0A5I7ZRM5,,,raw_af2/AF-A0A5I7ZRM5-F1-model_v6.pdb,,unknown,unknown,unknown,unknown,,,,false,,,AFDB,,train,bronze AFDB-only TBDT homolog from UniProt PF00593/PF07715 query; no experimental displacement label.,bronze_pseudo_or_self_supervised,bronze,0.1,UniProt,UniProt:PF00593_AND_PF07715,,614,,,,A0A5I7ZRM5,6,afdb:downloaded
btub_a0a5i8uyi1,btub_a0a5i8uyi1_afdb_v6,btub,btub,A0A5I8UYI1,,,raw_af2/AF-A0A5I8UYI1-F1-model_v6.pdb,,unknown,unknown,unknown,unknown,,,,false,,,AFDB,,train,bronze AFDB-only TBDT homolog from UniProt PF00593/PF07715 query; no experimental displacement label.,bronze_pseudo_or_self_supervised,bronze,0.1,UniProt,UniProt:PF00593_AND_PF07715,,614,,,,A0A5I8UYI1,6,afdb:downloaded
btub_a0a5i9baq4,btub_a0a5i9baq4_afdb_v6,btub,btub,A0A5I9BAQ4,,,raw_af2/AF-A0A5I9BAQ4-F1-model_v6.pdb,,unknown,unknown,unknown,unknown,,,,false,,,AFDB,,train,bronze AFDB-only TBDT homolog from UniProt PF00593/PF07715 query; no experimental displacement label.,bronze_pseudo_or_self_supervised,bronze,0.1,UniProt,UniProt:PF00593_AND_PF07715,,614,,,,A0A5I9BAQ4,6,afdb:downloaded
btub_a0a5i9dq83,btub_a0a5i9dq83_afdb_v6,btub,btub,A0A5I9DQ83,,,raw_af2/AF-A0A5I9DQ83-F1-model_v6.pdb,,unknown,unknown,unknown,unknown,,,,false,,,AFDB,,test,bronze AFDB-only TBDT homolog from UniProt PF00593/PF07715 query; no experimental displacement label.,bronze_pseudo_or_self_supervised,bronze,0.1,UniProt,UniProt:PF00593_AND_PF07715,,614,,,,A0A5I9DQ83,6,afdb:downloaded
btub_a0a5j0eva8,btub_a0a5j0eva8_afdb_v6,btub,btub,A0A5J0EVA8,,,raw_af2/AF-A0A5J0EVA8-F1-model_v6.pdb,,unknown,unknown,unknown,unknown,,,,false,,,AFDB,,train,bronze AFDB-only TBDT homolog from UniProt PF00593/PF07715 query; no experimental displacement label.,bronze_pseudo_or_self_supervised,bronze,0.1,UniProt,UniProt:PF00593_AND_PF07715,,614,,,,A0A5J0EVA8,6,afdb:downloaded
btub_a0a5j0nfj4,btub_a0a5j0nfj4_afdb_v6,btub,btub,A0A5J0NFJ4,,,raw_af2/AF-A0A5J0NFJ4-F1-model_v6.pdb,,unknown,unknown,unknown,unknown,,,,false,,,AFDB,,train,bronze AFDB-only TBDT homolog from UniProt PF00593/PF07715 query; no experimental displacement label.,bronze_pseudo_or_self_supervised,bronze,0.1,UniProt,UniProt:PF00593_AND_PF07715,,614,,,,A0A5J0NFJ4,6,afdb:downloaded
btub_a0a5j0vbt2,btub_a0a5j0vbt2_afdb_v6,btub,btub,A0A5J0VBT2,,,raw_af2/AF-A0A5J0VBT2-F1-model_v6.pdb,,unknown,unknown,unknown,unknown,,,,false,,,AFDB,,train,bronze AFDB-only TBDT homolog from UniProt PF00593/PF07715 query; no experimental displacement label.,bronze_pseudo_or_self_supervised,bronze,0.1,UniProt,UniProt:PF00593_AND_PF07715,,614,,,,A0A5J0VBT2,6,afdb:downloaded
btub_a0a5p0jc25,btub_a0a5p0jc25_afdb_v6,btub,btub,A0A5P0JC25,,,raw_af2/AF-A0A5P0JC25-F1-model_v6.pdb,,unknown,unknown,unknown,unknown,,,,false,,,AFDB,,train,bronze AFDB-only TBDT homolog from UniProt PF00593/PF07715 query; no experimental displacement label.,bronze_pseudo_or_self_supervised,bronze,0.1,UniProt,UniProt:PF00593_AND_PF07715,,614,,,,A0A5P0JC25,6,afdb:downloaded
btub_a0a5q2va38,btub_a0a5q2va38_afdb_v6,btub,btub,A0A5Q2VA38,,,raw_af2/AF-A0A5Q2VA38-F1-model_v6.pdb,,unknown,unknown,unknown,unknown,,,,false,,,AFDB,,train,bronze AFDB-only TBDT homolog from UniProt PF00593/PF07715 query; no experimental displacement label.,bronze_pseudo_or_self_supervised,bronze,0.1,UniProt,UniProt:PF00593_AND_PF07715,,623,,,,A0A5Q2VA38,6,afdb:downloaded
btub_a0a5r1yh12,btub_a0a5r1yh12_afdb_v6,btub,btub,A0A5R1YH12,,,raw_af2/AF-A0A5R1YH12-F1-model_v6.pdb,,unknown,unknown,unknown,unknown,,,,false,,,AFDB,,test,bronze AFDB-only TBDT homolog from UniProt PF00593/PF07715 query; no experimental displacement label.,bronze_pseudo_or_self_supervised,bronze,0.1,UniProt,UniProt:PF00593_AND_PF07715,,614,,,,A0A5R1YH12,6,afdb:downloaded
btub_a0a5t3mcm5,btub_a0a5t3mcm5_afdb_v6,btub,btub,A0A5T3MCM5,,,raw_af2/AF-A0A5T3MCM5-F1-model_v6.pdb,,unknown,unknown,unknown,unknown,,,,false,,,AFDB,,train,bronze AFDB-only TBDT homolog from UniProt PF00593/PF07715 query; no experimental displacement label.,bronze_pseudo_or_self_supervised,bronze,0.1,UniProt,UniProt:PF00593_AND_PF07715,,614,,,,A0A5T3MCM5,6,afdb:downloaded
btub_a0a5t5i2h1,btub_a0a5t5i2h1_afdb_v6,btub,btub,A0A5T5I2H1,,,raw_af2/AF-A0A5T5I2H1-F1-model_v6.pdb,,unknown,unknown,unknown,unknown,,,,false,,,AFDB,,train,bronze AFDB-only TBDT homolog from UniProt PF00593/PF07715 query; no experimental displacement label.,bronze_pseudo_or_self_supervised,bronze,0.1,UniProt,UniProt:PF00593_AND_PF07715,,614,,,,A0A5T5I2H1,6,afdb:downloaded
btub_a0a5t6b3h2,btub_a0a5t6b3h2_afdb_v6,btub,btub,A0A5T6B3H2,,,raw_af2/AF-A0A5T6B3H2-F1-model_v6.pdb,,unknown,unknown,unknown,unknown,,,,false,,,AFDB,,train,bronze AFDB-only TBDT homolog from UniProt PF00593/PF07715 query; no experimental displacement label.,bronze_pseudo_or_self_supervised,bronze,0.1,UniProt,UniProt:PF00593_AND_PF07715,,614,,,,A0A5T6B3H2,6,afdb:downloaded
btub_a0a5u1q8m6,btub_a0a5u1q8m6_afdb_v6,btub,btub,A0A5U1Q8M6,,,raw_af2/AF-A0A5U1Q8M6-F1-model_v6.pdb,,unknown,unknown,unknown,unknown,,,,false,,,AFDB,,train,bronze AFDB-only TBDT homolog from UniProt PF00593/PF07715 query; no experimental displacement label.,bronze_pseudo_or_self_supervised,bronze,0.1,UniProt,UniProt:PF00593_AND_PF07715,,626,,,,A0A5U1Q8M6,6,afdb:downloaded
btub_a0a5u5zmy8,btub_a0a5u5zmy8_afdb_v6,btub,btub,A0A5U5ZMY8,,,raw_af2/AF-A0A5U5ZMY8-F1-model_v6.pdb,,unknown,unknown,unknown,unknown,,,,false,,,AFDB,,test,bronze AFDB-only TBDT homolog from UniProt PF00593/PF07715 query; no experimental displacement label.,bronze_pseudo_or_self_supervised,bronze,0.1,UniProt,UniProt:PF00593_AND_PF07715,,614,,,,A0A5U5ZMY8,6,afdb:downloaded
btub_a0a5u8svx4,btub_a0a5u8svx4_afdb_v6,btub,btub,A0A5U8SVX4,,,raw_af2/AF-A0A5U8SVX4-F1-model_v6.pdb,,unknown,unknown,unknown,unknown,,,,false,,,AFDB,,train,bronze AFDB-only TBDT homolog from UniProt PF00593/PF07715 query; no experimental displacement label.,bronze_pseudo_or_self_supervised,bronze,0.1,UniProt,UniProt:PF00593_AND_PF07715,,636,,,,A0A5U8SVX4,6,afdb:downloaded
btub_a0a5v0qc30,btub_a0a5v0qc30_afdb_v6,btub,btub,A0A5V0QC30,,,raw_af2/AF-A0A5V0QC30-F1-model_v6.pdb,,unknown,unknown,unknown,unknown,,,,false,,,AFDB,,train,bronze AFDB-only TBDT homolog from UniProt PF00593/PF07715 query; no experimental displacement label.,bronze_pseudo_or_self_supervised,bronze,0.1,UniProt,UniProt:PF00593_AND_PF07715,,614,,,,A0A5V0QC30,6,afdb:downloaded
btub_a0a5v4tnv4,btub_a0a5v4tnv4_afdb_v6,btub,btub,A0A5V4TNV4,,,raw_af2/AF-A0A5V4TNV4-F1-model_v6.pdb,,unknown,unknown,unknown,unknown,,,,false,,,AFDB,,train,bronze AFDB-only TBDT homolog from UniProt PF00593/PF07715 query; no experimental displacement label.,bronze_pseudo_or_self_supervised,bronze,0.1,UniProt,UniProt:PF00593_AND_PF07715,,614,,,,A0A5V4TNV4,6,afdb:downloaded
btub_a0a5v5ia23,btub_a0a5v5ia23_afdb_v6,btub,btub,A0A5V5IA23,,,raw_af2/AF-A0A5V5IA23-F1-model_v6.pdb,,unknown,unknown,unknown,unknown,,,,false,,,AFDB,,test,bronze AFDB-only TBDT homolog from UniProt PF00593/PF07715 query; no experimental displacement label.,bronze_pseudo_or_self_supervised,bronze,0.1,UniProt,UniProt:PF00593_AND_PF07715,,618,,,,A0A5V5IA23,6,afdb:downloaded
btub_a0a5w1rs66,btub_a0a5w1rs66_afdb_v6,btub,btub,A0A5W1RS66,,,raw_af2/AF-A0A5W1RS66-F1-model_v6.pdb,,unknown,unknown,unknown,unknown,,,,false,,,AFDB,,train,bronze AFDB-only TBDT homolog from UniProt PF00593/PF07715 query; no experimental displacement label.,bronze_pseudo_or_self_supervised,bronze,0.1,UniProt,UniProt:PF00593_AND_PF07715,,614,,,,A0A5W1RS66,6,afdb:downloaded
btub_a0a5w2lq17,btub_a0a5w2lq17_afdb_v6,btub,btub,A0A5W2LQ17,,,raw_af2/AF-A0A5W2LQ17-F1-model_v6.pdb,,unknown,unknown,unknown,unknown,,,,false,,,AFDB,,val,bronze AFDB-only TBDT homolog from UniProt PF00593/PF07715 query; no experimental displacement label.,bronze_pseudo_or_self_supervised,bronze,0.1,UniProt,UniProt:PF00593_AND_PF07715,,614,,,,A0A5W2LQ17,6,afdb:downloaded
btub_a0a5w7rtx2,btub_a0a5w7rtx2_afdb_v6,btub,btub,A0A5W7RTX2,,,raw_af2/AF-A0A5W7RTX2-F1-model_v6.pdb,,unknown,unknown,unknown,unknown,,,,false,,,AFDB,,train,bronze AFDB-only TBDT homolog from UniProt PF00593/PF07715 query; no experimental displacement label.,bronze_pseudo_or_self_supervised,bronze,0.1,UniProt,UniProt:PF00593_AND_PF07715,,618,,,,A0A5W7RTX2,6,afdb:downloaded
btub_a0a5w8mfg9,btub_a0a5w8mfg9_afdb_v6,btub,btub,A0A5W8MFG9,,,raw_af2/AF-A0A5W8MFG9-F1-model_v6.pdb,,unknown,unknown,unknown,unknown,,,,false,,,AFDB,,train,bronze AFDB-only TBDT homolog from UniProt PF00593/PF07715 query; no experimental displacement label.,bronze_pseudo_or_self_supervised,bronze,0.1,UniProt,UniProt:PF00593_AND_PF07715,,614,,,,A0A5W8MFG9,6,afdb:downloaded
btub_a0a5x5nq39,btub_a0a5x5nq39_afdb_v6,btub,btub,A0A5X5NQ39,,,raw_af2/AF-A0A5X5NQ39-F1-model_v6.pdb,,unknown,unknown,unknown,unknown,,,,false,,,AFDB,,val,bronze AFDB-only TBDT homolog from UniProt PF00593/PF07715 query; no experimental displacement label.,bronze_pseudo_or_self_supervised,bronze,0.1,UniProt,UniProt:PF00593_AND_PF07715,,614,,,,A0A5X5NQ39,6,afdb:downloaded
btub_a0a5x7k2s8,btub_a0a5x7k2s8_afdb_v6,btub,btub,A0A5X7K2S8,,,raw_af2/AF-A0A5X7K2S8-F1-model_v6.pdb,,unknown,unknown,unknown,unknown,,,,false,,,AFDB,,val,bronze AFDB-only TBDT homolog from UniProt PF00593/PF07715 query; no experimental displacement label.,bronze_pseudo_or_self_supervised,bronze,0.1,UniProt,UniProt:PF00593_AND_PF07715,,614,,,,A0A5X7K2S8,6,afdb:downloaded
btub_a0a5y0mp22,btub_a0a5y0mp22_afdb_v6,btub,btub,A0A5Y0MP22,,,raw_af2/AF-A0A5Y0MP22-F1-model_v6.pdb,,unknown,unknown,unknown,unknown,,,,false,,,AFDB,,train,bronze AFDB-only TBDT homolog from UniProt PF00593/PF07715 query; no experimental displacement label.,bronze_pseudo_or_self_supervised,bronze,0.1,UniProt,UniProt:PF00593_AND_PF07715,,614,,,,A0A5Y0MP22,6,afdb:downloaded
btub_a0a5y2kpz2,btub_a0a5y2kpz2_afdb_v6,btub,btub,A0A5Y2KPZ2,,,raw_af2/AF-A0A5Y2KPZ2-F1-model_v6.pdb,,unknown,unknown,unknown,unknown,,,,false,,,AFDB,,test,bronze AFDB-only TBDT homolog from UniProt PF00593/PF07715 query; no experimental displacement label.,bronze_pseudo_or_self_supervised,bronze,0.1,UniProt,UniProt:PF00593_AND_PF07715,,614,,,,A0A5Y2KPZ2,6,afdb:downloaded
btub_a0a5y3xhs5,btub_a0a5y3xhs5_afdb_v6,btub,btub,A0A5Y3XHS5,,,raw_af2/AF-A0A5Y3XHS5-F1-model_v6.pdb,,unknown,unknown,unknown,unknown,,,,false,,,AFDB,,test,bronze AFDB-only TBDT homolog from UniProt PF00593/PF07715 query; no experimental displacement label.,bronze_pseudo_or_self_supervised,bronze,0.1,UniProt,UniProt:PF00593_AND_PF07715,,614,,,,A0A5Y3XHS5,6,afdb:downloaded
btub_a0a5y5xt48,btub_a0a5y5xt48_afdb_v6,btub,btub,A0A5Y5XT48,,,raw_af2/AF-A0A5Y5XT48-F1-model_v6.pdb,,unknown,unknown,unknown,unknown,,,,false,,,AFDB,,train,bronze AFDB-only TBDT homolog from UniProt PF00593/PF07715 query; no experimental displacement label.,bronze_pseudo_or_self_supervised,bronze,0.1,UniProt,UniProt:PF00593_AND_PF07715,,614,,,,A0A5Y5XT48,6,afdb:downloaded
btub_a0a5z0rbp0,btub_a0a5z0rbp0_afdb_v6,btub,btub,A0A5Z0RBP0,,,raw_af2/AF-A0A5Z0RBP0-F1-model_v6.pdb,,unknown,unknown,unknown,unknown,,,,false,,,AFDB,,test,bronze AFDB-only TBDT homolog from UniProt PF00593/PF07715 query; no experimental displacement label.,bronze_pseudo_or_self_supervised,bronze,0.1,UniProt,UniProt:PF00593_AND_PF07715,,614,,,,A0A5Z0RBP0,6,afdb:downloaded
btub_a0a5z2ezb4,btub_a0a5z2ezb4_afdb_v6,btub,btub,A0A5Z2EZB4,,,raw_af2/AF-A0A5Z2EZB4-F1-model_v6.pdb,,unknown,unknown,unknown,unknown,,,,false,,,AFDB,,test,bronze AFDB-only TBDT homolog from UniProt PF00593/PF07715 query; no experimental displacement label.,bronze_pseudo_or_self_supervised,bronze,0.1,UniProt,UniProt:PF00593_AND_PF07715,,614,,,,A0A5Z2EZB4,6,afdb:downloaded
btub_a0a602z088,btub_a0a602z088_afdb_v6,btub,btub,A0A602Z088,,,raw_af2/AF-A0A602Z088-F1-model_v6.pdb,,unknown,unknown,unknown,unknown,,,,false,,,AFDB,,val,bronze AFDB-only TBDT homolog from UniProt PF00593/PF07715 query; no experimental displacement label.,bronze_pseudo_or_self_supervised,bronze,0.1,UniProt,UniProt:PF00593_AND_PF07715,,614,,,,A0A602Z088,6,afdb:downloaded
btub_a0a607i680,btub_a0a607i680_afdb_v6,btub,btub,A0A607I680,,,raw_af2/AF-A0A607I680-F1-model_v6.pdb,,unknown,unknown,unknown,unknown,,,,false,,,AFDB,,train,bronze AFDB-only TBDT homolog from UniProt PF00593/PF07715 query; no experimental displacement label.,bronze_pseudo_or_self_supervised,bronze,0.1,UniProt,UniProt:PF00593_AND_PF07715,,614,,,,A0A607I680,6,afdb:downloaded
btub_a0a609wc36,btub_a0a609wc36_afdb_v6,btub,btub,A0A609WC36,,,raw_af2/AF-A0A609WC36-F1-model_v6.pdb,,unknown,unknown,unknown,unknown,,,,false,,,AFDB,,train,bronze AFDB-only TBDT homolog from UniProt PF00593/PF07715 query; no experimental displacement label.,bronze_pseudo_or_self_supervised,bronze,0.1,UniProt,UniProt:PF00593_AND_PF07715,,614,,,,A0A609WC36,6,afdb:downloaded
btub_a0a618ypr3,btub_a0a618ypr3_afdb_v6,btub,btub,A0A618YPR3,,,raw_af2/AF-A0A618YPR3-F1-model_v6.pdb,,unknown,unknown,unknown,unknown,,,,false,,,AFDB,,train,bronze AFDB-only TBDT homolog from UniProt PF00593/PF07715 query; no experimental displacement label.,bronze_pseudo_or_self_supervised,bronze,0.1,UniProt,UniProt:PF00593_AND_PF07715,,614,,,,A0A618YPR3,6,afdb:downloaded
btub_a0a622p5v9,btub_a0a622p5v9_afdb_v6,btub,btub,A0A622P5V9,,,raw_af2/AF-A0A622P5V9-F1-model_v6.pdb,,unknown,unknown,unknown,unknown,,,,false,,,AFDB,,test,bronze AFDB-only TBDT homolog from UniProt PF00593/PF07715 query; no experimental displacement label.,bronze_pseudo_or_self_supervised,bronze,0.1,UniProt,UniProt:PF00593_AND_PF07715,,614,,,,A0A622P5V9,6,afdb:downloaded
btub_a0a627bnq2,btub_a0a627bnq2_afdb_v6,btub,btub,A0A627BNQ2,,,raw_af2/AF-A0A627BNQ2-F1-model_v6.pdb,,unknown,unknown,unknown,unknown,,,,false,,,AFDB,,train,bronze AFDB-only TBDT homolog from UniProt PF00593/PF07715 query; no experimental displacement label.,bronze_pseudo_or_self_supervised,bronze,0.1,UniProt,UniProt:PF00593_AND_PF07715,,614,,,,A0A627BNQ2,6,afdb:downloaded
btub_a0a628pmd8,btub_a0a628pmd8_afdb_v6,btub,btub,A0A628PMD8,,,raw_af2/AF-A0A628PMD8-F1-model_v6.pdb,,unknown,unknown,unknown,unknown,,,,false,,,AFDB,,train,bronze AFDB-only TBDT homolog from UniProt PF00593/PF07715 query; no experimental displacement label.,bronze_pseudo_or_self_supervised,bronze,0.1,UniProt,UniProt:PF00593_AND_PF07715,,614,,,,A0A628PMD8,6,afdb:downloaded
btub_a0a633ebl4,btub_a0a633ebl4_afdb_v6,btub,btub,A0A633EBL4,,,raw_af2/AF-A0A633EBL4-F1-model_v6.pdb,,unknown,unknown,unknown,unknown,,,,false,,,AFDB,,train,bronze AFDB-only TBDT homolog from UniProt PF00593/PF07715 query; no experimental displacement label.,bronze_pseudo_or_self_supervised,bronze,0.1,UniProt,UniProt:PF00593_AND_PF07715,,614,,,,A0A633EBL4,6,afdb:downloaded
btub_a0a636kbe9,btub_a0a636kbe9_afdb_v6,btub,btub,A0A636KBE9,,,raw_af2/AF-A0A636KBE9-F1-model_v6.pdb,,unknown,unknown,unknown,unknown,,,,false,,,AFDB,,test,bronze AFDB-only TBDT homolog from UniProt PF00593/PF07715 query; no experimental displacement label.,bronze_pseudo_or_self_supervised,bronze,0.1,UniProt,UniProt:PF00593_AND_PF07715,,614,,,,A0A636KBE9,6,afdb:downloaded
btub_a0a636nzj9,btub_a0a636nzj9_afdb_v6,btub,btub,A0A636NZJ9,,,raw_af2/AF-A0A636NZJ9-F1-model_v6.pdb,,unknown,unknown,unknown,unknown,,,,false,,,AFDB,,train,bronze AFDB-only TBDT homolog from UniProt PF00593/PF07715 query; no experimental displacement label.,bronze_pseudo_or_self_supervised,bronze,0.1,UniProt,UniProt:PF00593_AND_PF07715,,614,,,,A0A636NZJ9,6,afdb:downloaded
btub_a0a639nvx9,btub_a0a639nvx9_afdb_v6,btub,btub,A0A639NVX9,,,raw_af2/AF-A0A639NVX9-F1-model_v6.pdb,,unknown,unknown,unknown,unknown,,,,false,,,AFDB,,train,bronze AFDB-only TBDT homolog from UniProt PF00593/PF07715 query; no experimental displacement label.,bronze_pseudo_or_self_supervised,bronze,0.1,UniProt,UniProt:PF00593_AND_PF07715,,614,,,,A0A639NVX9,6,afdb:downloaded
btub_a0a657fxw0,btub_a0a657fxw0_afdb_v6,btub,btub,A0A657FXW0,,,raw_af2/AF-A0A657FXW0-F1-model_v6.pdb,,unknown,unknown,unknown,unknown,,,,false,,,AFDB,,train,bronze AFDB-only TBDT homolog from UniProt PF00593/PF07715 query; no experimental displacement label.,bronze_pseudo_or_self_supervised,bronze,0.1,UniProt,UniProt:PF00593_AND_PF07715,,614,,,,A0A657FXW0,6,afdb:downloaded
btub_a0a6c6zxk3,btub_a0a6c6zxk3_afdb_v6,btub,btub,A0A6C6ZXK3,,,raw_af2/AF-A0A6C6ZXK3-F1-model_v6.pdb,,unknown,unknown,unknown,unknown,,,,false,,,AFDB,,train,bronze AFDB-only TBDT homolog from UniProt PF00593/PF07715 query; no experimental displacement label.,bronze_pseudo_or_self_supervised,bronze,0.1,UniProt,UniProt:PF00593_AND_PF07715,,614,,,,A0A6C6ZXK3,6,afdb:downloaded
btub_a0a6c8lkp6,btub_a0a6c8lkp6_afdb_v6,btub,btub,A0A6C8LKP6,,,raw_af2/AF-A0A6C8LKP6-F1-model_v6.pdb,,unknown,unknown,unknown,unknown,,,,false,,,AFDB,,train,bronze AFDB-only TBDT homolog from UniProt PF00593/PF07715 query; no experimental displacement label.,bronze_pseudo_or_self_supervised,bronze,0.1,UniProt,UniProt:PF00593_AND_PF07715,,618,,,,A0A6C8LKP6,6,afdb:downloaded
btub_a0a6c8yi67,btub_a0a6c8yi67_afdb_v6,btub,btub,A0A6C8YI67,,,raw_af2/AF-A0A6C8YI67-F1-model_v6.pdb,,unknown,unknown,unknown,unknown,,,,false,,,AFDB,,train,bronze AFDB-only TBDT homolog from UniProt PF00593/PF07715 query; no experimental displacement label.,bronze_pseudo_or_self_supervised,bronze,0.1,UniProt,UniProt:PF00593_AND_PF07715,,618,,,,A0A6C8YI67,6,afdb:downloaded
btub_a0a6i6f688,btub_a0a6i6f688_afdb_v6,btub,btub,A0A6I6F688,,,raw_af2/AF-A0A6I6F688-F1-model_v6.pdb,,unknown,unknown,unknown,unknown,,,,false,,,AFDB,,train,bronze AFDB-only TBDT homolog from UniProt PF00593/PF07715 query; no experimental displacement label.,bronze_pseudo_or_self_supervised,bronze,0.1,UniProt,UniProt:PF00593_AND_PF07715,,622,,,,A0A6I6F688,6,afdb:downloaded
btub_a0a6i7d430,btub_a0a6i7d430_afdb_v6,btub,btub,A0A6I7D430,,,raw_af2/AF-A0A6I7D430-F1-model_v6.pdb,,unknown,unknown,unknown,unknown,,,,false,,,AFDB,,train,bronze AFDB-only TBDT homolog from UniProt PF00593/PF07715 query; no experimental displacement label.,bronze_pseudo_or_self_supervised,bronze,0.1,UniProt,UniProt:PF00593_AND_PF07715,,618,,,,A0A6I7D430,6,afdb:downloaded
btub_a0a6p1v1c6,btub_a0a6p1v1c6_afdb_v6,btub,btub,A0A6P1V1C6,,,raw_af2/AF-A0A6P1V1C6-F1-model_v6.pdb,,unknown,unknown,unknown,unknown,,,,false,,,AFDB,,train,bronze AFDB-only TBDT homolog from UniProt PF00593/PF07715 query; no experimental displacement label.,bronze_pseudo_or_self_supervised,bronze,0.1,UniProt,UniProt:PF00593_AND_PF07715,,615,,,,A0A6P1V1C6,6,afdb:downloaded
btub_a0a6v9xn18,btub_a0a6v9xn18_afdb_v6,btub,btub,A0A6V9XN18,,,raw_af2/AF-A0A6V9XN18-F1-model_v6.pdb,,unknown,unknown,unknown,unknown,,,,false,,,AFDB,,train,bronze AFDB-only TBDT homolog from UniProt PF00593/PF07715 query; no experimental displacement label.,bronze_pseudo_or_self_supervised,bronze,0.1,UniProt,UniProt:PF00593_AND_PF07715,,614,,,,A0A6V9XN18,6,afdb:downloaded
btub_a0a6y1xwi9,btub_a0a6y1xwi9_afdb_v6,btub,btub,A0A6Y1XWI9,,,raw_af2/AF-A0A6Y1XWI9-F1-model_v6.pdb,,unknown,unknown,unknown,unknown,,,,false,,,AFDB,,train,bronze AFDB-only TBDT homolog from UniProt PF00593/PF07715 query; no experimental displacement label.,bronze_pseudo_or_self_supervised,bronze,0.1,UniProt,UniProt:PF00593_AND_PF07715,,614,,,,A0A6Y1XWI9,6,afdb:downloaded
btub_a0a6y3t1a7,btub_a0a6y3t1a7_afdb_v6,btub,btub,A0A6Y3T1A7,,,raw_af2/AF-A0A6Y3T1A7-F1-model_v6.pdb,,unknown,unknown,unknown,unknown,,,,false,,,AFDB,,train,bronze AFDB-only TBDT homolog from UniProt PF00593/PF07715 query; no experimental displacement label.,bronze_pseudo_or_self_supervised,bronze,0.1,UniProt,UniProt:PF00593_AND_PF07715,,614,,,,A0A6Y3T1A7,6,afdb:downloaded
btub_a0a6y5ysm0,btub_a0a6y5ysm0_afdb_v6,btub,btub,A0A6Y5YSM0,,,raw_af2/AF-A0A6Y5YSM0-F1-model_v6.pdb,,unknown,unknown,unknown,unknown,,,,false,,,AFDB,,test,bronze AFDB-only TBDT homolog from UniProt PF00593/PF07715 query; no experimental displacement label.,bronze_pseudo_or_self_supervised,bronze,0.1,UniProt,UniProt:PF00593_AND_PF07715,,614,,,,A0A6Y5YSM0,6,afdb:downloaded
btub_a0a701k7k3,btub_a0a701k7k3_afdb_v6,btub,btub,A0A701K7K3,,,raw_af2/AF-A0A701K7K3-F1-model_v6.pdb,,unknown,unknown,unknown,unknown,,,,false,,,AFDB,,test,bronze AFDB-only TBDT homolog from UniProt PF00593/PF07715 query; no experimental displacement label.,bronze_pseudo_or_self_supervised,bronze,0.1,UniProt,UniProt:PF00593_AND_PF07715,,614,,,,A0A701K7K3,6,afdb:downloaded
btub_a0a702lj70,btub_a0a702lj70_afdb_v6,btub,btub,A0A702LJ70,,,raw_af2/AF-A0A702LJ70-F1-model_v6.pdb,,unknown,unknown,unknown,unknown,,,,false,,,AFDB,,train,bronze AFDB-only TBDT homolog from UniProt PF00593/PF07715 query; no experimental displacement label.,bronze_pseudo_or_self_supervised,bronze,0.1,UniProt,UniProt:PF00593_AND_PF07715,,614,,,,A0A702LJ70,6,afdb:downloaded
btub_a0a716ch53,btub_a0a716ch53_afdb_v6,btub,btub,A0A716CH53,,,raw_af2/AF-A0A716CH53-F1-model_v6.pdb,,unknown,unknown,unknown,unknown,,,,false,,,AFDB,,train,bronze AFDB-only TBDT homolog from UniProt PF00593/PF07715 query; no experimental displacement label.,bronze_pseudo_or_self_supervised,bronze,0.1,UniProt,UniProt:PF00593_AND_PF07715,,614,,,,A0A716CH53,6,afdb:downloaded
btub_a0a718rly4,btub_a0a718rly4_afdb_v6,btub,btub,A0A718RLY4,,,raw_af2/AF-A0A718RLY4-F1-model_v6.pdb,,unknown,unknown,unknown,unknown,,,,false,,,AFDB,,train,bronze AFDB-only TBDT homolog from UniProt PF00593/PF07715 query; no experimental displacement label.,bronze_pseudo_or_self_supervised,bronze,0.1,UniProt,UniProt:PF00593_AND_PF07715,,614,,,,A0A718RLY4,6,afdb:downloaded
btub_a0a719cxx3,btub_a0a719cxx3_afdb_v6,btub,btub,A0A719CXX3,,,raw_af2/AF-A0A719CXX3-F1-model_v6.pdb,,unknown,unknown,unknown,unknown,,,,false,,,AFDB,,train,bronze AFDB-only TBDT homolog from UniProt PF00593/PF07715 query; no experimental displacement label.,bronze_pseudo_or_self_supervised,bronze,0.1,UniProt,UniProt:PF00593_AND_PF07715,,614,,,,A0A719CXX3,6,afdb:downloaded
btub_a0a727mh21,btub_a0a727mh21_afdb_v6,btub,btub,A0A727MH21,,,raw_af2/AF-A0A727MH21-F1-model_v6.pdb,,unknown,unknown,unknown,unknown,,,,false,,,AFDB,,train,bronze AFDB-only TBDT homolog from UniProt PF00593/PF07715 query; no experimental displacement label.,bronze_pseudo_or_self_supervised,bronze,0.1,UniProt,UniProt:PF00593_AND_PF07715,,614,,,,A0A727MH21,6,afdb:downloaded
btub_a0a727tif2,btub_a0a727tif2_afdb_v6,btub,btub,A0A727TIF2,,,raw_af2/AF-A0A727TIF2-F1-model_v6.pdb,,unknown,unknown,unknown,unknown,,,,false,,,AFDB,,train,bronze AFDB-only TBDT homolog from UniProt PF00593/PF07715 query; no experimental displacement label.,bronze_pseudo_or_self_supervised,bronze,0.1,UniProt,UniProt:PF00593_AND_PF07715,,614,,,,A0A727TIF2,6,afdb:downloaded
btub_a0a729jvn1,btub_a0a729jvn1_afdb_v6,btub,btub,A0A729JVN1,,,raw_af2/AF-A0A729JVN1-F1-model_v6.pdb,,unknown,unknown,unknown,unknown,,,,false,,,AFDB,,train,bronze AFDB-only TBDT homolog from UniProt PF00593/PF07715 query; no experimental displacement label.,bronze_pseudo_or_self_supervised,bronze,0.1,UniProt,UniProt:PF00593_AND_PF07715,,618,,,,A0A729JVN1,6,afdb:downloaded
btub_a0a731jji1,btub_a0a731jji1_afdb_v6,btub,btub,A0A731JJI1,,,raw_af2/AF-A0A731JJI1-F1-model_v6.pdb,,unknown,unknown,unknown,unknown,,,,false,,,AFDB,,train,bronze AFDB-only TBDT homolog from UniProt PF00593/PF07715 query; no experimental displacement label.,bronze_pseudo_or_self_supervised,bronze,0.1,UniProt,UniProt:PF00593_AND_PF07715,,614,,,,A0A731JJI1,6,afdb:downloaded
btub_a0a731r962,btub_a0a731r962_afdb_v6,btub,btub,A0A731R962,,,raw_af2/AF-A0A731R962-F1-model_v6.pdb,,unknown,unknown,unknown,unknown,,,,false,,,AFDB,,train,bronze AFDB-only TBDT homolog from UniProt PF00593/PF07715 query; no experimental displacement label.,bronze_pseudo_or_self_supervised,bronze,0.1,UniProt,UniProt:PF00593_AND_PF07715,,614,,,,A0A731R962,6,afdb:downloaded
btub_a0a732cug0,btub_a0a732cug0_afdb_v6,btub,btub,A0A732CUG0,,,raw_af2/AF-A0A732CUG0-F1-model_v6.pdb,,unknown,unknown,unknown,unknown,,,,false,,,AFDB,,test,bronze AFDB-only TBDT homolog from UniProt PF00593/PF07715 query; no experimental displacement label.,bronze_pseudo_or_self_supervised,bronze,0.1,UniProt,UniProt:PF00593_AND_PF07715,,614,,,,A0A732CUG0,6,afdb:downloaded
btub_a0a732i6i7,btub_a0a732i6i7_afdb_v6,btub,btub,A0A732I6I7,,,raw_af2/AF-A0A732I6I7-F1-model_v6.pdb,,unknown,unknown,unknown,unknown,,,,false,,,AFDB,,train,bronze AFDB-only TBDT homolog from UniProt PF00593/PF07715 query; no experimental displacement label.,bronze_pseudo_or_self_supervised,bronze,0.1,UniProt,UniProt:PF00593_AND_PF07715,,614,,,,A0A732I6I7,6,afdb:downloaded
btub_a0a734hlv6,btub_a0a734hlv6_afdb_v6,btub,btub,A0A734HLV6,,,raw_af2/AF-A0A734HLV6-F1-model_v6.pdb,,unknown,unknown,unknown,unknown,,,,false,,,AFDB,,train,bronze AFDB-only TBDT homolog from UniProt PF00593/PF07715 query; no experimental displacement label.,bronze_pseudo_or_self_supervised,bronze,0.1,UniProt,UniProt:PF00593_AND_PF07715,,618,,,,A0A734HLV6,6,afdb:downloaded
btub_a0a737c4v2,btub_a0a737c4v2_afdb_v6,btub,btub,A0A737C4V2,,,raw_af2/AF-A0A737C4V2-F1-model_v6.pdb,,unknown,unknown,unknown,unknown,,,,false,,,AFDB,,train,bronze AFDB-only TBDT homolog from UniProt PF00593/PF07715 query; no experimental displacement label.,bronze_pseudo_or_self_supervised,bronze,0.1,UniProt,UniProt:PF00593_AND_PF07715,,618,,,,A0A737C4V2,6,afdb:downloaded
btub_a0a737iv85,btub_a0a737iv85_afdb_v6,btub,btub,A0A737IV85,,,raw_af2/AF-A0A737IV85-F1-model_v6.pdb,,unknown,unknown,unknown,unknown,,,,false,,,AFDB,,train,bronze AFDB-only TBDT homolog from UniProt PF00593/PF07715 query; no experimental displacement label.,bronze_pseudo_or_self_supervised,bronze,0.1,UniProt,UniProt:PF00593_AND_PF07715,,618,,,,A0A737IV85,6,afdb:downloaded
btub_a0a737nuy4,btub_a0a737nuy4_afdb_v6,btub,btub,A0A737NUY4,,,raw_af2/AF-A0A737NUY4-F1-model_v6.pdb,,unknown,unknown,unknown,unknown,,,,false,,,AFDB,,test,bronze AFDB-only TBDT homolog from UniProt PF00593/PF07715 query; no experimental displacement label.,bronze_pseudo_or_self_supervised,bronze,0.1,UniProt,UniProt:PF00593_AND_PF07715,,614,,,,A0A737NUY4,6,afdb:downloaded
btub_a0a737rnw4,btub_a0a737rnw4_afdb_v6,btub,btub,A0A737RNW4,,,raw_af2/AF-A0A737RNW4-F1-model_v6.pdb,,unknown,unknown,unknown,unknown,,,,false,,,AFDB,,train,bronze AFDB-only TBDT homolog from UniProt PF00593/PF07715 query; no experimental displacement label.,bronze_pseudo_or_self_supervised,bronze,0.1,UniProt,UniProt:PF00593_AND_PF07715,,614,,,,A0A737RNW4,6,afdb:downloaded
btub_a0a738aua9,btub_a0a738aua9_afdb_v6,btub,btub,A0A738AUA9,,,raw_af2/AF-A0A738AUA9-F1-model_v6.pdb,,unknown,unknown,unknown,unknown,,,,false,,,AFDB,,train,bronze AFDB-only TBDT homolog from UniProt PF00593/PF07715 query; no experimental displacement label.,bronze_pseudo_or_self_supervised,bronze,0.1,UniProt,UniProt:PF00593_AND_PF07715,,614,,,,A0A738AUA9,6,afdb:downloaded
btub_a0a741p9e4,btub_a0a741p9e4_afdb_v6,btub,btub,A0A741P9E4,,,raw_af2/AF-A0A741P9E4-F1-model_v6.pdb,,unknown,unknown,unknown,unknown,,,,false,,,AFDB,,val,bronze AFDB-only TBDT homolog from UniProt PF00593/PF07715 query; no experimental displacement label.,bronze_pseudo_or_self_supervised,bronze,0.1,UniProt,UniProt:PF00593_AND_PF07715,,614,,,,A0A741P9E4,6,afdb:downloaded
btub_a0a742pt29,btub_a0a742pt29_afdb_v6,btub,btub,A0A742PT29,,,raw_af2/AF-A0A742PT29-F1-model_v6.pdb,,unknown,unknown,unknown,unknown,,,,false,,,AFDB,,train,bronze AFDB-only TBDT homolog from UniProt PF00593/PF07715 query; no experimental displacement label.,bronze_pseudo_or_self_supervised,bronze,0.1,UniProt,UniProt:PF00593_AND_PF07715,,614,,,,A0A742PT29,6,afdb:downloaded
btub_a0a743cem6,btub_a0a743cem6_afdb_v6,btub,btub,A0A743CEM6,,,raw_af2/AF-A0A743CEM6-F1-model_v6.pdb,,unknown,unknown,unknown,unknown,,,,false,,,AFDB,,test,bronze AFDB-only TBDT homolog from UniProt PF00593/PF07715 query; no experimental displacement label.,bronze_pseudo_or_self_supervised,bronze,0.1,UniProt,UniProt:PF00593_AND_PF07715,,614,,,,A0A743CEM6,6,afdb:downloaded
btub_a0a744akc7,btub_a0a744akc7_afdb_v6,btub,btub,A0A744AKC7,,,raw_af2/AF-A0A744AKC7-F1-model_v6.pdb,,unknown,unknown,unknown,unknown,,,,false,,,AFDB,,train,bronze AFDB-only TBDT homolog from UniProt PF00593/PF07715 query; no experimental displacement label.,bronze_pseudo_or_self_supervised,bronze,0.1,UniProt,UniProt:PF00593_AND_PF07715,,614,,,,A0A744AKC7,6,afdb:downloaded
btub_a0a745iiw3,btub_a0a745iiw3_afdb_v6,btub,btub,A0A745IIW3,,,raw_af2/AF-A0A745IIW3-F1-model_v6.pdb,,unknown,unknown,unknown,unknown,,,,false,,,AFDB,,train,bronze AFDB-only TBDT homolog from UniProt PF00593/PF07715 query; no experimental displacement label.,bronze_pseudo_or_self_supervised,bronze,0.1,UniProt,UniProt:PF00593_AND_PF07715,,614,,,,A0A745IIW3,6,afdb:downloaded
btub_a0a749zbl4,btub_a0a749zbl4_afdb_v6,btub,btub,A0A749ZBL4,,,raw_af2/AF-A0A749ZBL4-F1-model_v6.pdb,,unknown,unknown,unknown,unknown,,,,false,,,AFDB,,train,bronze AFDB-only TBDT homolog from UniProt PF00593/PF07715 query; no experimental displacement label.,bronze_pseudo_or_self_supervised,bronze,0.1,UniProt,UniProt:PF00593_AND_PF07715,,614,,,,A0A749ZBL4,6,afdb:downloaded
btub_a0a752j163,btub_a0a752j163_afdb_v6,btub,btub,A0A752J163,,,raw_af2/AF-A0A752J163-F1-model_v6.pdb,,unknown,unknown,unknown,unknown,,,,false,,,AFDB,,train,bronze AFDB-only TBDT homolog from UniProt PF00593/PF07715 query; no experimental displacement label.,bronze_pseudo_or_self_supervised,bronze,0.1,UniProt,UniProt:PF00593_AND_PF07715,,614,,,,A0A752J163,6,afdb:downloaded
btub_a0a754kbx0,btub_a0a754kbx0_afdb_v6,btub,btub,A0A754KBX0,,,raw_af2/AF-A0A754KBX0-F1-model_v6.pdb,,unknown,unknown,unknown,unknown,,,,false,,,AFDB,,train,bronze AFDB-only TBDT homolog from UniProt PF00593/PF07715 query; no experimental displacement label.,bronze_pseudo_or_self_supervised,bronze,0.1,UniProt,UniProt:PF00593_AND_PF07715,,614,,,,A0A754KBX0,6,afdb:downloaded
btub_a0a7h9fy70,btub_a0a7h9fy70_afdb_v6,btub,btub,A0A7H9FY70,,,raw_af2/AF-A0A7H9FY70-F1-model_v6.pdb,,unknown,unknown,unknown,unknown,,,,false,,,AFDB,,train,bronze AFDB-only TBDT homolog from UniProt PF00593/PF07715 query; no experimental displacement label.,bronze_pseudo_or_self_supervised,bronze,0.1,UniProt,UniProt:PF00593_AND_PF07715,,612,,,,A0A7H9FY70,6,afdb:downloaded
btub_a0a7u8wgw8,btub_a0a7u8wgw8_afdb_v6,btub,btub,A0A7U8WGW8,,,raw_af2/AF-A0A7U8WGW8-F1-model_v6.pdb,,unknown,unknown,unknown,unknown,,,,false,,,AFDB,,train,bronze AFDB-only TBDT homolog from UniProt PF00593/PF07715 query; no experimental displacement label.,bronze_pseudo_or_self_supervised,bronze,0.1,UniProt,UniProt:PF00593_AND_PF07715,,614,,,,A0A7U8WGW8,6,afdb:downloaded
btub_a0a7u9iui8,btub_a0a7u9iui8_afdb_v6,btub,btub,A0A7U9IUI8,,,raw_af2/AF-A0A7U9IUI8-F1-model_v6.pdb,,unknown,unknown,unknown,unknown,,,,false,,,AFDB,,train,bronze AFDB-only TBDT homolog from UniProt PF00593/PF07715 query; no experimental displacement label.,bronze_pseudo_or_self_supervised,bronze,0.1,UniProt,UniProt:PF00593_AND_PF07715,,614,,,,A0A7U9IUI8,6,afdb:downloaded
btub_a0a7v8l553,btub_a0a7v8l553_afdb_v6,btub,btub,A0A7V8L553,,,raw_af2/AF-A0A7V8L553-F1-model_v6.pdb,,unknown,unknown,unknown,unknown,,,,false,,,AFDB,,train,bronze AFDB-only TBDT homolog from UniProt PF00593/PF07715 query; no experimental displacement label.,bronze_pseudo_or_self_supervised,bronze,0.1,UniProt,UniProt:PF00593_AND_PF07715,,625,,,,A0A7V8L553,6,afdb:downloaded
btub_a0a7w3hyl9,btub_a0a7w3hyl9_afdb_v6,btub,btub,A0A7W3HYL9,,,raw_af2/AF-A0A7W3HYL9-F1-model_v6.pdb,,unknown,unknown,unknown,unknown,,,,false,,,AFDB,,train,bronze AFDB-only TBDT homolog from UniProt PF00593/PF07715 query; no experimental displacement label.,bronze_pseudo_or_self_supervised,bronze,0.1,UniProt,UniProt:PF00593_AND_PF07715,,614,,,,A0A7W3HYL9,6,afdb:downloaded
btub_a0a7z8zfa6,btub_a0a7z8zfa6_afdb_v6,btub,btub,A0A7Z8ZFA6,,,raw_af2/AF-A0A7Z8ZFA6-F1-model_v6.pdb,,unknown,unknown,unknown,unknown,,,,false,,,AFDB,,test,bronze AFDB-only TBDT homolog from UniProt PF00593/PF07715 query; no experimental displacement label.,bronze_pseudo_or_self_supervised,bronze,0.1,UniProt,UniProt:PF00593_AND_PF07715,,622,,,,A0A7Z8ZFA6,6,afdb:downloaded
btub_a0a8a4ka03,btub_a0a8a4ka03_afdb_v6,btub,btub,A0A8A4KA03,,,raw_af2/AF-A0A8A4KA03-F1-model_v6.pdb,,unknown,unknown,unknown,unknown,,,,false,,,AFDB,,train,bronze AFDB-only TBDT homolog from UniProt PF00593/PF07715 query; no experimental displacement label.,bronze_pseudo_or_self_supervised,bronze,0.1,UniProt,UniProt:PF00593_AND_PF07715,,618,,,,A0A8A4KA03,6,afdb:downloaded
btub_a0a8b3flv5,btub_a0a8b3flv5_afdb_v6,btub,btub,A0A8B3FLV5,,,raw_af2/AF-A0A8B3FLV5-F1-model_v6.pdb,,unknown,unknown,unknown,unknown,,,,false,,,AFDB,,train,bronze AFDB-only TBDT homolog from UniProt PF00593/PF07715 query; no experimental displacement label.,bronze_pseudo_or_self_supervised,bronze,0.1,UniProt,UniProt:PF00593_AND_PF07715,,618,,,,A0A8B3FLV5,6,afdb:downloaded
btub_a0a8e0fqe9,btub_a0a8e0fqe9_afdb_v6,btub,btub,A0A8E0FQE9,,,raw_af2/AF-A0A8E0FQE9-F1-model_v6.pdb,,unknown,unknown,unknown,unknown,,,,false,,,AFDB,,train,bronze AFDB-only TBDT homolog from UniProt PF00593/PF07715 query; no experimental displacement label.,bronze_pseudo_or_self_supervised,bronze,0.1,UniProt,UniProt:PF00593_AND_PF07715,,614,,,,A0A8E0FQE9,6,afdb:downloaded
btub_a0a8e9yl61,btub_a0a8e9yl61_afdb_v6,btub,btub,A0A8E9YL61,,,raw_af2/AF-A0A8E9YL61-F1-model_v6.pdb,,unknown,unknown,unknown,unknown,,,,false,,,AFDB,,train,bronze AFDB-only TBDT homolog from UniProt PF00593/PF07715 query; no experimental displacement label.,bronze_pseudo_or_self_supervised,bronze,0.1,UniProt,UniProt:PF00593_AND_PF07715,,614,,,,A0A8E9YL61,6,afdb:downloaded
btub_a0a8f5n191,btub_a0a8f5n191_afdb_v6,btub,btub,A0A8F5N191,,,raw_af2/AF-A0A8F5N191-F1-model_v6.pdb,,unknown,unknown,unknown,unknown,,,,false,,,AFDB,,test,bronze AFDB-only TBDT homolog from UniProt PF00593/PF07715 query; no experimental displacement label.,bronze_pseudo_or_self_supervised,bronze,0.1,UniProt,UniProt:PF00593_AND_PF07715,,618,,,,A0A8F5N191,6,afdb:downloaded
btub_a0a8f7n3f6,btub_a0a8f7n3f6_afdb_v6,btub,btub,A0A8F7N3F6,,,raw_af2/AF-A0A8F7N3F6-F1-model_v6.pdb,,unknown,unknown,unknown,unknown,,,,false,,,AFDB,,train,bronze AFDB-only TBDT homolog from UniProt PF00593/PF07715 query; no experimental displacement label.,bronze_pseudo_or_self_supervised,bronze,0.1,UniProt,UniProt:PF00593_AND_PF07715,,618,,,,A0A8F7N3F6,6,afdb:downloaded
btub_a0a8f8aui9,btub_a0a8f8aui9_afdb_v6,btub,btub,A0A8F8AUI9,,,raw_af2/AF-A0A8F8AUI9-F1-model_v6.pdb,,unknown,unknown,unknown,unknown,,,,false,,,AFDB,,train,bronze AFDB-only TBDT homolog from UniProt PF00593/PF07715 query; no experimental displacement label.,bronze_pseudo_or_self_supervised,bronze,0.1,UniProt,UniProt:PF00593_AND_PF07715,,614,,,,A0A8F8AUI9,6,afdb:downloaded
btub_a0a8h9ac43,btub_a0a8h9ac43_afdb_v6,btub,btub,A0A8H9AC43,,,raw_af2/AF-A0A8H9AC43-F1-model_v6.pdb,,unknown,unknown,unknown,unknown,,,,false,,,AFDB,,train,bronze AFDB-only TBDT homolog from UniProt PF00593/PF07715 query; no experimental displacement label.,bronze_pseudo_or_self_supervised,bronze,0.1,UniProt,UniProt:PF00593_AND_PF07715,,614,,,,A0A8H9AC43,6,afdb:downloaded
btub_a0a8i0gav0,btub_a0a8i0gav0_afdb_v6,btub,btub,A0A8I0GAV0,,,raw_af2/AF-A0A8I0GAV0-F1-model_v6.pdb,,unknown,unknown,unknown,unknown,,,,false,,,AFDB,,train,bronze AFDB-only TBDT homolog from UniProt PF00593/PF07715 query; no experimental displacement label.,bronze_pseudo_or_self_supervised,bronze,0.1,UniProt,UniProt:PF00593_AND_PF07715,,612,,,,A0A8I0GAV0,6,afdb:downloaded
btub_a0a8i0t185,btub_a0a8i0t185_afdb_v6,btub,btub,A0A8I0T185,,,raw_af2/AF-A0A8I0T185-F1-model_v6.pdb,,unknown,unknown,unknown,unknown,,,,false,,,AFDB,,train,bronze AFDB-only TBDT homolog from UniProt PF00593/PF07715 query; no experimental displacement label.,bronze_pseudo_or_self_supervised,bronze,0.1,UniProt,UniProt:PF00593_AND_PF07715,,612,,,,A0A8I0T185,6,afdb:downloaded
btub_a0a8i1kdl6,btub_a0a8i1kdl6_afdb_v6,btub,btub,A0A8I1KDL6,,,raw_af2/AF-A0A8I1KDL6-F1-model_v6.pdb,,unknown,unknown,unknown,unknown,,,,false,,,AFDB,,test,bronze AFDB-only TBDT homolog from UniProt PF00593/PF07715 query; no experimental displacement label.,bronze_pseudo_or_self_supervised,bronze,0.1,UniProt,UniProt:PF00593_AND_PF07715,,615,,,,A0A8I1KDL6,6,afdb:downloaded
btub_a0a8i2dbl9,btub_a0a8i2dbl9_afdb_v6,btub,btub,A0A8I2DBL9,,,raw_af2/AF-A0A8I2DBL9-F1-model_v6.pdb,,unknown,unknown,unknown,unknown,,,,false,,,AFDB,,train,bronze AFDB-only TBDT homolog from UniProt PF00593/PF07715 query; no experimental displacement label.,bronze_pseudo_or_self_supervised,bronze,0.1,UniProt,UniProt:PF00593_AND_PF07715,,628,,,,A0A8I2DBL9,6,afdb:downloaded
btub_a0a9j6ple1,btub_a0a9j6ple1_afdb_v6,btub,btub,A0A9J6PLE1,,,raw_af2/AF-A0A9J6PLE1-F1-model_v6.pdb,,unknown,unknown,unknown,unknown,,,,false,,,AFDB,,train,bronze AFDB-only TBDT homolog from UniProt PF00593/PF07715 query; no experimental displacement label.,bronze_pseudo_or_self_supervised,bronze,0.1,UniProt,UniProt:PF00593_AND_PF07715,,623,,,,A0A9J6PLE1,6,afdb:downloaded
btub_a0a9p2mq68,btub_a0a9p2mq68_afdb_v6,btub,btub,A0A9P2MQ68,,,raw_af2/AF-A0A9P2MQ68-F1-model_v6.pdb,,unknown,unknown,unknown,unknown,,,,false,,,AFDB,,train,bronze AFDB-only TBDT homolog from UniProt PF00593/PF07715 query; no experimental displacement label.,bronze_pseudo_or_self_supervised,bronze,0.1,UniProt,UniProt:PF00593_AND_PF07715,,614,,,,A0A9P2MQ68,6,afdb:downloaded
btub_a0a9p3uhl1,btub_a0a9p3uhl1_afdb_v6,btub,btub,A0A9P3UHL1,,,raw_af2/AF-A0A9P3UHL1-F1-model_v6.pdb,,unknown,unknown,unknown,unknown,,,,false,,,AFDB,,train,bronze AFDB-only TBDT homolog from UniProt PF00593/PF07715 query; no experimental displacement label.,bronze_pseudo_or_self_supervised,bronze,0.1,UniProt,UniProt:PF00593_AND_PF07715,,618,,,,A0A9P3UHL1,6,afdb:downloaded
btub_a0a9p3whv8,btub_a0a9p3whv8_afdb_v6,btub,btub,A0A9P3WHV8,,,raw_af2/AF-A0A9P3WHV8-F1-model_v6.pdb,,unknown,unknown,unknown,unknown,,,,false,,,AFDB,,train,bronze AFDB-only TBDT homolog from UniProt PF00593/PF07715 query; no experimental displacement label.,bronze_pseudo_or_self_supervised,bronze,0.1,UniProt,UniProt:PF00593_AND_PF07715,,616,,,,A0A9P3WHV8,6,afdb:downloaded
btub_a0a9q4t6b1,btub_a0a9q4t6b1_afdb_v6,btub,btub,A0A9Q4T6B1,,,raw_af2/AF-A0A9Q4T6B1-F1-model_v6.pdb,,unknown,unknown,unknown,unknown,,,,false,,,AFDB,,train,bronze AFDB-only TBDT homolog from UniProt PF00593/PF07715 query; no experimental displacement label.,bronze_pseudo_or_self_supervised,bronze,0.1,UniProt,UniProt:PF00593_AND_PF07715,,617,,,,A0A9Q4T6B1,6,afdb:downloaded
btub_a0aa41byu1,btub_a0aa41byu1_afdb_v6,btub,btub,A0AA41BYU1,,,raw_af2/AF-A0AA41BYU1-F1-model_v6.pdb,,unknown,unknown,unknown,unknown,,,,false,,,AFDB,,train,bronze AFDB-only TBDT homolog from UniProt PF00593/PF07715 query; no experimental displacement label.,bronze_pseudo_or_self_supervised,bronze,0.1,UniProt,UniProt:PF00593_AND_PF07715,,619,,,,A0AA41BYU1,6,afdb:downloaded
btub_a0aa42tq94,btub_a0aa42tq94_afdb_v6,btub,btub,A0AA42TQ94,,,raw_af2/AF-A0AA42TQ94-F1-model_v6.pdb,,unknown,unknown,unknown,unknown,,,,false,,,AFDB,,train,bronze AFDB-only TBDT homolog from UniProt PF00593/PF07715 query; no experimental displacement label.,bronze_pseudo_or_self_supervised,bronze,0.1,UniProt,UniProt:PF00593_AND_PF07715,,615,,,,A0AA42TQ94,6,afdb:downloaded
btub_a0aa46kbc4,btub_a0aa46kbc4_afdb_v6,btub,btub,A0AA46KBC4,,,raw_af2/AF-A0AA46KBC4-F1-model_v6.pdb,,unknown,unknown,unknown,unknown,,,,false,,,AFDB,,train,bronze AFDB-only TBDT homolog from UniProt PF00593/PF07715 query; no experimental displacement label.,bronze_pseudo_or_self_supervised,bronze,0.1,UniProt,UniProt:PF00593_AND_PF07715,,623,,,,A0AA46KBC4,6,afdb:downloaded
btub_a0aa86kaj3,btub_a0aa86kaj3_afdb_v6,btub,btub,A0AA86KAJ3,,,raw_af2/AF-A0AA86KAJ3-F1-model_v6.pdb,,unknown,unknown,unknown,unknown,,,,false,,,AFDB,,train,bronze AFDB-only TBDT homolog from UniProt PF00593/PF07715 query; no experimental displacement label.,bronze_pseudo_or_self_supervised,bronze,0.1,UniProt,UniProt:PF00593_AND_PF07715,,614,,,,A0AA86KAJ3,6,afdb:downloaded
btub_a0aa95g0m6,btub_a0aa95g0m6_afdb_v6,btub,btub,A0AA95G0M6,,,raw_af2/AF-A0AA95G0M6-F1-model_v6.pdb,,unknown,unknown,unknown,unknown,,,,false,,,AFDB,,train,bronze AFDB-only TBDT homolog from UniProt PF00593/PF07715 query; no experimental displacement label.,bronze_pseudo_or_self_supervised,bronze,0.1,UniProt,UniProt:PF00593_AND_PF07715,,618,,,,A0AA95G0M6,6,afdb:downloaded
btub_a0aae4eal9,btub_a0aae4eal9_afdb_v6,btub,btub,A0AAE4EAL9,,,raw_af2/AF-A0AAE4EAL9-F1-model_v6.pdb,,unknown,unknown,unknown,unknown,,,,false,,,AFDB,,train,bronze AFDB-only TBDT homolog from UniProt PF00593/PF07715 query; no experimental displacement label.,bronze_pseudo_or_self_supervised,bronze,0.1,UniProt,UniProt:PF00593_AND_PF07715,,616,,,,A0AAE4EAL9,6,afdb:downloaded
btub_a0aae9t1r2,btub_a0aae9t1r2_afdb_v6,btub,btub,A0AAE9T1R2,,,raw_af2/AF-A0AAE9T1R2-F1-model_v6.pdb,,unknown,unknown,unknown,unknown,,,,false,,,AFDB,,train,bronze AFDB-only TBDT homolog from UniProt PF00593/PF07715 query; no experimental displacement label.,bronze_pseudo_or_self_supervised,bronze,0.1,UniProt,UniProt:PF00593_AND_PF07715,,617,,,,A0AAE9T1R2,6,afdb:downloaded
btub_a0aai8nkg4,btub_a0aai8nkg4_afdb_v6,btub,btub,A0AAI8NKG4,,,raw_af2/AF-A0AAI8NKG4-F1-model_v6.pdb,,unknown,unknown,unknown,unknown,,,,false,,,AFDB,,train,bronze AFDB-only TBDT homolog from UniProt PF00593/PF07715 query; no experimental displacement label.,bronze_pseudo_or_self_supervised,bronze,0.1,UniProt,UniProt:PF00593_AND_PF07715,,612,,,,A0AAI8NKG4,6,afdb:downloaded
btub_a0aai9gfp6,btub_a0aai9gfp6_afdb_v6,btub,btub,A0AAI9GFP6,,,raw_af2/AF-A0AAI9GFP6-F1-model_v6.pdb,,unknown,unknown,unknown,unknown,,,,false,,,AFDB,,val,bronze AFDB-only TBDT homolog from UniProt PF00593/PF07715 query; no experimental displacement label.,bronze_pseudo_or_self_supervised,bronze,0.1,UniProt,UniProt:PF00593_AND_PF07715,,626,,,,A0AAI9GFP6,6,afdb:downloaded
btub_a0aai9gq28,btub_a0aai9gq28_afdb_v6,btub,btub,A0AAI9GQ28,,,raw_af2/AF-A0AAI9GQ28-F1-model_v6.pdb,,unknown,unknown,unknown,unknown,,,,false,,,AFDB,,val,bronze AFDB-only TBDT homolog from UniProt PF00593/PF07715 query; no experimental displacement label.,bronze_pseudo_or_self_supervised,bronze,0.1,UniProt,UniProt:PF00593_AND_PF07715,,619,,,,A0AAI9GQ28,6,afdb:downloaded
btub_a0aaj1j7c5,btub_a0aaj1j7c5_afdb_v6,btub,btub,A0AAJ1J7C5,,,raw_af2/AF-A0AAJ1J7C5-F1-model_v6.pdb,,unknown,unknown,unknown,unknown,,,,false,,,AFDB,,train,bronze AFDB-only TBDT homolog from UniProt PF00593/PF07715 query; no experimental displacement label.,bronze_pseudo_or_self_supervised,bronze,0.1,UniProt,UniProt:PF00593_AND_PF07715,,616,,,,A0AAJ1J7C5,6,afdb:downloaded
btub_a0aaj5uer6,btub_a0aaj5uer6_afdb_v6,btub,btub,A0AAJ5UER6,,,raw_af2/AF-A0AAJ5UER6-F1-model_v6.pdb,,unknown,unknown,unknown,unknown,,,,false,,,AFDB,,train,bronze AFDB-only TBDT homolog from UniProt PF00593/PF07715 query; no experimental displacement label.,bronze_pseudo_or_self_supervised,bronze,0.1,UniProt,UniProt:PF00593_AND_PF07715,,622,,,,A0AAJ5UER6,6,afdb:downloaded
btub_a0aan0s2l0,btub_a0aan0s2l0_afdb_v6,btub,btub,A0AAN0S2L0,,,raw_af2/AF-A0AAN0S2L0-F1-model_v6.pdb,,unknown,unknown,unknown,unknown,,,,false,,,AFDB,,train,bronze AFDB-only TBDT homolog from UniProt PF00593/PF07715 query; no experimental displacement label.,bronze_pseudo_or_self_supervised,bronze,0.1,UniProt,UniProt:PF00593_AND_PF07715,,613,,,,A0AAN0S2L0,6,afdb:downloaded
btub_a0aan3mrc9,btub_a0aan3mrc9_afdb_v6,btub,btub,A0AAN3MRC9,,,raw_af2/AF-A0AAN3MRC9-F1-model_v6.pdb,,unknown,unknown,unknown,unknown,,,,false,,,AFDB,,train,bronze AFDB-only TBDT homolog from UniProt PF00593/PF07715 query; no experimental displacement label.,bronze_pseudo_or_self_supervised,bronze,0.1,UniProt,UniProt:PF00593_AND_PF07715,,614,,,,A0AAN3MRC9,6,afdb:downloaded
btub_a0aap0vw11,btub_a0aap0vw11_afdb_v6,btub,btub,A0AAP0VW11,,,raw_af2/AF-A0AAP0VW11-F1-model_v6.pdb,,unknown,unknown,unknown,unknown,,,,false,,,AFDB,,test,bronze AFDB-only TBDT homolog from UniProt PF00593/PF07715 query; no experimental displacement label.,bronze_pseudo_or_self_supervised,bronze,0.1,UniProt,UniProt:PF00593_AND_PF07715,,615,,,,A0AAP0VW11,6,afdb:downloaded
btub_a0aap9ig38,btub_a0aap9ig38_afdb_v6,btub,btub,A0AAP9IG38,,,raw_af2/AF-A0AAP9IG38-F1-model_v6.pdb,,unknown,unknown,unknown,unknown,,,,false,,,AFDB,,val,bronze AFDB-only TBDT homolog from UniProt PF00593/PF07715 query; no experimental displacement label.,bronze_pseudo_or_self_supervised,bronze,0.1,UniProt,UniProt:PF00593_AND_PF07715,,625,,,,A0AAP9IG38,6,afdb:downloaded
btub_a0aaq0eq82,btub_a0aaq0eq82_afdb_v6,btub,btub,A0AAQ0EQ82,,,raw_af2/AF-A0AAQ0EQ82-F1-model_v6.pdb,,unknown,unknown,unknown,unknown,,,,false,,,AFDB,,train,bronze AFDB-only TBDT homolog from UniProt PF00593/PF07715 query; no experimental displacement label.,bronze_pseudo_or_self_supervised,bronze,0.1,UniProt,UniProt:PF00593_AND_PF07715,,615,,,,A0AAQ0EQ82,6,afdb:downloaded
btub_a0aau7tvd6,btub_a0aau7tvd6_afdb_v6,btub,btub,A0AAU7TVD6,,,raw_af2/AF-A0AAU7TVD6-F1-model_v6.pdb,,unknown,unknown,unknown,unknown,,,,false,,,AFDB,,test,bronze AFDB-only TBDT homolog from UniProt PF00593/PF07715 query; no experimental displacement label.,bronze_pseudo_or_self_supervised,bronze,0.1,UniProt,UniProt:PF00593_AND_PF07715,,628,,,,A0AAU7TVD6,6,afdb:downloaded
btub_a0aav3hzq8,btub_a0aav3hzq8_afdb_v6,btub,btub,A0AAV3HZQ8,,,raw_af2/AF-A0AAV3HZQ8-F1-model_v6.pdb,,unknown,unknown,unknown,unknown,,,,false,,,AFDB,,train,bronze AFDB-only TBDT homolog from UniProt PF00593/PF07715 query; no experimental displacement label.,bronze_pseudo_or_self_supervised,bronze,0.1,UniProt,UniProt:PF00593_AND_PF07715,,614,,,,A0AAV3HZQ8,6,afdb:downloaded
btub_a0aaw3ebh8,btub_a0aaw3ebh8_afdb_v6,btub,btub,A0AAW3EBH8,,,raw_af2/AF-A0AAW3EBH8-F1-model_v6.pdb,,unknown,unknown,unknown,unknown,,,,false,,,AFDB,,train,bronze AFDB-only TBDT homolog from UniProt PF00593/PF07715 query; no experimental displacement label.,bronze_pseudo_or_self_supervised,bronze,0.1,UniProt,UniProt:PF00593_AND_PF07715,,625,,,,A0AAW3EBH8,6,afdb:downloaded
btub_a0aaw3rrm5,btub_a0aaw3rrm5_afdb_v6,btub,btub,A0AAW3RRM5,,,raw_af2/AF-A0AAW3RRM5-F1-model_v6.pdb,,unknown,unknown,unknown,unknown,,,,false,,,AFDB,,train,bronze AFDB-only TBDT homolog from UniProt PF00593/PF07715 query; no experimental displacement label.,bronze_pseudo_or_self_supervised,bronze,0.1,UniProt,UniProt:PF00593_AND_PF07715,,625,,,,A0AAW3RRM5,6,afdb:downloaded
btub_a0aaw3xpm1,btub_a0aaw3xpm1_afdb_v6,btub,btub,A0AAW3XPM1,,,raw_af2/AF-A0AAW3XPM1-F1-model_v6.pdb,,unknown,unknown,unknown,unknown,,,,false,,,AFDB,,train,bronze AFDB-only TBDT homolog from UniProt PF00593/PF07715 query; no experimental displacement label.,bronze_pseudo_or_self_supervised,bronze,0.1,UniProt,UniProt:PF00593_AND_PF07715,,615,,,,A0AAW3XPM1,6,afdb:downloaded
btub_a0aaw3yqw7,btub_a0aaw3yqw7_afdb_v6,btub,btub,A0AAW3YQW7,,,raw_af2/AF-A0AAW3YQW7-F1-model_v6.pdb,,unknown,unknown,unknown,unknown,,,,false,,,AFDB,,train,bronze AFDB-only TBDT homolog from UniProt PF00593/PF07715 query; no experimental displacement label.,bronze_pseudo_or_self_supervised,bronze,0.1,UniProt,UniProt:PF00593_AND_PF07715,,604,,,,A0AAW3YQW7,6,afdb:downloaded
btub_a0aaw9lwg6,btub_a0aaw9lwg6_afdb_v6,btub,btub,A0AAW9LWG6,,,raw_af2/AF-A0AAW9LWG6-F1-model_v6.pdb,,unknown,unknown,unknown,unknown,,,,false,,,AFDB,,train,bronze AFDB-only TBDT homolog from UniProt PF00593/PF07715 query; no experimental displacement label.,bronze_pseudo_or_self_supervised,bronze,0.1,UniProt,UniProt:PF00593_AND_PF07715,,615,,,,A0AAW9LWG6,6,afdb:downloaded
btub_a0aax1wiy9,btub_a0aax1wiy9_afdb_v6,btub,btub,A0AAX1WIY9,,,raw_af2/AF-A0AAX1WIY9-F1-model_v6.pdb,,unknown,unknown,unknown,unknown,,,,false,,,AFDB,,train,bronze AFDB-only TBDT homolog from UniProt PF00593/PF07715 query; no experimental displacement label.,bronze_pseudo_or_self_supervised,bronze,0.1,UniProt,UniProt:PF00593_AND_PF07715,,615,,,,A0AAX1WIY9,6,afdb:downloaded
btub_a0aax3cqw9,btub_a0aax3cqw9_afdb_v6,btub,btub,A0AAX3CQW9,,,raw_af2/AF-A0AAX3CQW9-F1-model_v6.pdb,,unknown,unknown,unknown,unknown,,,,false,,,AFDB,,test,bronze AFDB-only TBDT homolog from UniProt PF00593/PF07715 query; no experimental displacement label.,bronze_pseudo_or_self_supervised,bronze,0.1,UniProt,UniProt:PF00593_AND_PF07715,,622,,,,A0AAX3CQW9,6,afdb:downloaded
btub_a0aax3ryc3,btub_a0aax3ryc3_afdb_v6,btub,btub,A0AAX3RYC3,,,raw_af2/AF-A0AAX3RYC3-F1-model_v6.pdb,,unknown,unknown,unknown,unknown,,,,false,,,AFDB,,train,bronze AFDB-only TBDT homolog from UniProt PF00593/PF07715 query; no experimental displacement label.,bronze_pseudo_or_self_supervised,bronze,0.1,UniProt,UniProt:PF00593_AND_PF07715,,628,,,,A0AAX3RYC3,6,afdb:downloaded
btub_a0ab35rta1,btub_a0ab35rta1_afdb_v6,btub,btub,A0AB35RTA1,,,raw_af2/AF-A0AB35RTA1-F1-model_v6.pdb,,unknown,unknown,unknown,unknown,,,,false,,,AFDB,,train,bronze AFDB-only TBDT homolog from UniProt PF00593/PF07715 query; no experimental displacement label.,bronze_pseudo_or_self_supervised,bronze,0.1,UniProt,UniProt:PF00593_AND_PF07715,,616,,,,A0AB35RTA1,6,afdb:downloaded
btub_a0ab36pk49,btub_a0ab36pk49_afdb_v6,btub,btub,A0AB36PK49,,,raw_af2/AF-A0AB36PK49-F1-model_v6.pdb,,unknown,unknown,unknown,unknown,,,,false,,,AFDB,,train,bronze AFDB-only TBDT homolog from UniProt PF00593/PF07715 query; no experimental displacement label.,bronze_pseudo_or_self_supervised,bronze,0.1,UniProt,UniProt:PF00593_AND_PF07715,,614,,,,A0AB36PK49,6,afdb:downloaded
btub_a0ab38f478,btub_a0ab38f478_afdb_v6,btub,btub,A0AB38F478,,,raw_af2/AF-A0AB38F478-F1-model_v6.pdb,,unknown,unknown,unknown,unknown,,,,false,,,AFDB,,train,bronze AFDB-only TBDT homolog from UniProt PF00593/PF07715 query; no experimental displacement label.,bronze_pseudo_or_self_supervised,bronze,0.1,UniProt,UniProt:PF00593_AND_PF07715,,614,,,,A0AB38F478,6,afdb:downloaded
btub_a0ab38fvj1,btub_a0ab38fvj1_afdb_v6,btub,btub,A0AB38FVJ1,,,raw_af2/AF-A0AB38FVJ1-F1-model_v6.pdb,,unknown,unknown,unknown,unknown,,,,false,,,AFDB,,train,bronze AFDB-only TBDT homolog from UniProt PF00593/PF07715 query; no experimental displacement label.,bronze_pseudo_or_self_supervised,bronze,0.1,UniProt,UniProt:PF00593_AND_PF07715,,612,,,,A0AB38FVJ1,6,afdb:downloaded
btub_a0ab73p7n8,btub_a0ab73p7n8_afdb_v6,btub,btub,A0AB73P7N8,,,raw_af2/AF-A0AB73P7N8-F1-model_v6.pdb,,unknown,unknown,unknown,unknown,,,,false,,,AFDB,,val,bronze AFDB-only TBDT homolog from UniProt PF00593/PF07715 query; no experimental displacement label.,bronze_pseudo_or_self_supervised,bronze,0.1,UniProt,UniProt:PF00593_AND_PF07715,,627,,,,A0AB73P7N8,6,afdb:downloaded
btub_a0abd4ray6,btub_a0abd4ray6_afdb_v6,btub,btub,A0ABD4RAY6,,,raw_af2/AF-A0ABD4RAY6-F1-model_v6.pdb,,unknown,unknown,unknown,unknown,,,,false,,,AFDB,,train,bronze AFDB-only TBDT homolog from UniProt PF00593/PF07715 query; no experimental displacement label.,bronze_pseudo_or_self_supervised,bronze,0.1,UniProt,UniProt:PF00593_AND_PF07715,,615,,,,A0ABD4RAY6,6,afdb:downloaded
btub_a0abd5h6g4,btub_a0abd5h6g4_afdb_v6,btub,btub,A0ABD5H6G4,,,raw_af2/AF-A0ABD5H6G4-F1-model_v6.pdb,,unknown,unknown,unknown,unknown,,,,false,,,AFDB,,train,bronze AFDB-only TBDT homolog from UniProt PF00593/PF07715 query; no experimental displacement label.,bronze_pseudo_or_self_supervised,bronze,0.1,UniProt,UniProt:PF00593_AND_PF07715,,618,,,,A0ABD5H6G4,6,afdb:downloaded
btub_a0abd7apl8,btub_a0abd7apl8_afdb_v6,btub,btub,A0ABD7APL8,,,raw_af2/AF-A0ABD7APL8-F1-model_v6.pdb,,unknown,unknown,unknown,unknown,,,,false,,,AFDB,,test,bronze AFDB-only TBDT homolog from UniProt PF00593/PF07715 query; no experimental displacement label.,bronze_pseudo_or_self_supervised,bronze,0.1,UniProt,UniProt:PF00593_AND_PF07715,,622,,,,A0ABD7APL8,6,afdb:downloaded
btub_a0abd7kiw2,btub_a0abd7kiw2_afdb_v6,btub,btub,A0ABD7KIW2,,,raw_af2/AF-A0ABD7KIW2-F1-model_v6.pdb,,unknown,unknown,unknown,unknown,,,,false,,,AFDB,,val,bronze AFDB-only TBDT homolog from UniProt PF00593/PF07715 query; no experimental displacement label.,bronze_pseudo_or_self_supervised,bronze,0.1,UniProt,UniProt:PF00593_AND_PF07715,,615,,,,A0ABD7KIW2,6,afdb:downloaded
btub_a1ji41,btub_a1ji41_afdb_v6,btub,btub,A1JI41,,,raw_af2/AF-A1JI41-F1-model_v6.pdb,,unknown,unknown,unknown,unknown,,,,false,,,AFDB,,train,bronze AFDB-only TBDT homolog from UniProt PF00593/PF07715 query; no experimental displacement label.,bronze_pseudo_or_self_supervised,bronze,0.1,UniProt,UniProt:PF00593_AND_PF07715,,632,,,,A1JI41,6,afdb:downloaded
btub_b5rez2,btub_b5rez2_afdb_v6,btub,btub,B5REZ2,,,raw_af2/AF-B5REZ2-F1-model_v6.pdb,,unknown,unknown,unknown,unknown,,,,false,,,AFDB,,train,bronze AFDB-only TBDT homolog from UniProt PF00593/PF07715 query; no experimental displacement label.,bronze_pseudo_or_self_supervised,bronze,0.1,UniProt,UniProt:PF00593_AND_PF07715,,614,,,,B5REZ2,6,afdb:downloaded
btub_b7la68,btub_b7la68_afdb_v6,btub,btub,B7LA68,,,raw_af2/AF-B7LA68-F1-model_v6.pdb,,unknown,unknown,unknown,unknown,,,,false,,,AFDB,,val,bronze AFDB-only TBDT homolog from UniProt PF00593/PF07715 query; no experimental displacement label.,bronze_pseudo_or_self_supervised,bronze,0.1,UniProt,UniProt:PF00593_AND_PF07715,,614,,,,B7LA68,6,afdb:downloaded
btub_c3sig7,btub_c3sig7_afdb_v6,btub,btub,C3SIG7,,,raw_af2/AF-C3SIG7-F1-model_v6.pdb,,unknown,unknown,unknown,unknown,,,,false,,,AFDB,,train,bronze AFDB-only TBDT homolog from UniProt PF00593/PF07715 query; no experimental displacement label.,bronze_pseudo_or_self_supervised,bronze,0.1,UniProt,UniProt:PF00593_AND_PF07715,,614,,,,C3SIG7,6,afdb:downloaded
btub_c6cg42,btub_c6cg42_afdb_v6,btub,btub,C6CG42,,,raw_af2/AF-C6CG42-F1-model_v6.pdb,,unknown,unknown,unknown,unknown,,,,false,,,AFDB,,train,bronze AFDB-only TBDT homolog from UniProt PF00593/PF07715 query; no experimental displacement label.,bronze_pseudo_or_self_supervised,bronze,0.1,UniProt,UniProt:PF00593_AND_PF07715,,631,,,,C6CG42,6,afdb:downloaded
btub_c6dhq2,btub_c6dhq2_afdb_v6,btub,btub,C6DHQ2,,,raw_af2/AF-C6DHQ2-F1-model_v6.pdb,,unknown,unknown,unknown,unknown,,,,false,,,AFDB,,train,bronze AFDB-only TBDT homolog from UniProt PF00593/PF07715 query; no experimental displacement label.,bronze_pseudo_or_self_supervised,bronze,0.1,UniProt,UniProt:PF00593_AND_PF07715,,631,,,,C6DHQ2,6,afdb:downloaded
btub_d2tti4,btub_d2tti4_afdb_v6,btub,btub,D2TTI4,,,raw_af2/AF-D2TTI4-F1-model_v6.pdb,,unknown,unknown,unknown,unknown,,,,false,,,AFDB,,train,bronze AFDB-only TBDT homolog from UniProt PF00593/PF07715 query; no experimental displacement label.,bronze_pseudo_or_self_supervised,bronze,0.1,UniProt,UniProt:PF00593_AND_PF07715,,612,,,,D2TTI4,6,afdb:downloaded
btub_g5qsk1,btub_g5qsk1_afdb_v6,btub,btub,G5QSK1,,,raw_af2/AF-G5QSK1-F1-model_v6.pdb,,unknown,unknown,unknown,unknown,,,,false,,,AFDB,,train,bronze AFDB-only TBDT homolog from UniProt PF00593/PF07715 query; no experimental displacement label.,bronze_pseudo_or_self_supervised,bronze,0.1,UniProt,UniProt:PF00593_AND_PF07715,,614,,,,G5QSK1,6,afdb:downloaded
btub_g8lkz0,btub_g8lkz0_afdb_v6,btub,btub,G8LKZ0,,,raw_af2/AF-G8LKZ0-F1-model_v6.pdb,,unknown,unknown,unknown,unknown,,,,false,,,AFDB,,train,bronze AFDB-only TBDT homolog from UniProt PF00593/PF07715 query; no experimental displacement label.,bronze_pseudo_or_self_supervised,bronze,0.1,UniProt,UniProt:PF00593_AND_PF07715,,620,,,,G8LKZ0,6,afdb:downloaded
btub_g9y9a5,btub_g9y9a5_afdb_v6,btub,btub,G9Y9A5,,,raw_af2/AF-G9Y9A5-F1-model_v6.pdb,,unknown,unknown,unknown,unknown,,,,false,,,AFDB,,train,bronze AFDB-only TBDT homolog from UniProt PF00593/PF07715 query; no experimental displacement label.,bronze_pseudo_or_self_supervised,bronze,0.1,UniProt,UniProt:PF00593_AND_PF07715,,634,,,,G9Y9A5,6,afdb:downloaded
btub_k8w0v4,btub_k8w0v4_afdb_v6,btub,btub,K8W0V4,,,raw_af2/AF-K8W0V4-F1-model_v6.pdb,,unknown,unknown,unknown,unknown,,,,false,,,AFDB,,train,bronze AFDB-only TBDT homolog from UniProt PF00593/PF07715 query; no experimental displacement label.,bronze_pseudo_or_self_supervised,bronze,0.1,UniProt,UniProt:PF00593_AND_PF07715,,635,,,,K8W0V4,6,afdb:downloaded
btub_m1rg98,btub_m1rg98_afdb_v6,btub,btub,M1RG98,,,raw_af2/AF-M1RG98-F1-model_v6.pdb,,unknown,unknown,unknown,unknown,,,,false,,,AFDB,,val,bronze AFDB-only TBDT homolog from UniProt PF00593/PF07715 query; no experimental displacement label.,bronze_pseudo_or_self_supervised,bronze,0.1,UniProt,UniProt:PF00593_AND_PF07715,,624,,,,M1RG98,6,afdb:downloaded
btub_u7r3f2,btub_u7r3f2_afdb_v6,btub,btub,U7R3F2,,,raw_af2/AF-U7R3F2-F1-model_v6.pdb,,unknown,unknown,unknown,unknown,,,,false,,,AFDB,,train,bronze AFDB-only TBDT homolog from UniProt PF00593/PF07715 query; no experimental displacement label.,bronze_pseudo_or_self_supervised,bronze,0.1,UniProt,UniProt:PF00593_AND_PF07715,,620,,,,U7R3F2,6,afdb:downloaded
btub_v5u660,btub_v5u660_afdb_v6,btub,btub,V5U660,,,raw_af2/AF-V5U660-F1-model_v6.pdb,,unknown,unknown,unknown,unknown,,,,false,,,AFDB,,train,bronze AFDB-only TBDT homolog from UniProt PF00593/PF07715 query; no experimental displacement label.,bronze_pseudo_or_self_supervised,bronze,0.1,UniProt,UniProt:PF00593_AND_PF07715,,618,,,,V5U660,6,afdb:downloaded
btub_w3van0,btub_w3van0_afdb_v6,btub,btub,W3VAN0,,,raw_af2/AF-W3VAN0-F1-model_v6.pdb,,unknown,unknown,unknown,unknown,,,,false,,,AFDB,,val,bronze AFDB-only TBDT homolog from UniProt PF00593/PF07715 query; no experimental displacement label.,bronze_pseudo_or_self_supervised,bronze,0.1,UniProt,UniProt:PF00593_AND_PF07715,,620,,,,W3VAN0,6,afdb:downloaded
btub_a0a076lhz6,btub_a0a076lhz6_afdb_v6,btub,btub,A0A076LHZ6,,,raw_af2/AF-A0A076LHZ6-F1-model_v6.pdb,,unknown,unknown,unknown,unknown,,,,false,,,AFDB,,train,bronze AFDB-only TBDT homolog from UniProt PF00593/PF07715 query; no experimental displacement label.,bronze_pseudo_or_self_supervised,bronze,0.1,UniProt,UniProt:PF00593_AND_PF07715,,615,,,,A0A076LHZ6,6,afdb:downloaded
btub_a0a077nuv2,btub_a0a077nuv2_afdb_v6,btub,btub,A0A077NUV2,,,raw_af2/AF-A0A077NUV2-F1-model_v6.pdb,,unknown,unknown,unknown,unknown,,,,false,,,AFDB,,train,bronze AFDB-only TBDT homolog from UniProt PF00593/PF07715 query; no experimental displacement label.,bronze_pseudo_or_self_supervised,bronze,0.1,UniProt,UniProt:PF00593_AND_PF07715,,616,,,,A0A077NUV2,6,afdb:downloaded
btub_a0a077p7n1,btub_a0a077p7n1_afdb_v6,btub,btub,A0A077P7N1,,,raw_af2/AF-A0A077P7N1-F1-model_v6.pdb,,unknown,unknown,unknown,unknown,,,,false,,,AFDB,,train,bronze AFDB-only TBDT homolog from UniProt PF00593/PF07715 query; no experimental displacement label.,bronze_pseudo_or_self_supervised,bronze,0.1,UniProt,UniProt:PF00593_AND_PF07715,,616,,,,A0A077P7N1,6,afdb:downloaded
btub_a0a085g412,btub_a0a085g412_afdb_v6,btub,btub,A0A085G412,,,raw_af2/AF-A0A085G412-F1-model_v6.pdb,,unknown,unknown,unknown,unknown,,,,false,,,AFDB,,train,bronze AFDB-only TBDT homolog from UniProt PF00593/PF07715 query; no experimental displacement label.,bronze_pseudo_or_self_supervised,bronze,0.1,UniProt,UniProt:PF00593_AND_PF07715,,620,,,,A0A085G412,6,afdb:downloaded
btub_a0a090nci6,btub_a0a090nci6_afdb_v6,btub,btub,A0A090NCI6,,,raw_af2/AF-A0A090NCI6-F1-model_v6.pdb,,unknown,unknown,unknown,unknown,,,,false,,,AFDB,,test,bronze AFDB-only TBDT homolog from UniProt PF00593/PF07715 query; no experimental displacement label.,bronze_pseudo_or_self_supervised,bronze,0.1,UniProt,UniProt:PF00593_AND_PF07715,,629,,,,A0A090NCI6,6,afdb:downloaded
btub_a0a097qxj9,btub_a0a097qxj9_afdb_v6,btub,btub,A0A097QXJ9,,,raw_af2/AF-A0A097QXJ9-F1-model_v6.pdb,,unknown,unknown,unknown,unknown,,,,false,,,AFDB,,train,bronze AFDB-only TBDT homolog from UniProt PF00593/PF07715 query; no experimental displacement label.,bronze_pseudo_or_self_supervised,bronze,0.1,UniProt,UniProt:PF00593_AND_PF07715,,634,,,,A0A097QXJ9,6,afdb:downloaded
btub_a0a0a1ahi6,btub_a0a0a1ahi6_afdb_v6,btub,btub,A0A0A1AHI6,,,raw_af2/AF-A0A0A1AHI6-F1-model_v6.pdb,,unknown,unknown,unknown,unknown,,,,false,,,AFDB,,train,bronze AFDB-only TBDT homolog from UniProt PF00593/PF07715 query; no experimental displacement label.,bronze_pseudo_or_self_supervised,bronze,0.1,UniProt,UniProt:PF00593_AND_PF07715,,614,,,,A0A0A1AHI6,6,afdb:downloaded
btub_a0a0a7a136,btub_a0a0a7a136_afdb_v6,btub,btub,A0A0A7A136,,,raw_af2/AF-A0A0A7A136-F1-model_v6.pdb,,unknown,unknown,unknown,unknown,,,,false,,,AFDB,,train,bronze AFDB-only TBDT homolog from UniProt PF00593/PF07715 query; no experimental displacement label.,bronze_pseudo_or_self_supervised,bronze,0.1,UniProt,UniProt:PF00593_AND_PF07715,,629,,,,A0A0A7A136,6,afdb:downloaded
btub_a0a0b1r317,btub_a0a0b1r317_afdb_v6,btub,btub,A0A0B1R317,,,raw_af2/AF-A0A0B1R317-F1-model_v6.pdb,,unknown,unknown,unknown,unknown,,,,false,,,AFDB,,train,bronze AFDB-only TBDT homolog from UniProt PF00593/PF07715 query; no experimental displacement label.,bronze_pseudo_or_self_supervised,bronze,0.1,UniProt,UniProt:PF00593_AND_PF07715,,623,,,,A0A0B1R317,6,afdb:downloaded
btub_a0a0d8l8s2,btub_a0a0d8l8s2_afdb_v6,btub,btub,A0A0D8L8S2,,,raw_af2/AF-A0A0D8L8S2-F1-model_v6.pdb,,unknown,unknown,unknown,unknown,,,,false,,,AFDB,,train,bronze AFDB-only TBDT homolog from UniProt PF00593/PF07715 query; no experimental displacement label.,bronze_pseudo_or_self_supervised,bronze,0.1,UniProt,UniProt:PF00593_AND_PF07715,,629,,,,A0A0D8L8S2,6,afdb:downloaded
btub_a0a0f6tyi8,btub_a0a0f6tyi8_afdb_v6,btub,btub,A0A0F6TYI8,,,raw_af2/AF-A0A0F6TYI8-F1-model_v6.pdb,,unknown,unknown,unknown,unknown,,,,false,,,AFDB,,val,bronze AFDB-only TBDT homolog from UniProt PF00593/PF07715 query; no experimental displacement label.,bronze_pseudo_or_self_supervised,bronze,0.1,UniProt,UniProt:PF00593_AND_PF07715,,612,,,,A0A0F6TYI8,6,afdb:downloaded
btub_a0a0h3bqy2,btub_a0a0h3bqy2_afdb_v6,btub,btub,A0A0H3BQY2,,,raw_af2/AF-A0A0H3BQY2-F1-model_v6.pdb,,unknown,unknown,unknown,unknown,,,,false,,,AFDB,,val,bronze AFDB-only TBDT homolog from UniProt PF00593/PF07715 query; no experimental displacement label.,bronze_pseudo_or_self_supervised,bronze,0.1,UniProt,UniProt:PF00593_AND_PF07715,,614,,,,A0A0H3BQY2,6,afdb:downloaded
btub_a0a0h3mjj3,btub_a0a0h3mjj3_afdb_v6,btub,btub,A0A0H3MJJ3,,,raw_af2/AF-A0A0H3MJJ3-F1-model_v6.pdb,,unknown,unknown,unknown,unknown,,,,false,,,AFDB,,train,bronze AFDB-only TBDT homolog from UniProt PF00593/PF07715 query; no experimental displacement label.,bronze_pseudo_or_self_supervised,bronze,0.1,UniProt,UniProt:PF00593_AND_PF07715,,614,,,,A0A0H3MJJ3,6,afdb:downloaded
btub_a0a0h3nv46,btub_a0a0h3nv46_afdb_v6,btub,btub,A0A0H3NV46,,,raw_af2/AF-A0A0H3NV46-F1-model_v6.pdb,,unknown,unknown,unknown,unknown,,,,false,,,AFDB,,val,bronze AFDB-only TBDT homolog from UniProt PF00593/PF07715 query; no experimental displacement label.,bronze_pseudo_or_self_supervised,bronze,0.1,UniProt,UniProt:PF00593_AND_PF07715,,628,,,,A0A0H3NV46,6,afdb:downloaded
btub_a0a0h5lwd3,btub_a0a0h5lwd3_afdb_v6,btub,btub,A0A0H5LWD3,,,raw_af2/AF-A0A0H5LWD3-F1-model_v6.pdb,,unknown,unknown,unknown,unknown,,,,false,,,AFDB,,train,bronze AFDB-only TBDT homolog from UniProt PF00593/PF07715 query; no experimental displacement label.,bronze_pseudo_or_self_supervised,bronze,0.1,UniProt,UniProt:PF00593_AND_PF07715,,629,,,,A0A0H5LWD3,6,afdb:downloaded
btub_a0a0k0hh19,btub_a0a0k0hh19_afdb_v6,btub,btub,A0A0K0HH19,,,raw_af2/AF-A0A0K0HH19-F1-model_v6.pdb,,unknown,unknown,unknown,unknown,,,,false,,,AFDB,,train,bronze AFDB-only TBDT homolog from UniProt PF00593/PF07715 query; no experimental displacement label.,bronze_pseudo_or_self_supervised,bronze,0.1,UniProt,UniProt:PF00593_AND_PF07715,,614,,,,A0A0K0HH19,6,afdb:downloaded
btub_a0a0m2ew75,btub_a0a0m2ew75_afdb_v6,btub,btub,A0A0M2EW75,,,raw_af2/AF-A0A0M2EW75-F1-model_v6.pdb,,unknown,unknown,unknown,unknown,,,,false,,,AFDB,,train,bronze AFDB-only TBDT homolog from UniProt PF00593/PF07715 query; no experimental displacement label.,bronze_pseudo_or_self_supervised,bronze,0.1,UniProt,UniProt:PF00593_AND_PF07715,,634,,,,A0A0M2EW75,6,afdb:downloaded
btub_a0a0n0zca2,btub_a0a0n0zca2_afdb_v6,btub,btub,A0A0N0ZCA2,,,raw_af2/AF-A0A0N0ZCA2-F1-model_v6.pdb,,unknown,unknown,unknown,unknown,,,,false,,,AFDB,,train,bronze AFDB-only TBDT homolog from UniProt PF00593/PF07715 query; no experimental displacement label.,bronze_pseudo_or_self_supervised,bronze,0.1,UniProt,UniProt:PF00593_AND_PF07715,,624,,,,A0A0N0ZCA2,6,afdb:downloaded
btub_a0a0n1qya5,btub_a0a0n1qya5_afdb_v6,btub,btub,A0A0N1QYA5,,,raw_af2/AF-A0A0N1QYA5-F1-model_v6.pdb,,unknown,unknown,unknown,unknown,,,,false,,,AFDB,,train,bronze AFDB-only TBDT homolog from UniProt PF00593/PF07715 query; no experimental displacement label.,bronze_pseudo_or_self_supervised,bronze,0.1,UniProt,UniProt:PF00593_AND_PF07715,,614,,,,A0A0N1QYA5,6,afdb:downloaded
